username,full_name,profile_url,pk,is_private,source,category,name_score,expat_signal,professional_signal,asuncion_signal,outreach_score,outreach_tier
benitez_hugojavier,Hugo Javier Benítez,https://www.instagram.com/benitez_hugojavier,10002750840,,odontospy,human,95,2,0,0,100,A
mvictoria_ss,María Victoria Sánchez,https://www.instagram.com/mvictoria_ss,1005073498,,protectiondentalcenter,human,95,2,0,0,100,A
rosangela_oliverrodrigues,Rosangela Rodrigues Oliveira,https://www.instagram.com/rosangela_oliverrodrigues,1005445530,,protectiondentalcenter,human,95,0,2,0,100,A
dra_karlagaldioli,Karla Ursula Galdioli,https://www.instagram.com/dra_karlagaldioli,1025270271,,protectiondentalcenter,human,95,0,2,0,100,A
marisofia_salinas,Mariani Salinas Morán,https://www.instagram.com/marisofia_salinas,1033353668,,protectiondentalcenter,human,95,2,0,0,100,A
sulma_rmz,Sulma Isabel Ramírez,https://www.instagram.com/sulma_rmz,10942459343,,odontospy,human,95,2,0,0,100,A
lizamariel_mazo,Liza Mariel Mazó,https://www.instagram.com/lizamariel_mazo,1094305171,,odontologia3py,human,95,2,0,0,100,A
lau_amarilla,Laura Amarilla Arrúa,https://www.instagram.com/lau_amarilla,1108184976,,odontologia3py,human,95,2,0,0,100,A
jazzf_rios,Jazmín Ferreira Ríos,https://www.instagram.com/jazzf_rios,1110517800,,odontologia3py,human,95,2,0,0,100,A
erikamabel_baez,Erika Báez Fernández,https://www.instagram.com/erikamabel_baez,11139055020,,odontospy,human,95,2,0,0,100,A
mabel_emilce,Mabel Emilce Ortiz Velásquez,https://www.instagram.com/mabel_emilce,11467803094,,protectiondentalcenter,human,95,2,0,0,100,A
claud_velaz,Claudia Velazquez Argüello,https://www.instagram.com/claud_velaz,1149947828,,protectiondentalcenter,human,95,2,0,0,100,A
diana_cibils,Diana Gissel Cibils Cáceres,https://www.instagram.com/diana_cibils,12084462721,,protectiondentalcenter,human,95,2,0,0,100,A
sara_benitezm,Sara Benítez Mongelós,https://www.instagram.com/sara_benitezm,1226267427,,odontologia3py,human,95,2,0,0,100,A
iva_magali,Ivanna Magali González Vázquez,https://www.instagram.com/iva_magali,1251167303,,protectiondentalcenter,human,95,2,0,0,100,A
lizza_johana,Lizza Johana Quiñónez Narváez,https://www.instagram.com/lizza_johana,1270193868,,odontospy,human,95,2,0,0,100,A
marie_alvarengaf,Mariela Alvarenga Fleitas,https://www.instagram.com/marie_alvarengaf,1291030754,,protectiondentalcenter,human,95,1,0,0,100,A
mongelos_noelia,Noelia González Mongelos,https://www.instagram.com/mongelos_noelia,1294488308,,protectiondentalcenter,human,95,2,0,0,100,A
diana_pedrom,Diana Pedro Mosciaro,https://www.instagram.com/diana_pedrom,1336982915,,odontologia3py,human,95,1,2,0,100,A
solay_alarcon,Solay Alarcón Salas,https://www.instagram.com/solay_alarcon,1337013107,,protectiondentalcenter,human,95,2,0,0,100,A
flores_roci,Rocío García Flores,https://www.instagram.com/flores_roci,1340633373,,odontologia3py,human,95,2,0,0,100,A
alice_orue,Alice Belén Orué,https://www.instagram.com/alice_orue,1349086742,,odontologia3py,human,95,2,2,0,100,A
josemarti_bogadoduarte,José Marti Bogado Duarte,https://www.instagram.com/josemarti_bogadoduarte,1364388576,,odontospy,human,95,2,0,0,100,A
williams_ledezma,Willian Ledezma Martínez,https://www.instagram.com/williams_ledezma,1370183653,,protectiondentalcenter,human,95,2,0,0,100,A
alice_menb,Alice Mencia Baez,https://www.instagram.com/alice_menb,1372501225,,odontologia3py,human,95,0,2,0,100,A
claudi_colman,Claudia Elizabeth Colmán Paredes,https://www.instagram.com/claudi_colman,1377723715,,protectiondentalcenter,human,95,2,0,0,100,A
monica_samiraylen,Castillo Burgos Monica,https://www.instagram.com/monica_samiraylen,1384152277,,protectiondentalcenter,human,95,1,0,0,100,A
andrei_arguello,Andrea Belén Argüello,https://www.instagram.com/andrei_arguello,1385648608,,protectiondentalcenter,human,95,2,2,0,100,A
gonzalez_rossanaa,Rossana González Cabrera,https://www.instagram.com/gonzalez_rossanaa,1401562786,,odontospy,human,95,2,0,0,100,A
aura_maral,Aura Martínez Alegre,https://www.instagram.com/aura_maral,1405768266,,odontospy,human,95,2,0,0,100,A
daninicole_aguero,Danissa Agüero Bizama,https://www.instagram.com/daninicole_aguero,1417950873,,protectiondentalcenter,human,95,2,0,0,100,A
gris_rodriguezor,Griselda Noemi Rodriguez Ortiz,https://www.instagram.com/gris_rodriguezor,1418746160,,protectiondentalcenter,human,95,0,2,0,100,A
jackie_lchz,Jacqueline López Chávez,https://www.instagram.com/jackie_lchz,14225780367,,protectiondentalcenter,human,95,2,0,0,100,A
mariel_tallarico,Mariel Tallarico González,https://www.instagram.com/mariel_tallarico,1423470079,,protectiondentalcenter,human,95,2,0,0,100,A
yocelyn_pj,Yocelyn Pérez Jiménez,https://www.instagram.com/yocelyn_pj,1434308453,,protectiondentalcenter,human,95,2,0,0,100,A
maria_raviolo,Maria Acosta Raviolo,https://www.instagram.com/maria_raviolo,1439248786,,protectiondentalcenter,human,95,1,0,0,100,A
yamile_mereles,Karen Yamile Mereles Giménez,https://www.instagram.com/yamile_mereles,1444011768,,protectiondentalcenter,human,95,2,0,0,100,A
anne_godoy,Mara Anne Godoy,https://www.instagram.com/anne_godoy,1444057909,,protectiondentalcenter,human,95,1,0,0,100,A
nilross_mirbri,Nilda Rossana Miranda Brítez,https://www.instagram.com/nilross_mirbri,1453116433,,odontologia3py,human,95,2,0,0,100,A
asu_ramirez,María Asu Ramírez,https://www.instagram.com/asu_ramirez,1454369439,,protectiondentalcenter,human,95,2,0,2,100,A
ma_gabrielaortiz,María Gabriela Ortiz,https://www.instagram.com/ma_gabrielaortiz,146330238,,protectiondentalcenter,human,95,2,0,0,100,A
lari_gonzalezt,Larissa González Torres,https://www.instagram.com/lari_gonzalezt,1463414528,,protectiondentalcenter,human,95,2,0,0,100,A
mont_bribe,Montse Britez Benítez,https://www.instagram.com/mont_bribe,1465472162,,odontologia3py,human,95,2,0,0,100,A
laura_ortellado,Laura Victoria Ortellado Ferreira,https://www.instagram.com/laura_ortellado,1466115637,,protectiondentalcenter,human,95,1,0,0,100,A
eva_castane,Eva Castañé Cañaveras,https://www.instagram.com/eva_castane,1472967329,,protectiondentalcenter,human,95,2,0,0,100,A
ingrid_huber,Ingrid Huber Ferreira,https://www.instagram.com/ingrid_huber,1482182267,,odontospy,human,95,0,2,0,100,A
clara_damasio,Clara Nogueira Damásio,https://www.instagram.com/clara_damasio,1483323874,,protectiondentalcenter,human,95,2,0,0,100,A
adrian_alvarengask,Ronald Adrian Alvarenga,https://www.instagram.com/adrian_alvarengask,1485978443,,protectiondentalcenter,human,95,0,2,0,100,A
dra_agos,Agostina Ibañez Soto,https://www.instagram.com/dra_agos,1488742085,,odontospy,human,95,0,2,0,100,A
fatima_gissel,Fátima Gissel Benítez,https://www.instagram.com/fatima_gissel,1493682747,,protectiondentalcenter,human,95,2,0,0,100,A
alexa_judith,Alexa Judith González Cuenca,https://www.instagram.com/alexa_judith,1502101977,,odontologia3py,human,95,2,0,0,100,A
norma_soluna,Garita Gutiérrez González,https://www.instagram.com/norma_soluna,1511565306,,protectiondentalcenter,human,95,2,0,0,100,A
juana_gonzalezduarte,Juana González Duarte,https://www.instagram.com/juana_gonzalezduarte,1521882909,,odontospy,human,95,2,0,0,100,A
rocio_prietodoldan,Rocío Prieto Doldán,https://www.instagram.com/rocio_prietodoldan,1522315993,,protectiondentalcenter,human,95,2,0,0,100,A
sandrita_schneider,Sandra Sibylle Schneider,https://www.instagram.com/sandrita_schneider,1543650237,,odontologia3py,human,95,0,2,0,100,A
noelia_sandra,Sandra Noelia Ferreira Ledesma,https://www.instagram.com/noelia_sandra,1544248939,,protectiondentalcenter,human,95,0,2,0,100,A
maria_camiiloo,Maria Camilo Mary,https://www.instagram.com/maria_camiiloo,15506778559,,protectiondentalcenter,human,95,1,0,0,100,A
camila_magaliv,Camila Magalí Villalba,https://www.instagram.com/camila_magaliv,1578354192,,protectiondentalcenter,human,95,2,0,0,100,A
sony_rojas,Sonia Rojas Rodríguez,https://www.instagram.com/sony_rojas,1578414477,,protectiondentalcenter,human,95,2,0,0,100,A
mary_monag,Angie Montiel Aguero,https://www.instagram.com/mary_monag,1584187526,,protectiondentalcenter,human,95,1,0,0,100,A
drantonella_ricciardi,Antonella Ricciardi Flecha,https://www.instagram.com/drantonella_ricciardi,1607674555,,protectiondentalcenter,human,95,0,2,0,100,A
ana_claudiacostante,Ana Claudia Costante Kloster,https://www.instagram.com/ana_claudiacostante,1613479141,,protectiondentalcenter,human,95,1,0,0,100,A
sari_saracho,Sari Saracho Pérez,https://www.instagram.com/sari_saracho,1613748317,,odontologia3py,human,95,2,0,0,100,A
alicia_alvareza,Alicia Alvarez Alvarenga,https://www.instagram.com/alicia_alvareza,1621506016,,odontospy,human,95,0,2,0,100,A
maga_gini,Maga Benítez Gini,https://www.instagram.com/maga_gini,16328373309,,protectiondentalcenter,human,95,2,0,0,100,A
nelita_mendeza,Marianela Méndez De Rojas,https://www.instagram.com/nelita_mendeza,1645062521,,protectiondentalcenter,human,95,2,0,0,100,A
cynthia_cccs,Cynthia Campos Cervera Sánchez,https://www.instagram.com/cynthia_cccs,1653039264,,protectiondentalcenter,human,95,2,0,0,100,A
victoria_ruizdiaz,Victoria Ruiz Díaz Quintana,https://www.instagram.com/victoria_ruizdiaz,1655619623,,protectiondentalcenter,human,95,2,0,0,100,A
dra_lilianruiz,Lilian Ruiz Fleitas,https://www.instagram.com/dra_lilianruiz,1694593637,,protectiondentalcenter,human,95,0,2,0,100,A
lourdess_velazquez,Lourdes Velázquez Aguilar,https://www.instagram.com/lourdess_velazquez,1733344826,,odontologia3py,human,95,2,0,0,100,A
liza_rojasc,Liza Rojas Céspedes,https://www.instagram.com/liza_rojasc,17412036227,,protectiondentalcenter,human,95,2,0,0,100,A
susi_alvarenga,Susana Alvarenga Agüero,https://www.instagram.com/susi_alvarenga,1759858377,,protectiondentalcenter,human,95,2,0,0,100,A
dra_gabrielahorvath,Dra Gabriela Horvath,https://www.instagram.com/dra_gabrielahorvath,176485732,,protectiondentalcenter,human,95,0,2,0,100,A
marga_dura,Marga Durá Quiles,https://www.instagram.com/marga_dura,1806645394,,protectiondentalcenter,human,95,2,0,0,100,A
sol_roodrigues,Solange Maria Rodrigues,https://www.instagram.com/sol_roodrigues,1829135402,,protectiondentalcenter,human,95,0,2,0,100,A
silla_fixpy,Silla Fix Paraguay,https://www.instagram.com/silla_fixpy,18411557561,,odontologia3py,human,95,0,0,2,100,A
anna_emmy,Anna Emmy Ohmine,https://www.instagram.com/anna_emmy,186124816,,protectiondentalcenter,human,95,1,0,0,100,A
rodri_frachi,Rodrigo Frachi Alvariza,https://www.instagram.com/rodri_frachi,18889451168,,protectiondentalcenter,human,95,0,2,0,100,A
lisa_triana,Lisa Triana Colmán Mieres,https://www.instagram.com/lisa_triana,191091551,,odontologia3py,human,95,2,0,0,100,A
dr_trifunovic,Dr Branislav Trifunovic,https://www.instagram.com/dr_trifunovic,19125527490,,protectiondentalcenter,human,95,0,2,0,100,A
mom_servin,Monserrat Servín Battilana,https://www.instagram.com/mom_servin,1918659715,,protectiondentalcenter,human,95,2,0,0,100,A
helen_martingorena,Maria Elena Martingorena,https://www.instagram.com/helen_martingorena,1938563306,,protectiondentalcenter,human,95,0,2,0,100,A
betha_arellano,Bethania Magalí Arellano,https://www.instagram.com/betha_arellano,1982477794,,odontologia3py,human,95,2,0,0,100,A
sandra_leguli,Sandra Leguli Trevizam,https://www.instagram.com/sandra_leguli,20074247126,,protectiondentalcenter,human,95,0,2,0,100,A
belen_garciabritto,Belén García Brittos,https://www.instagram.com/belen_garciabritto,2009267033,,odontospy,human,95,2,0,0,100,A
marie_distefanodenis,Mariela Distefano Denis,https://www.instagram.com/marie_distefanodenis,2017017744,,protectiondentalcenter,human,95,1,0,0,100,A
katy_py,Katy Leguizamón Ughelli,https://www.instagram.com/katy_py,204148986,,odontologia3py,human,95,2,0,0,100,A
grover_hugo,Grover Hugo Tórrez Vargas,https://www.instagram.com/grover_hugo,2064944961,,protectiondentalcenter,human,95,2,0,0,100,A
alarcon_adrii,Adriana Guadalupe Alarcón,https://www.instagram.com/alarcon_adrii,2071038395,,protectiondentalcenter,human,95,2,2,0,100,A
alejandra_cuchita,Alejandra Andrea Opazo Salazar,https://www.instagram.com/alejandra_cuchita,2072964895,,protectiondentalcenter,human,95,0,2,0,100,A
andy_jjeong,Jeong Min Lee,https://www.instagram.com/andy_jjeong,2073817614,,protectiondentalcenter,human,95,1,0,0,100,A
jeha_schindlingv,Jehannette Schindling Villamayor,https://www.instagram.com/jeha_schindlingv,2106935523,,protectiondentalcenter,human,95,0,2,0,100,A
liza_adorno,Dra Liza Adorno,https://www.instagram.com/liza_adorno,2111001297,,protectiondentalcenter,human,95,0,2,0,100,A
gaby_rodrigueztullo,Gaby Rodriguez Tullo,https://www.instagram.com/gaby_rodrigueztullo,2115313559,,odontologia3py,human,95,0,2,0,100,A
fabilopez_py,Fabiola López Velazquez,https://www.instagram.com/fabilopez_py,21211781123,,protectiondentalcenter,human,95,2,0,0,100,A
servian_cindy,Cindy Guissel Servián,https://www.instagram.com/servian_cindy,21241453199,,protectiondentalcenter,human,95,2,0,0,100,A
patty_person,Paty Fernández Person,https://www.instagram.com/patty_person,212645808,,odontologia3py,human,95,2,0,0,100,A
elena_galeano,Elena Galeano Locutora,https://www.instagram.com/elena_galeano,2132939309,,protectiondentalcenter,human,95,1,0,0,100,A
vicuna_alicia,Alicia Vicuña Muñoz,https://www.instagram.com/vicuna_alicia,21481600236,,protectiondentalcenter,human,95,0,2,0,100,A
bego_hernandezchica,Begoña Hernández Chica,https://www.instagram.com/bego_hernandezchica,214896899,,protectiondentalcenter,human,95,2,0,0,100,A
andre_aparicioc,Andrea Aparicio Cataldi,https://www.instagram.com/andre_aparicioc,216900523,,protectiondentalcenter,human,95,0,2,0,100,A
saska_saskia,Sasenka Saskia Demeterová,https://www.instagram.com/saska_saskia,2200436528,,protectiondentalcenter,human,95,2,0,0,100,A
vivifer_ins,Viviana Fernández Insfran,https://www.instagram.com/vivifer_ins,2205487992,,protectiondentalcenter,human,95,2,0,0,100,A
baez_tania,Thania María Báez,https://www.instagram.com/baez_tania,2215604143,,odontologia3py,human,95,2,0,0,100,A
grisel_gonzalez,Grisel González Rebechini,https://www.instagram.com/grisel_gonzalez,221839600,,protectiondentalcenter,human,95,2,0,0,100,A
pao_rd,Paola Restrepo Díaz,https://www.instagram.com/pao_rd,222178208,,protectiondentalcenter,human,95,2,0,0,100,A
ysidro_burgos,Ysidro Odc Burgos,https://www.instagram.com/ysidro_burgos,2223652554,,odontospy,human,95,0,2,0,100,A
andres_dominguezpy,Andrés Domínguez Mena,https://www.instagram.com/andres_dominguezpy,2241563588,,odontologia3py,human,95,2,2,0,100,A
kimberly_gonver,Kimberly Violeta González Verdún,https://www.instagram.com/kimberly_gonver,2262150684,,protectiondentalcenter,human,95,2,0,0,100,A
pagliaronico_pa,Nicolás Paredes Pagliaro,https://www.instagram.com/pagliaronico_pa,2267683643,,odontospy,human,95,2,0,0,100,A
euge_encina,María Eugenia Encina,https://www.instagram.com/euge_encina,228220666,,protectiondentalcenter,human,95,2,0,0,100,A
jessica_corvalan,Jessica Griselda Corvalán Varela,https://www.instagram.com/jessica_corvalan,2303410175,,odontologia3py,human,95,2,0,0,100,A
casandra_kirlanova,Alisya Shlomo Samuel,https://www.instagram.com/casandra_kirlanova,2305493248,,protectiondentalcenter,human,95,0,2,0,100,A
nuria_marse,Núria Marsé Castillo,https://www.instagram.com/nuria_marse,2306867112,,protectiondentalcenter,human,95,2,0,0,100,A
nira_padron,Nira Padron Peluquera Canina,https://www.instagram.com/nira_padron,2312277714,,protectiondentalcenter,human,95,0,2,2,100,A
ro_glezgui,Rosalía Glez Guillén,https://www.instagram.com/ro_glezgui,233436826,,protectiondentalcenter,human,95,2,0,0,100,A
liz_kunz,Liz Noelia González Kunz,https://www.instagram.com/liz_kunz,2461888792,,protectiondentalcenter,human,95,2,0,0,100,A
karikari_rios,Karina Ríos Torales,https://www.instagram.com/karikari_rios,252517340,,protectiondentalcenter,human,95,2,0,0,100,A
andy_nw,Andy Nuñez Wiebe,https://www.instagram.com/andy_nw,254431588,,odontologia3py,human,95,1,0,0,100,A
andri_gustemann,Andrieli Amorim Gustemann,https://www.instagram.com/andri_gustemann,2553874910,,protectiondentalcenter,human,95,0,2,0,100,A
belen_gimenezr,María Belén Giménez Reyes,https://www.instagram.com/belen_gimenezr,258426281,,protectiondentalcenter,human,95,2,0,0,100,A
kari_are,Kari Arévalo Gallar,https://www.instagram.com/kari_are,263098489,,odontospy,human,95,2,0,0,100,A
only_memespy,Only Memes Paraguay,https://www.instagram.com/only_memespy,270095539,,odontologia3py,human,95,0,0,2,100,A
ana_lizvillanuevagomez,Ana Liz Villanueva Gomez,https://www.instagram.com/ana_lizvillanuevagomez,2714165586,,odontospy,human,95,1,0,0,100,A
sici_quevedo,Sici Quevedo León,https://www.instagram.com/sici_quevedo,282197976,,protectiondentalcenter,human,95,2,0,0,100,A
mariavictoria_valenzuelaf,María Victoria Valenzuela Flores,https://www.instagram.com/mariavictoria_valenzuelaf,290412470,,odontospy,human,95,2,0,0,100,A
chin_tol,Cynthia Toledo Ruiz Díaz,https://www.instagram.com/chin_tol,290562774,,odontologia3py,human,95,2,0,0,100,A
galeano_doldan,Osvaldo Galeano Doldán,https://www.instagram.com/galeano_doldan,294140583,,odontologia3py,human,95,2,0,0,100,A
mendieta_maria,María Mendieta Arrúa,https://www.instagram.com/mendieta_maria,294459355,,odontologia3py,human,95,2,0,0,100,A
luischacon_saxofonista,Luis Chacón Saxofonista,https://www.instagram.com/luischacon_saxofonista,29885535,,protectiondentalcenter,human,95,2,0,0,100,A
pao_gaveiro,Paola Rodríguez Aveiro,https://www.instagram.com/pao_gaveiro,300200145,,protectiondentalcenter,human,95,2,0,0,100,A
sofia_yudyth,Sofía Gutierrez Molinas,https://www.instagram.com/sofia_yudyth,3018537856,,protectiondentalcenter,human,95,2,0,0,100,A
dahia_echeverria,Dahiana Echeverria Alén,https://www.instagram.com/dahia_echeverria,3026363119,,odontospy,human,95,2,0,0,100,A
moyano_adri,Adriana Mabel Moyano,https://www.instagram.com/moyano_adri,30298239343,,protectiondentalcenter,human,95,0,2,0,100,A
genis_sil,Genis Gonzalez Meléndez,https://www.instagram.com/genis_sil,304509905,,odontologia3py,human,95,2,0,0,100,A
tati_bogarin,Tati Bogarín Rolón,https://www.instagram.com/tati_bogarin,311020525,,odontologia3py,human,95,2,0,0,100,A
marce_mallor,Marcela Alejandra Mallorquín,https://www.instagram.com/marce_mallor,3110308498,,protectiondentalcenter,human,95,2,0,0,100,A
gabi_mendezg,Gabriel Isaac Méndez Garay,https://www.instagram.com/gabi_mendezg,31140297986,,odontologia3py,human,95,2,0,0,100,A
silvia_rodrrigues,Silvia Noemi Rodriguez,https://www.instagram.com/silvia_rodrrigues,3116455805,,protectiondentalcenter,human,95,0,2,0,100,A
estilo_foreverliving,Estilo Forever Living,https://www.instagram.com/estilo_foreverliving,31722621215,,protectiondentalcenter,human,95,0,2,0,100,A
su_gimenezsosa,Susana Giménez Sosa,https://www.instagram.com/su_gimenezsosa,323056010,,protectiondentalcenter,human,95,2,0,0,100,A
felicita_elizabeth,Felicita Elizabeth Gomez Nardelli,https://www.instagram.com/felicita_elizabeth,3253984785,,protectiondentalcenter,human,95,0,2,0,100,A
liciani_cristina,Liciani Cristina Schmitt,https://www.instagram.com/liciani_cristina,3268418952,,protectiondentalcenter,human,95,0,2,0,100,A
taly_elideth,Taly Elideth Gómez García,https://www.instagram.com/taly_elideth,32728675380,,protectiondentalcenter,human,95,2,0,0,100,A
arguello_juliocesar,Julio César Arguello,https://www.instagram.com/arguello_juliocesar,3289453656,,protectiondentalcenter,human,95,2,0,0,100,A
heladeriaypasteleria_santiago,Heladería Pastelería Santiago,https://www.instagram.com/heladeriaypasteleria_santiago,33036845147,,protectiondentalcenter,human,95,2,0,0,100,A
lucip_ena,Casilda Rivarola Fernández,https://www.instagram.com/lucip_ena,33137966522,,odontospy,human,95,2,0,0,100,A
mmica_gonza,Micaela González Areco,https://www.instagram.com/mmica_gonza,3323656263,,protectiondentalcenter,human,95,2,0,0,100,A
nutri_cinthial,Cinthia López Zacarias,https://www.instagram.com/nutri_cinthial,337033621,,protectiondentalcenter,human,95,2,0,0,100,A
jorge_ferreiraf,Jorge Ferreira Figueredo,https://www.instagram.com/jorge_ferreiraf,343027072,,odontologia3py,human,95,1,0,0,100,A
derlis_calderon,Derlis Fabián González Calderón,https://www.instagram.com/derlis_calderon,34570084844,,protectiondentalcenter,human,95,2,0,0,100,A
juanan_martinez,Juan Andrés Martinez,https://www.instagram.com/juanan_martinez,346085706,,protectiondentalcenter,human,95,2,0,0,100,A
lenir_klettenberg,Lenir Cássia Klettenberg,https://www.instagram.com/lenir_klettenberg,34697116648,,protectiondentalcenter,human,95,2,0,0,100,A
celica_rondelli,Celica Beatriz Rondelli,https://www.instagram.com/celica_rondelli,3484425747,,protectiondentalcenter,human,95,0,2,0,100,A
luji_iriarte,Luján Iriarte Cálcena,https://www.instagram.com/luji_iriarte,348679409,,protectiondentalcenter,human,95,2,0,0,100,A
lic_lisacelle,Lisa Celle Peralta,https://www.instagram.com/lic_lisacelle,349638835,,protectiondentalcenter,human,95,0,2,0,100,A
carli_godoynicolicchia,Carli Godoy Nicolicchia,https://www.instagram.com/carli_godoynicolicchia,3501109930,,protectiondentalcenter,human,95,0,2,0,100,A
maria_mendezblasser,Maria Angelica Mendez,https://www.instagram.com/maria_mendezblasser,356008970,,odontologia3py,human,95,1,0,0,100,A
maria_efith,Maria Edith Maluenda Osorio,https://www.instagram.com/maria_efith,3569530831,,protectiondentalcenter,human,95,1,0,0,100,A
fati_galeano,Fátima Lourdes Galeano,https://www.instagram.com/fati_galeano,36401724472,,protectiondentalcenter,human,95,2,0,0,100,A
gloribie_alvarez,Gloribie Arelis Alvarez Capellán,https://www.instagram.com/gloribie_alvarez,3644849391,,protectiondentalcenter,human,95,2,0,0,100,A
mir_penayo,Mir Penayo Pérez,https://www.instagram.com/mir_penayo,3664728489,,protectiondentalcenter,human,95,2,0,0,100,A
avelina_baez,Avelina Báez Gómez,https://www.instagram.com/avelina_baez,3714133518,,odontologia3py,human,95,2,0,0,100,A
lucina_oviedoo,María Lucina Oviedo Franco,https://www.instagram.com/lucina_oviedoo,373711862,,protectiondentalcenter,human,95,2,0,0,100,A
diana_vruiz,Diana Vanessa Ruiz Silva,https://www.instagram.com/diana_vruiz,374845427,,protectiondentalcenter,human,95,1,0,0,100,A
vicu_vic,María Victoria Decarlos,https://www.instagram.com/vicu_vic,3770758559,,protectiondentalcenter,human,95,2,0,0,100,A
maria_elenamelo,Maria Elena Melo Ortiz,https://www.instagram.com/maria_elenamelo,37883728560,,protectiondentalcenter,human,95,1,0,0,100,A
adriana_matiauda,Adriana Elisabeth Vigo,https://www.instagram.com/adriana_matiauda,3806370287,,protectiondentalcenter,human,95,0,2,0,100,A
mariza_sos,Edna Mariza Sosa García,https://www.instagram.com/mariza_sos,38221136707,,protectiondentalcenter,human,95,2,0,0,100,A
aliciaduarte_skyone,Alicia Duarte Skyone,https://www.instagram.com/aliciaduarte_skyone,38350333639,,protectiondentalcenter,human,95,0,2,0,100,A
annie_sanhz,Ana María Sánchez,https://www.instagram.com/annie_sanhz,38443295899,,odontospy,human,95,2,0,0,100,A
janeth_osorio,Janeth Osorio López,https://www.instagram.com/janeth_osorio,388909322,,protectiondentalcenter,human,95,2,0,0,100,A
sandra_paholski,Sandra Clenir Pereira,https://www.instagram.com/sandra_paholski,39300050403,,protectiondentalcenter,human,95,0,2,0,100,A
fetni_hela,Héla Fetni Jouni,https://www.instagram.com/fetni_hela,3957426705,,protectiondentalcenter,human,95,2,0,0,100,A
ana_laurachamorro,Ana Laura Chamorro,https://www.instagram.com/ana_laurachamorro,399949994,,protectiondentalcenter,human,95,1,0,0,100,A
miguel_arcer,Miguel Arce Rolón,https://www.instagram.com/miguel_arcer,3999584022,,protectiondentalcenter,human,95,2,0,0,100,A
ali_pauli,Ali Vázquez Sanabria,https://www.instagram.com/ali_pauli,402230781,,odontologia3py,human,95,2,0,0,100,A
angeles_vargas,Ángeles Martínez Vargas,https://www.instagram.com/angeles_vargas,403180245,,odontospy,human,95,2,0,0,100,A
grace_lopezmoreira,Grace Molas López Moreira,https://www.instagram.com/grace_lopezmoreira,403577538,,protectiondentalcenter,human,95,2,0,0,100,A
mechi_cruz,María Mercedes Cruz,https://www.instagram.com/mechi_cruz,404180000,,protectiondentalcenter,human,95,2,0,0,100,A
titaemma_roldan,Rosa Roldán Chávez,https://www.instagram.com/titaemma_roldan,40703039160,,protectiondentalcenter,human,95,2,0,0,100,A
carmen_bettina,Carmencita Leguizamón Piñanez,https://www.instagram.com/carmen_bettina,4121421474,,protectiondentalcenter,human,95,2,0,0,100,A
centurion_miche,Michelle Centurión Lencina,https://www.instagram.com/centurion_miche,4121427945,,protectiondentalcenter,human,95,2,0,0,100,A
carito_gimenez,Diana Carolina Giménez,https://www.instagram.com/carito_gimenez,412487670,,odontologia3py,human,95,2,0,0,100,A
martinez_isabel,María Isabel Martinez,https://www.instagram.com/martinez_isabel,414907538,,odontologia3py,human,95,2,0,0,100,A
maga_dure,Magali Duré Acuña,https://www.instagram.com/maga_dure,415160205,,odontologia3py,human,95,2,0,0,100,A
dra_lauracaceres,Laura Cáceres Almeida,https://www.instagram.com/dra_lauracaceres,415975842,,odontospy,human,95,2,2,0,100,A
mechi_gomez,Mechi Gómez Machuca,https://www.instagram.com/mechi_gomez,416059735,,odontologia3py,human,95,2,0,0,100,A
anni_angy,Angélica Domínguez Ortega,https://www.instagram.com/anni_angy,417439082,,protectiondentalcenter,human,95,2,0,0,100,A
luana_lujan,Maria Luján Torales Gonzalez,https://www.instagram.com/luana_lujan,417533654,,odontospy,human,95,2,0,0,100,A
romina_adrianap,Romy Palau Tiozzo,https://www.instagram.com/romina_adrianap,4182768298,,protectiondentalcenter,human,95,0,2,0,100,A
fati_lopezlabella,Fátima López La Bella,https://www.instagram.com/fati_lopezlabella,418907811,,protectiondentalcenter,human,95,2,0,0,100,A
maria_rioscabrera,Maria Ines Rios Cabrera,https://www.instagram.com/maria_rioscabrera,4200306871,,odontospy,human,95,1,0,0,100,A
adri_mrdc,Adri Ruiz Diaz,https://www.instagram.com/adri_mrdc,421046299,,protectiondentalcenter,human,95,0,2,0,100,A
liz_paolo,Liz Paola Gómez Villalba,https://www.instagram.com/liz_paolo,4231518308,,odontospy,human,95,2,0,0,100,A
marisa_jzs,María Luisa Velasco Gutiérrez,https://www.instagram.com/marisa_jzs,4250031721,,protectiondentalcenter,human,95,2,0,0,100,A
danilo_paez,Danilo Páez Echeverria,https://www.instagram.com/danilo_paez,425193821,,odontospy,human,95,2,0,0,100,A
laura_candiaa,Maria Laura Candia,https://www.instagram.com/laura_candiaa,42833775701,,protectiondentalcenter,human,95,1,0,0,100,A
veronicav_py,Verónica Viveros Viedma,https://www.instagram.com/veronicav_py,4323569391,,odontologia3py,human,95,2,0,0,100,A
lala_genes,Lala Genes Salomón,https://www.instagram.com/lala_genes,432525963,,protectiondentalcenter,human,95,2,0,0,100,A
cabanas_alicia,Blanca Cabaña Cubilla,https://www.instagram.com/cabanas_alicia,4373461623,,odontospy,human,95,0,2,0,100,A
correa_jl,José Luis Correa,https://www.instagram.com/correa_jl,4373544146,,protectiondentalcenter,human,95,2,0,0,100,A
viviana_doria,Viviana Doria Almirón,https://www.instagram.com/viviana_doria,444810998,,odontologia3py,human,95,2,0,0,100,A
pam_brosstheng,Pamela León Brostheng,https://www.instagram.com/pam_brosstheng,4470982157,,protectiondentalcenter,human,95,2,0,0,100,A
rodriguezbazan_natty,Natty Rodriguez Bazan,https://www.instagram.com/rodriguezbazan_natty,44757507871,,protectiondentalcenter,human,95,0,2,0,100,A
philipp_gonzalezk,Philipp González Kohler,https://www.instagram.com/philipp_gonzalezk,4479322802,,protectiondentalcenter,human,95,2,0,0,100,A
laurabc_escurra,Laura Beatriz Cáceres Escurra,https://www.instagram.com/laurabc_escurra,44905402982,,protectiondentalcenter,human,95,2,0,0,100,A
adriana_cobobedoya,Luz Adriana Cobo,https://www.instagram.com/adriana_cobobedoya,45045937168,,protectiondentalcenter,human,95,0,2,0,100,A
draesther_britosferreira,Esther Britos Ferreira,https://www.instagram.com/draesther_britosferreira,46217633102,,protectiondentalcenter,human,95,0,2,0,100,A
bonny_elianebonifacio,Eliane Bonifácio Bonny,https://www.instagram.com/bonny_elianebonifacio,4629095421,,protectiondentalcenter,human,95,2,0,0,100,A
lau_gomezmaza,Laura Gómez Mazacotte,https://www.instagram.com/lau_gomezmaza,465968545,,protectiondentalcenter,human,95,2,0,0,100,A
sandra_ozaeta,Sandra Soledad Ozaeta,https://www.instagram.com/sandra_ozaeta,4667090522,,protectiondentalcenter,human,95,0,2,0,100,A
ruth_estig,Ruth Estigarribia González,https://www.instagram.com/ruth_estig,4675163837,,protectiondentalcenter,human,95,2,0,0,100,A
alicia_fortuny,Alicia Maria Fortuny,https://www.instagram.com/alicia_fortuny,4679150870,,protectiondentalcenter,human,95,0,2,0,100,A
carito_cabre,Ana Carolina Cabrera Rodríguez,https://www.instagram.com/carito_cabre,4716021700,,odontologia3py,human,95,2,0,0,100,A
fathy_villamayor,Fathy Villamayor Giménez,https://www.instagram.com/fathy_villamayor,475528937,,protectiondentalcenter,human,95,2,0,0,100,A
silvita_ramirez,Silvana Ramírez Bogado,https://www.instagram.com/silvita_ramirez,475610937,,protectiondentalcenter,human,95,2,0,0,100,A
silvia_osorio,Silvia Giménez Osorio,https://www.instagram.com/silvia_osorio,478280975,,protectiondentalcenter,human,95,2,0,0,100,A
ana_amarillanogues,Ana Amarilla Nogues,https://www.instagram.com/ana_amarillanogues,485293896,,protectiondentalcenter,human,95,1,0,0,100,A
rodrigo_verasolis,Rodrigo Ezequiel Vera,https://www.instagram.com/rodrigo_verasolis,48557901001,,protectiondentalcenter,human,95,0,2,0,100,A
adry_mongelos,Adry Mongelós Isnardi,https://www.instagram.com/adry_mongelos,492439057,,protectiondentalcenter,human,95,2,2,0,100,A
dr_felixbaez,Felix Antonio Baez,https://www.instagram.com/dr_felixbaez,493578000,,odontologia3py,human,95,0,2,0,100,A
kei_domingallagher,Karen Dominguez Gallagher,https://www.instagram.com/kei_domingallagher,494925460,,odontologia3py,human,95,0,2,0,100,A
nicolas_napan,Nicolas Napan Zamudio,https://www.instagram.com/nicolas_napan,49752681501,,protectiondentalcenter,human,95,1,0,0,100,A
eva_zunildagonzalez,Eva Zunilda González,https://www.instagram.com/eva_zunildagonzalez,49872962519,,protectiondentalcenter,human,95,2,0,0,100,A
sofia_galeano,Modesta Galeano Gonzalez,https://www.instagram.com/sofia_galeano,500342835,,odontospy,human,95,1,0,0,100,A
almafretes_imacropy,Alma María Fretes,https://www.instagram.com/almafretes_imacropy,51210953242,,protectiondentalcenter,human,95,2,0,0,100,A
jmanuel_riveros,Jesús Manuel Riveros,https://www.instagram.com/jmanuel_riveros,531352380,,protectiondentalcenter,human,95,2,0,0,100,A
isadoraotanho_es,Ísadóra Otaño Berroeta,https://www.instagram.com/isadoraotanho_es,53417622436,,odontospy,human,95,2,0,0,100,A
marya_garzya,María García García,https://www.instagram.com/marya_garzya,54011720248,,protectiondentalcenter,human,95,2,0,0,100,A
maria_gloriavictoria,Maria Gloria Espinosa,https://www.instagram.com/maria_gloriavictoria,54105400544,,protectiondentalcenter,human,95,1,0,0,100,A
dra_nolasco,Ana Minerca Nolasco,https://www.instagram.com/dra_nolasco,54492013062,,protectiondentalcenter,human,95,0,2,0,100,A
rosa_gonzamiranda,Rosa Gonza Miranda,https://www.instagram.com/rosa_gonzamiranda,54586859185,,protectiondentalcenter,human,95,1,0,0,100,A
carmina_paez,Carmina Ortiz Páez,https://www.instagram.com/carmina_paez,5487542031,,odontospy,human,95,2,0,0,100,A
ka_ibanez,Karen Maria Ibáñez Caceres,https://www.instagram.com/ka_ibanez,549099329,,odontologia3py,human,95,2,0,0,100,A
carlos_andresgv,Carlos Gonzalez Villalba,https://www.instagram.com/carlos_andresgv,552318096,,protectiondentalcenter,human,95,1,2,0,100,A
mariat_dasilva,María Teresa Da Silva,https://www.instagram.com/mariat_dasilva,55631153492,,protectiondentalcenter,human,95,2,0,0,100,A
soffy_ag,Sofía Aguayo Martínez,https://www.instagram.com/soffy_ag,557132253,,protectiondentalcenter,human,95,2,0,0,100,A
caroly_dominguez,Dora Carolina Dominguez,https://www.instagram.com/caroly_dominguez,5573162819,,protectiondentalcenter,human,95,0,2,0,100,A
yessik_gm,Yessica Leticia González Moreira,https://www.instagram.com/yessik_gm,561174145,,protectiondentalcenter,human,95,2,0,0,100,A
edith_veronica,Edith Verónica Nunes Velloso,https://www.instagram.com/edith_veronica,568569126,,protectiondentalcenter,human,95,2,0,0,100,A
ms_calvo,María Silvia Calvo,https://www.instagram.com/ms_calvo,570176156,,protectiondentalcenter,human,95,2,0,0,100,A
areli_colmenares,Areli Colmenares Gómez,https://www.instagram.com/areli_colmenares,5741317354,,protectiondentalcenter,human,95,2,0,0,100,A
alek_guti,Selvya Alejandra Gutiérrez,https://www.instagram.com/alek_guti,57488345485,,protectiondentalcenter,human,95,2,0,0,100,A
lorenalopez_py,Lorena López Silva,https://www.instagram.com/lorenalopez_py,581339159,,protectiondentalcenter,human,95,2,0,0,100,A
ortellado_ariel,Ariel Ortellado Pérez,https://www.instagram.com/ortellado_ariel,585280441,,odontologia3py,human,95,2,0,0,100,A
pedrito_figueroa,Pedro Figueroa Martinez,https://www.instagram.com/pedrito_figueroa,591722496,,protectiondentalcenter,human,95,0,2,0,100,A
nenarojas_bien,Rosa Elena Rojas Cortés,https://www.instagram.com/nenarojas_bien,59810180454,,protectiondentalcenter,human,95,2,0,0,100,A
fonsecafracchia_jose,José Fonseca Fracchia,https://www.instagram.com/fonsecafracchia_jose,59970657316,,odontologia3py,human,95,2,0,0,100,A
cyn_ozug,Cynthia Ozuna Guarié,https://www.instagram.com/cyn_ozug,600732312,,odontologia3py,human,95,2,0,0,100,A
rocio_arau,Rocío Araujo Maernitz,https://www.instagram.com/rocio_arau,604108263,,odontospy,human,95,2,0,0,100,A
daniella_oyarzun,Daniella Oyarzún Matic,https://www.instagram.com/daniella_oyarzun,6045029097,,protectiondentalcenter,human,95,2,0,0,100,A
mae_pedrozo,Marise Fretes Pedrozo,https://www.instagram.com/mae_pedrozo,607303391,,protectiondentalcenter,human,95,0,2,0,100,A
monika_gonza,Monica González Britos,https://www.instagram.com/monika_gonza,612091161,,odontologia3py,human,95,2,0,0,100,A
luz_pedrozob,Luz Maria Pedrozo Boveda,https://www.instagram.com/luz_pedrozob,6125613849,,protectiondentalcenter,human,95,0,2,0,100,A
achi_acosta,Adriana Acosta Insfrán,https://www.instagram.com/achi_acosta,613303332,,odontologia3py,human,95,2,0,0,100,A
bencomo_josr,José Gregorio Bencomo Quintana,https://www.instagram.com/bencomo_josr,6235240421,,protectiondentalcenter,human,95,2,0,0,100,A
sandri_galeano,Sandra Alcaraz Galeano,https://www.instagram.com/sandri_galeano,623801896,,odontologia3py,human,95,0,2,0,100,A
diego_plett,Diego Manuel Plett Ramirez,https://www.instagram.com/diego_plett,6249916530,,protectiondentalcenter,human,95,1,0,0,100,A
jorgenunez_jn,Jorge Luis Núñez Flores,https://www.instagram.com/jorgenunez_jn,62831615026,,odontologia3py,human,95,2,0,0,100,A
glo_caseres,Gloria Isabel Cáceres,https://www.instagram.com/glo_caseres,6284302906,,protectiondentalcenter,human,95,2,0,0,100,A
jorge_wawi,Jorge Daniel Zarate Fretes,https://www.instagram.com/jorge_wawi,631042595,,protectiondentalcenter,human,95,1,0,0,100,A
ruizdiaz_nathi,Nathi Ruíz Diaz,https://www.instagram.com/ruizdiaz_nathi,639501204,,odontospy,human,95,2,0,0,100,A
rodriguez_inmagomez,Inma Gómez Rodríguez,https://www.instagram.com/rodriguez_inmagomez,64621301596,,protectiondentalcenter,human,95,2,2,0,100,A
drarocio_torales,Dra Rocio Torales,https://www.instagram.com/drarocio_torales,646645363,,protectiondentalcenter,human,95,0,2,0,100,A
anniitta_rodriguez,Ana Maria Rodriguez,https://www.instagram.com/anniitta_rodriguez,6712071823,,odontologia3py,human,95,0,2,0,100,A
blanqui_ok,Blanca Ruiz Diaz Cáceres,https://www.instagram.com/blanqui_ok,692182334,,protectiondentalcenter,human,95,2,0,0,100,A
alicia_azam,Alicia Irala Azambuja,https://www.instagram.com/alicia_azam,71538784432,,odontospy,human,95,0,2,0,100,A
tima_liz,Fátima Liz Añazco,https://www.instagram.com/tima_liz,7189035268,,protectiondentalcenter,human,95,2,0,0,100,A
claudia_fronda,Claudia Elizabeth Gutiérrez Lozano,https://www.instagram.com/claudia_fronda,7222232860,,protectiondentalcenter,human,95,2,0,0,100,A
jramirez_megacadena,Lic Javier Ramirez,https://www.instagram.com/jramirez_megacadena,72342721541,,odontospy,human,95,0,2,0,100,A
maricarmen_ig,Mary Gonzalez Cáceres,https://www.instagram.com/maricarmen_ig,748545402,,protectiondentalcenter,human,95,2,0,0,100,A
cynthia_vcerdan,Cynthia Beatriz Vega Cerdan,https://www.instagram.com/cynthia_vcerdan,758827129,,protectiondentalcenter,human,95,1,0,0,100,A
albaa_ediith,Alba Edith León Maciel,https://www.instagram.com/albaa_ediith,7666405804,,odontologia3py,human,95,2,0,0,100,A
fatty_ortiz,Fátima Ortiz Núñez,https://www.instagram.com/fatty_ortiz,772205383,,protectiondentalcenter,human,95,2,0,0,100,A
patty_ariyu,Patty Ariyú Cabrera,https://www.instagram.com/patty_ariyu,7784032680,,odontospy,human,95,2,0,0,100,A
janett_falfor,Janett Falcón Fornerón,https://www.instagram.com/janett_falfor,7811083070,,protectiondentalcenter,human,95,2,0,0,100,A
rodriguez_cristaldodeo,Rodriguez Cristaldo Deo,https://www.instagram.com/rodriguez_cristaldodeo,7938237702,,protectiondentalcenter,human,95,0,2,0,100,A
hermelinda_maciel,Hermelinda López Maciel,https://www.instagram.com/hermelinda_maciel,80118357162,,protectiondentalcenter,human,95,2,0,0,100,A
lethy_gayoso,Leticia González Gayoso,https://www.instagram.com/lethy_gayoso,817618291,,odontospy,human,95,2,0,0,100,A
viicky_ojeda,María Victoria Ojeda,https://www.instagram.com/viicky_ojeda,8276584714,,protectiondentalcenter,human,95,2,0,0,100,A
ritamariela_lopez,Rita Mariela López,https://www.instagram.com/ritamariela_lopez,8311858323,,protectiondentalcenter,human,95,2,0,0,100,A
ana_lopezluz,Ana Paula Volpe Lopez,https://www.instagram.com/ana_lopezluz,8459744573,,protectiondentalcenter,human,95,1,0,0,100,A
extenciones_esdras,Esdras Esther Carreras,https://www.instagram.com/extenciones_esdras,8465876235,,protectiondentalcenter,human,95,0,2,0,100,A
rococo_trini,Marlene Benítez Trinidad,https://www.instagram.com/rococo_trini,8537767025,,protectiondentalcenter,human,95,2,0,0,100,A
lube_bogado,Luz Belén Bogado,https://www.instagram.com/lube_bogado,856736826,,odontospy,human,95,2,0,0,100,A
ali_cesm,Alicia Cespedes Martínez,https://www.instagram.com/ali_cesm,860514099,,protectiondentalcenter,human,95,2,0,0,100,A
andy_noelia,Andrea Ferreira Fischer,https://www.instagram.com/andy_noelia,865708180,,protectiondentalcenter,human,95,1,0,0,100,A
patty_aristides,Patty González Arístides,https://www.instagram.com/patty_aristides,873037658,,protectiondentalcenter,human,95,2,0,0,100,A
majo_defelice,Maria Jose De Felice,https://www.instagram.com/majo_defelice,877787453,,protectiondentalcenter,human,95,0,2,0,100,A
yubibel_sa,Yubibel Sánchez Sánchez,https://www.instagram.com/yubibel_sa,9006598022,,protectiondentalcenter,human,95,2,0,0,100,A
mv_camilunsx,Camila Domínguez Armoa,https://www.instagram.com/mv_camilunsx,9134372738,,protectiondentalcenter,human,95,2,0,0,100,A
adri_monica,Monica Adriana Bellido,https://www.instagram.com/adri_monica,9147250813,,protectiondentalcenter,human,95,0,2,0,100,A
tania_licette,Tania Licette Pedrozo Samudio,https://www.instagram.com/tania_licette,926999911,,odontospy,human,95,0,2,0,100,A
ml_cabanas,María Liz Cabañas,https://www.instagram.com/ml_cabanas,968559148,,odontologia3py,human,95,2,0,0,100,A
dr_gustavoantonioruiz,Gustavo Ruiz Hernández,https://www.instagram.com/dr_gustavoantonioruiz,9732501405,,protectiondentalcenter,human,95,2,2,0,100,A
sofi_gover,Sofi González Vergara,https://www.instagram.com/sofi_gover,988149349,,protectiondentalcenter,human,95,2,0,0,100,A
andy_agcl,Andrea Centurion,https://www.instagram.com/andy_agcl,1002043324,,odontologia3py,human,85,1,0,0,100,A
kevin_laneri,Kevin Laneri,https://www.instagram.com/kevin_laneri,10032488634,,protectiondentalcenter,human,85,1,0,0,100,A
natty_centu,Natty Centurión,https://www.instagram.com/natty_centu,1016220035,,protectiondentalcenter,human,85,2,0,0,100,A
soledad_caceress,Soledad Cáceres,https://www.instagram.com/soledad_caceress,1016835041,,protectiondentalcenter,human,85,2,0,0,100,A
robert_cantero,Robert Cantero,https://www.instagram.com/robert_cantero,1017337635,,protectiondentalcenter,human,85,1,0,0,100,A
mary_cacer,Marisel Caceres,https://www.instagram.com/mary_cacer,1028570849,,protectiondentalcenter,human,85,1,0,0,100,A
adrianna_franco,Adriana Franco,https://www.instagram.com/adrianna_franco,1030896799,,odontologia3py,human,85,0,2,0,100,A
simly_tony,Lucy González,https://www.instagram.com/simly_tony,10320782399,,protectiondentalcenter,human,85,2,0,0,100,A
lissandri_centurion,Lissandri Centurión,https://www.instagram.com/lissandri_centurion,1034443786,,odontologia3py,human,85,2,2,0,100,A
jhoel_dure,Jhoel Duré,https://www.instagram.com/jhoel_dure,1042155568,,odontospy,human,85,2,0,0,100,A
guillermo_saggia,Jose Saggia,https://www.instagram.com/guillermo_saggia,1055229755,,odontospy,human,85,1,0,0,100,A
chely_leguizamon,Celia Leguizamón,https://www.instagram.com/chely_leguizamon,1056063184,,protectiondentalcenter,human,85,2,0,0,100,A
adridiaz_portillo,Adriana Diaz,https://www.instagram.com/adridiaz_portillo,1060995601,,odontologia3py,human,85,0,2,0,100,A
alejandra_gomezzzzzz,Alejandra Gomez,https://www.instagram.com/alejandra_gomezzzzzz,10702955673,,protectiondentalcenter,human,85,0,2,0,100,A
ada_raqueel,Raquel Pérez,https://www.instagram.com/ada_raqueel,10706272904,,odontologia3py,human,85,2,0,0,100,A
aliciam_rodriguez,Alicia Rodriguez,https://www.instagram.com/aliciam_rodriguez,1081667815,,protectiondentalcenter,human,85,0,2,0,100,A
maria_gbay,Maria Garibay,https://www.instagram.com/maria_gbay,1081766641,,protectiondentalcenter,human,85,1,0,0,100,A
andru_brun,Andru Brun,https://www.instagram.com/andru_brun,1087755684,,protectiondentalcenter,human,85,0,2,0,100,A
lic_mirtaroman,Mirta Roman,https://www.instagram.com/lic_mirtaroman,1088516326,,protectiondentalcenter,human,85,0,2,0,100,A
prii_dominguess,Priscila Domingues,https://www.instagram.com/prii_dominguess,1107076225,,protectiondentalcenter,human,85,0,2,0,100,A
salerno_sandra,Noemi Salerno,https://www.instagram.com/salerno_sandra,1113153479,,protectiondentalcenter,human,85,0,2,0,100,A
carito_py,Carito Sánchez,https://www.instagram.com/carito_py,1122762840,,protectiondentalcenter,human,85,2,0,0,100,A
ronald_lopezg,Ronald López,https://www.instagram.com/ronald_lopezg,1124806379,,protectiondentalcenter,human,85,2,0,0,100,A
sandra_port,Sandra Portillo,https://www.instagram.com/sandra_port,1124989481,,odontospy,human,85,0,2,0,100,A
haydee_galeano,Haydée Galeano,https://www.instagram.com/haydee_galeano,11315489745,,protectiondentalcenter,human,85,2,0,0,100,A
richard_otazu,Richard Otazú,https://www.instagram.com/richard_otazu,1135077253,,odontologia3py,human,85,2,0,0,100,A
maga_garcia,Araceli García,https://www.instagram.com/maga_garcia,1140297484,,odontospy,human,85,2,0,0,100,A
alessandra_fiouris,Alessandra Fiouris,https://www.instagram.com/alessandra_fiouris,11403017729,,protectiondentalcenter,human,85,0,2,0,100,A
dra_nataliagonzalez,Natalia González,https://www.instagram.com/dra_nataliagonzalez,1140419421,,protectiondentalcenter,human,85,2,2,0,100,A
alejandra_guerrerok,Alejandra Guerrero,https://www.instagram.com/alejandra_guerrerok,1159194784,,protectiondentalcenter,human,85,0,2,0,100,A
matias_vn,Matias Velázquez,https://www.instagram.com/matias_vn,1167723213,,odontologia3py,human,85,2,0,0,100,A
ara_gimenezt,Araceli Giménez,https://www.instagram.com/ara_gimenezt,1174136068,,protectiondentalcenter,human,85,2,0,0,100,A
ana_jorlis,Cláudia Guedes,https://www.instagram.com/ana_jorlis,1182331516,,protectiondentalcenter,human,85,2,0,0,100,A
marilou_irala,Marilú Irala,https://www.instagram.com/marilou_irala,1213286102,,protectiondentalcenter,human,85,2,0,0,100,A
marielaconcepcion_moran,Mariela Morán,https://www.instagram.com/marielaconcepcion_moran,1232664322,,protectiondentalcenter,human,85,2,0,0,100,A
sanie_lucia,Sanie Lucía,https://www.instagram.com/sanie_lucia,1257683116,,protectiondentalcenter,human,85,2,0,0,100,A
yose_meza,José Meza,https://www.instagram.com/yose_meza,1260256682,,odontospy,human,85,2,0,0,100,A
jaz_godoy,Jazmín Godoy,https://www.instagram.com/jaz_godoy,1261985548,,protectiondentalcenter,human,85,2,0,0,100,A
eduardo_morontag,Eduardo Moronta,https://www.instagram.com/eduardo_morontag,1265467550,,protectiondentalcenter,human,85,1,0,0,100,A
yoyo_rodriguezarellano,Héctor Rodríguez,https://www.instagram.com/yoyo_rodriguezarellano,1265532422,,odontospy,human,85,2,2,0,100,A
sonia_yeruta,Sonia Yerutá,https://www.instagram.com/sonia_yeruta,1265533518,,protectiondentalcenter,human,85,2,0,0,100,A
sandra_karolyne,Saddy Carolyne,https://www.instagram.com/sandra_karolyne,1265578694,,protectiondentalcenter,human,85,0,2,0,100,A
fatima_renaut,Fátima Renaut,https://www.instagram.com/fatima_renaut,1267721858,,odontospy,human,85,2,0,0,100,A
pao_lormr,Paola Morínigo,https://www.instagram.com/pao_lormr,1268264825,,protectiondentalcenter,human,85,2,0,0,100,A
lis_carreon,Lis Carreón,https://www.instagram.com/lis_carreon,1270568165,,protectiondentalcenter,human,85,2,0,0,100,A
hernan_aq,Hernán Aquino,https://www.instagram.com/hernan_aq,1272246564,,odontologia3py,human,85,2,0,0,100,A
meza_moni,Mónica Meza,https://www.instagram.com/meza_moni,1276470543,,odontologia3py,human,85,2,0,0,100,A
adriana_rivaas,Adriana Rivas,https://www.instagram.com/adriana_rivaas,1281936510,,odontologia3py,human,85,0,2,0,100,A
luis_diazpy,Luis Díaz,https://www.instagram.com/luis_diazpy,1287435928,,odontologia3py,human,85,2,0,0,100,A
pedro_mendozaa,Pedro Mendoza,https://www.instagram.com/pedro_mendozaa,1289460230,,odontospy,human,85,0,2,0,100,A
olga_tome,Olga Tomé,https://www.instagram.com/olga_tome,1295285444,,protectiondentalcenter,human,85,2,0,0,100,A
lelem_santacruz,Belén Santacruz,https://www.instagram.com/lelem_santacruz,1320820364,,protectiondentalcenter,human,85,2,0,0,100,A
susan_vivancf,Susan Vivanco,https://www.instagram.com/susan_vivancf,13252940980,,protectiondentalcenter,human,85,1,0,0,100,A
maria_viverosj,Maria Viveros,https://www.instagram.com/maria_viverosj,1334390799,,protectiondentalcenter,human,85,1,0,0,100,A
ruth_aricaye,Ruth Aricayé,https://www.instagram.com/ruth_aricaye,1334859843,,odontologia3py,human,85,2,0,0,100,A
ireneleonf_py,Irene León,https://www.instagram.com/ireneleonf_py,1337678575,,protectiondentalcenter,human,85,2,0,0,100,A
ara_quinonezz,Arami Quiñónez,https://www.instagram.com/ara_quinonezz,1339385064,,protectiondentalcenter,human,85,2,0,0,100,A
selena_paraguaya,Gabiota Gonam,https://www.instagram.com/selena_paraguaya,1341883723,,protectiondentalcenter,human,85,0,0,2,100,A
leandra_araceli,Ara Nuñez,https://www.instagram.com/leandra_araceli,1344322641,,protectiondentalcenter,human,85,0,2,0,100,A
ingrid_murcia,Johana Arias,https://www.instagram.com/ingrid_murcia,1352984836,,protectiondentalcenter,human,85,0,2,0,100,A
lujan_puschkarevich,Luján Puschkarevich,https://www.instagram.com/lujan_puschkarevich,1354792221,,protectiondentalcenter,human,85,2,0,0,100,A
katta_cordova,Kata Córdova,https://www.instagram.com/katta_cordova,1357902208,,protectiondentalcenter,human,85,2,0,0,100,A
di_lopezcol,Diana López,https://www.instagram.com/di_lopezcol,1363166786,,protectiondentalcenter,human,85,2,0,0,100,A
rodrigo_coronil,Rodrigo Coronil,https://www.instagram.com/rodrigo_coronil,1363622363,,protectiondentalcenter,human,85,0,2,0,100,A
sena_andrea,Andrea Sena,https://www.instagram.com/sena_andrea,1364152304,,odontologia3py,human,85,0,2,0,100,A
patty_ares,Patty Argüello,https://www.instagram.com/patty_ares,1364273739,,protectiondentalcenter,human,85,2,0,0,100,A
tuta_gomez,Susana Gómez,https://www.instagram.com/tuta_gomez,1368452945,,odontologia3py,human,85,2,0,0,100,A
pauli_ccres,Pabla Cáceres,https://www.instagram.com/pauli_ccres,1368642567,,protectiondentalcenter,human,85,2,0,0,100,A
nor_martinezz,Norma Martínez,https://www.instagram.com/nor_martinezz,1378831306,,protectiondentalcenter,human,85,2,0,0,100,A
adry_cand,Adriana Candia,https://www.instagram.com/adry_cand,13792170632,,protectiondentalcenter,human,85,0,2,0,100,A
andreamartinez_rey,Andrea Martinez,https://www.instagram.com/andreamartinez_rey,1382712438,,protectiondentalcenter,human,85,0,2,0,100,A
pepin_ozuna,Fabián Santander,https://www.instagram.com/pepin_ozuna,1385222371,,protectiondentalcenter,human,85,2,0,0,100,A
daniel_hector,Hector Alderete,https://www.instagram.com/daniel_hector,1387840586,,protectiondentalcenter,human,85,1,0,0,100,A
lizma_dominguez,Liz Dominguez,https://www.instagram.com/lizma_dominguez,1389948297,,protectiondentalcenter,human,85,0,2,0,100,A
ingrid_deaf,Ingrid Velozo,https://www.instagram.com/ingrid_deaf,13982788739,,odontospy,human,85,0,2,0,100,A
nicole_gonzalezlml,Nicole González,https://www.instagram.com/nicole_gonzalezlml,1408426959,,protectiondentalcenter,human,85,2,0,0,100,A
ernest_pedraza,Ernesto Pedraza,https://www.instagram.com/ernest_pedraza,1414716597,,odontospy,human,85,0,2,0,100,A
mari_oceana,Mari Océana,https://www.instagram.com/mari_oceana,1419882946,,protectiondentalcenter,human,85,2,0,0,100,A
sergio_torrinho,Sérgio Torres,https://www.instagram.com/sergio_torrinho,1423037301,,protectiondentalcenter,human,85,2,0,0,100,A
carmen_nuneez,Carmen Nuñez,https://www.instagram.com/carmen_nuneez,1424675426,,protectiondentalcenter,human,85,1,0,0,100,A
vera_mbl,María Vera,https://www.instagram.com/vera_mbl,1429664153,,protectiondentalcenter,human,85,2,0,0,100,A
ami_galvan,Amalia Galván,https://www.instagram.com/ami_galvan,1430989449,,protectiondentalcenter,human,85,2,0,0,100,A
liliiana_baez,Liliana Báez,https://www.instagram.com/liliiana_baez,1433911883,,protectiondentalcenter,human,85,2,0,0,100,A
steven_rodriguezpy,Steven Rodriguez,https://www.instagram.com/steven_rodriguezpy,1435293331,,protectiondentalcenter,human,85,1,2,0,100,A
daniel_caballeroo,Daniel Caballero,https://www.instagram.com/daniel_caballeroo,1435323422,,odontologia3py,human,85,1,0,0,100,A
marymar_caceres,Marymar Cáceres,https://www.instagram.com/marymar_caceres,1439350316,,protectiondentalcenter,human,85,2,0,0,100,A
diana_morel,Diana Morel,https://www.instagram.com/diana_morel,1439805080,,protectiondentalcenter,human,85,1,0,0,100,A
dria_vital,Áldria Vital,https://www.instagram.com/dria_vital,1441667318,,protectiondentalcenter,human,85,0,2,0,100,A
andre_spies,André Spies,https://www.instagram.com/andre_spies,1443028431,,protectiondentalcenter,human,85,2,2,0,100,A
alicia_estigarribia,Alicia Estigarribia,https://www.instagram.com/alicia_estigarribia,1444038646,,protectiondentalcenter,human,85,0,2,0,100,A
rocilopez_du,Rocio López,https://www.instagram.com/rocilopez_du,1444826627,,odontospy,human,85,2,0,0,100,A
lina_drojas,Lina Rojas,https://www.instagram.com/lina_drojas,1446029490,,protectiondentalcenter,human,85,0,2,0,100,A
natiana_gomez,Natiana Gómez,https://www.instagram.com/natiana_gomez,1448556731,,protectiondentalcenter,human,85,2,0,0,100,A
florentin_rocio,Rocío Florentín,https://www.instagram.com/florentin_rocio,1448644632,,odontospy,human,85,2,0,0,100,A
freddy_rodrig,Freddy Rodriguez,https://www.instagram.com/freddy_rodrig,1448666021,,odontologia3py,human,85,0,2,0,100,A
cynthia_toniolo,Cynthia Toniolo,https://www.instagram.com/cynthia_toniolo,1448865914,,protectiondentalcenter,human,85,1,0,0,100,A
sandra_ribeirooficial,Sandra Ribeiro,https://www.instagram.com/sandra_ribeirooficial,1449973050,,protectiondentalcenter,human,85,0,2,0,100,A
susan_beta,Susana Beta,https://www.instagram.com/susan_beta,1450122961,,protectiondentalcenter,human,85,1,0,0,100,A
alicia_menndoza,Alicia Mendoza,https://www.instagram.com/alicia_menndoza,1454178836,,protectiondentalcenter,human,85,0,2,0,100,A
ale_cazo,Ale Cazó,https://www.instagram.com/ale_cazo,14549518039,,odontologia3py,human,85,2,0,0,100,A
jessica_origoya,Jessica Origoya,https://www.instagram.com/jessica_origoya,1456752351,,odontologia3py,human,85,1,0,0,100,A
sandra_ledesmapy,Sandra Ledesma,https://www.instagram.com/sandra_ledesmapy,1457320704,,protectiondentalcenter,human,85,0,2,0,100,A
alan_fabriziob,Alan Báez,https://www.instagram.com/alan_fabriziob,1458163215,,odontospy,human,85,2,0,0,100,A
vere_mart,Beli Martínez,https://www.instagram.com/vere_mart,1463181336,,protectiondentalcenter,human,85,2,0,0,100,A
vero_cubilla,Verónica Cubilla,https://www.instagram.com/vero_cubilla,1464444277,,odontospy,human,85,2,0,0,100,A
iana_lopez,Iana López,https://www.instagram.com/iana_lopez,1465416986,,protectiondentalcenter,human,85,2,0,0,100,A
lic_aniflores,Ani Florenciañez,https://www.instagram.com/lic_aniflores,1466100469,,protectiondentalcenter,human,85,0,2,0,100,A
noelia_nicolee,Noelia González,https://www.instagram.com/noelia_nicolee,1467288317,,protectiondentalcenter,human,85,2,0,0,100,A
aracelisperez_galan,Aracelis Pérez,https://www.instagram.com/aracelisperez_galan,1469720743,,protectiondentalcenter,human,85,2,0,0,100,A
felicita_gomez,Felicita Gómez,https://www.instagram.com/felicita_gomez,1470955090,,odontospy,human,85,2,2,0,100,A
natalia_sebriano,Natty González,https://www.instagram.com/natalia_sebriano,1473016452,,protectiondentalcenter,human,85,2,0,0,100,A
gissette_nunhez,Gissette Núñez,https://www.instagram.com/gissette_nunhez,1483775427,,protectiondentalcenter,human,85,2,0,0,100,A
glo_drakeford,Glo Drakeford,https://www.instagram.com/glo_drakeford,1487446411,,protectiondentalcenter,human,85,0,2,0,100,A
rebee_dominguez,Rebee Domínguez,https://www.instagram.com/rebee_dominguez,1489002171,,protectiondentalcenter,human,85,2,2,0,100,A
mo_zeballos,Mónica Zeballos,https://www.instagram.com/mo_zeballos,1490064498,,protectiondentalcenter,human,85,2,0,0,100,A
danie_gonzz,Daniela González,https://www.instagram.com/danie_gonzz,1491807261,,protectiondentalcenter,human,85,2,0,0,100,A
marcos_presentado,Marcos Gabriel,https://www.instagram.com/marcos_presentado,1501135427,,odontospy,human,85,1,0,0,100,A
victorr_guillen,Victor Guillén,https://www.instagram.com/victorr_guillen,1501418747,,odontospy,human,85,2,0,0,100,A
carlyn_mcmxii,Carlyn Cáceres,https://www.instagram.com/carlyn_mcmxii,1501920748,,odontologia3py,human,85,2,0,0,100,A
aldeide_arias,Ramírez Arias,https://www.instagram.com/aldeide_arias,1503015244,,protectiondentalcenter,human,85,2,0,0,100,A
ruiz_adrianab,Adriana Ruiz,https://www.instagram.com/ruiz_adrianab,1507992235,,protectiondentalcenter,human,85,0,2,0,100,A
ana_masen,Ana Masen,https://www.instagram.com/ana_masen,1508420573,,protectiondentalcenter,human,85,1,0,0,100,A
styles_hcoco,Alejandra Sánchez,https://www.instagram.com/styles_hcoco,1508453399,,protectiondentalcenter,human,85,2,0,0,100,A
mirna_fernandezb,Mirna Fernández,https://www.instagram.com/mirna_fernandezb,1512358335,,protectiondentalcenter,human,85,2,0,0,100,A
maestro_chen,Justo Martínez,https://www.instagram.com/maestro_chen,1527540853,,protectiondentalcenter,human,85,2,0,0,100,A
mb_cme,Moni Colmán,https://www.instagram.com/mb_cme,1528634479,,odontologia3py,human,85,2,0,0,100,A
anahi_itacurubi,Anahí Acuña,https://www.instagram.com/anahi_itacurubi,1532761464,,protectiondentalcenter,human,85,2,0,0,100,A
katherine_arruaa,Katherine Arrúa,https://www.instagram.com/katherine_arruaa,1534441434,,protectiondentalcenter,human,85,2,0,0,100,A
yenny_gomezb,Yenny Gómez,https://www.instagram.com/yenny_gomezb,1535098051,,protectiondentalcenter,human,85,2,0,0,100,A
adri_oliva,Adriana Oliva,https://www.instagram.com/adri_oliva,1535276223,,protectiondentalcenter,human,85,0,2,0,100,A
ana_ortegarojas,Ana Ortega,https://www.instagram.com/ana_ortegarojas,1537894447,,odontologia3py,human,85,1,0,0,100,A
carmen_guitian,Carmen Camacaro,https://www.instagram.com/carmen_guitian,1538236661,,protectiondentalcenter,human,85,1,0,0,100,A
andrea_pinales,Andrea Pinales,https://www.instagram.com/andrea_pinales,1540513863,,protectiondentalcenter,human,85,0,2,0,100,A
diana_cambra,Diana Cambra,https://www.instagram.com/diana_cambra,1543274668,,protectiondentalcenter,human,85,1,0,0,100,A
marialiliana_rodriguez,Liliana Rodríguez,https://www.instagram.com/marialiliana_rodriguez,1551179992,,protectiondentalcenter,human,85,2,2,0,100,A
wen_bolanos,Wendy Hernández,https://www.instagram.com/wen_bolanos,1554175652,,protectiondentalcenter,human,85,2,0,0,100,A
letty_vell,Letty Velázquez,https://www.instagram.com/letty_vell,1555544596,,protectiondentalcenter,human,85,2,0,0,100,A
ezequiel_garcialonso,Pedro García,https://www.instagram.com/ezequiel_garcialonso,1556335652,,odontologia3py,human,85,2,0,0,100,A
adrianaelizabeth_nv,Adriana Nuñez,https://www.instagram.com/adrianaelizabeth_nv,1558620245,,protectiondentalcenter,human,85,0,2,0,100,A
javier_velazquezw,William Velázquez,https://www.instagram.com/javier_velazquezw,1561380769,,odontospy,human,85,2,0,0,100,A
jessica_silgueropy,Jessy Silguero,https://www.instagram.com/jessica_silgueropy,1561961106,,odontospy,human,85,1,0,0,100,A
veronica_pv,Veronica Pallares,https://www.instagram.com/veronica_pv,1567725644,,odontospy,human,85,1,0,0,100,A
veronica_candia,Veronica Candia,https://www.instagram.com/veronica_candia,1572435948,,odontologia3py,human,85,1,0,0,100,A
kari_mramirez,Karina Ramírez,https://www.instagram.com/kari_mramirez,1572602264,,protectiondentalcenter,human,85,2,0,0,100,A
arevalos_lujan,Luján Arevalos,https://www.instagram.com/arevalos_lujan,1572852171,,odontologia3py,human,85,2,0,0,100,A
luz_florenc,Luz Zárate,https://www.instagram.com/luz_florenc,1573136593,,protectiondentalcenter,human,85,2,0,0,100,A
pame_espi,Pamela Espínola,https://www.instagram.com/pame_espi,1575381307,,odontospy,human,85,2,0,0,100,A
zilda_rodrig,Zilda Rodrigues,https://www.instagram.com/zilda_rodrig,1575658357,,protectiondentalcenter,human,85,0,2,0,100,A
maricel_cs,Elda Centurión,https://www.instagram.com/maricel_cs,1583631821,,protectiondentalcenter,human,85,2,0,0,100,A
bea_rodriguezz,Beatriz Rodriguez,https://www.instagram.com/bea_rodriguezz,1586380931,,odontospy,human,85,0,2,0,100,A
alexandras_land,Alexandra Borbolla,https://www.instagram.com/alexandras_land,1588071117,,protectiondentalcenter,human,85,0,2,0,100,A
elias_pinoj,Elías Ojeda,https://www.instagram.com/elias_pinoj,1590886566,,odontospy,human,85,2,0,0,100,A
ramirezz_sara,Sara Ramírez,https://www.instagram.com/ramirezz_sara,1591733522,,odontospy,human,85,2,0,0,100,A
bryan_cantero,Bryan Cantero,https://www.instagram.com/bryan_cantero,1592280188,,odontospy,human,85,1,0,0,100,A
velazquez_wil,Wilfrido Velázquez,https://www.instagram.com/velazquez_wil,1593262447,,odontologia3py,human,85,2,0,0,100,A
ingrid_neuman,Ingrid Neuman,https://www.instagram.com/ingrid_neuman,1598707880,,protectiondentalcenter,human,85,0,2,0,100,A
nathi_cronopia,Nathalia Giménez,https://www.instagram.com/nathi_cronopia,1605536692,,odontologia3py,human,85,2,0,0,100,A
sheila_almendra,Sheila Almendra,https://www.instagram.com/sheila_almendra,1612876145,,odontospy,human,85,0,2,0,100,A
lichi_segovia,Liz Segovia,https://www.instagram.com/lichi_segovia,1615931151,,odontologia3py,human,85,0,2,0,100,A
daniel_nhamandu,Daniel Ñamandú,https://www.instagram.com/daniel_nhamandu,1627661242,,odontospy,human,85,2,0,0,100,A
karirolon_kiki,Kari Rolón,https://www.instagram.com/karirolon_kiki,1628877933,,protectiondentalcenter,human,85,2,0,0,100,A
sandra_frasqueri,Sandra Frasqueri,https://www.instagram.com/sandra_frasqueri,1637451409,,odontospy,human,85,0,2,0,100,A
jazzmin_cardozo,Jazmín Cardozo,https://www.instagram.com/jazzmin_cardozo,1638733782,,protectiondentalcenter,human,85,2,0,0,100,A
diana_cace,Diana Caceres,https://www.instagram.com/diana_cace,1641355306,,odontospy,human,85,1,0,0,100,A
luzma_lopeeez,Luz López,https://www.instagram.com/luzma_lopeeez,1643663760,,protectiondentalcenter,human,85,2,0,0,100,A
jonas_ngok,Jonás Nicolás,https://www.instagram.com/jonas_ngok,16465108044,,protectiondentalcenter,human,85,2,0,0,100,A
victoria_herreros,Victoriaa Herrero,https://www.instagram.com/victoria_herreros,16498477089,,protectiondentalcenter,human,85,1,0,0,100,A
ramon_amarilla,Ramón Amarilla,https://www.instagram.com/ramon_amarilla,1651169330,,protectiondentalcenter,human,85,2,0,0,100,A
ana_korrowski,Ana Korrowski,https://www.instagram.com/ana_korrowski,16514122944,,protectiondentalcenter,human,85,1,0,0,100,A
elena_moreel,Elena Morel,https://www.instagram.com/elena_moreel,1652344898,,protectiondentalcenter,human,85,1,0,0,100,A
laura_rejala,Laura Rejala,https://www.instagram.com/laura_rejala,1652852312,,odontologia3py,human,85,1,0,0,100,A
otazu_selvi,Selva Otazú,https://www.instagram.com/otazu_selvi,1653531008,,odontologia3py,human,85,2,0,0,100,A
crodriguez_bbraun,Cynthia Rodriguez,https://www.instagram.com/crodriguez_bbraun,1653935513,,protectiondentalcenter,human,85,0,2,0,100,A
rodri_zar,Rodrigo Zarate,https://www.instagram.com/rodri_zar,1657407743,,protectiondentalcenter,human,85,0,2,0,100,A
veroo_vazquez,Verónica Vázquez,https://www.instagram.com/veroo_vazquez,1657635199,,protectiondentalcenter,human,85,2,0,0,100,A
veronica_aldama,Veronica Aldama,https://www.instagram.com/veronica_aldama,1658772909,,odontospy,human,85,1,0,0,100,A
adriana_notario,Adriana Notariio,https://www.instagram.com/adriana_notario,1669229122,,odontospy,human,85,0,2,0,100,A
crissty_vasquez,Crissty Vásquez,https://www.instagram.com/crissty_vasquez,1683039755,,protectiondentalcenter,human,85,2,0,0,100,A
cynthia_elizabethagui,Elizabeth Aguilar,https://www.instagram.com/cynthia_elizabethagui,16874547221,,protectiondentalcenter,human,85,1,0,0,100,A
eli_garcera,Eliana Garcerá,https://www.instagram.com/eli_garcera,1693224686,,odontologia3py,human,85,2,0,0,100,A
rosa_meilin,Meilin Chang,https://www.instagram.com/rosa_meilin,1697095012,,protectiondentalcenter,human,85,1,0,0,100,A
danna_gonfer,Danna González,https://www.instagram.com/danna_gonfer,1700816704,,protectiondentalcenter,human,85,2,0,0,100,A
andreia_ribeiros,Andreia Ribeiro,https://www.instagram.com/andreia_ribeiros,1702256470,,protectiondentalcenter,human,85,0,2,0,100,A
carmen_mons,Carmen Monserrat,https://www.instagram.com/carmen_mons,1703251512,,protectiondentalcenter,human,85,1,0,0,100,A
chabelin_dreams,Isabel Bilbeny,https://www.instagram.com/chabelin_dreams,1706521078,,protectiondentalcenter,human,85,0,2,0,100,A
figueredo_andrea,Andrea Figueredo,https://www.instagram.com/figueredo_andrea,1710853260,,protectiondentalcenter,human,85,0,2,0,100,A
elian_cesp,Mónica Céspedes,https://www.instagram.com/elian_cesp,1720589508,,protectiondentalcenter,human,85,2,0,0,100,A
anabelen_ramirez,Belén Ramírez,https://www.instagram.com/anabelen_ramirez,1724046979,,odontospy,human,85,2,0,0,100,A
fabian_pedrozzo,Fabian Pedrozzo,https://www.instagram.com/fabian_pedrozzo,1738666719,,protectiondentalcenter,human,85,0,2,0,100,A
aliciar_macias,Alicia Macias,https://www.instagram.com/aliciar_macias,1742053388,,protectiondentalcenter,human,85,0,2,0,100,A
adriana_zambotti,Adriana Zambotti,https://www.instagram.com/adriana_zambotti,1745973567,,protectiondentalcenter,human,85,0,2,0,100,A
veronica_yon,Veronica Ayon,https://www.instagram.com/veronica_yon,1751699391,,protectiondentalcenter,human,85,1,0,0,100,A
monica_escurra,Moni Escurra,https://www.instagram.com/monica_escurra,1759709927,,protectiondentalcenter,human,85,1,0,0,100,A
alicia_fretes,Alicia Fretes,https://www.instagram.com/alicia_fretes,1759753163,,protectiondentalcenter,human,85,0,2,0,100,A
ochi_doldan,Rossana Doldán,https://www.instagram.com/ochi_doldan,1768233988,,protectiondentalcenter,human,85,2,0,0,100,A
marciab_soares,Márcia Soares,https://www.instagram.com/marciab_soares,17701230774,,protectiondentalcenter,human,85,2,0,0,100,A
susan_cde,Susan Rodriguez,https://www.instagram.com/susan_cde,1775444208,,protectiondentalcenter,human,85,1,0,0,100,A
martinez_andreac,Martínez Andrea,https://www.instagram.com/martinez_andreac,1779265324,,odontospy,human,85,2,2,0,100,A
maria_vianconi,Maria Vianconi,https://www.instagram.com/maria_vianconi,1789231558,,protectiondentalcenter,human,85,1,0,0,100,A
lichi_eliane,Liz Eliane,https://www.instagram.com/lichi_eliane,178966390,,protectiondentalcenter,human,85,0,2,0,100,A
nancy_gsalinas,Nancy González,https://www.instagram.com/nancy_gsalinas,1791724075,,protectiondentalcenter,human,85,2,0,0,100,A
noe_mzon,Noelia Monzón,https://www.instagram.com/noe_mzon,179315081,,protectiondentalcenter,human,85,2,0,0,100,A
caceres_nadia,Nadia Cáceres,https://www.instagram.com/caceres_nadia,1793783878,,odontologia3py,human,85,2,0,0,100,A
andrea_kdn,Andrea Kdn,https://www.instagram.com/andrea_kdn,179588595,,protectiondentalcenter,human,85,0,2,0,100,A
camelia_rivas,Camelia Belén,https://www.instagram.com/camelia_rivas,1801693317,,protectiondentalcenter,human,85,2,0,0,100,A
mariisol_gimenez,Mariisol Giménez,https://www.instagram.com/mariisol_gimenez,1804127908,,odontologia3py,human,85,2,0,0,100,A
laury_cbc,Lau Benítez,https://www.instagram.com/laury_cbc,1804330294,,protectiondentalcenter,human,85,2,0,0,100,A
andreita_mika,Andrea Ibañez,https://www.instagram.com/andreita_mika,1804396016,,protectiondentalcenter,human,85,0,2,0,100,A
maria_anndrea,Andre Rios,https://www.instagram.com/maria_anndrea,1808830261,,protectiondentalcenter,human,85,1,2,0,100,A
david_boveda,David Boveda,https://www.instagram.com/david_boveda,1810843269,,odontospy,human,85,1,0,0,100,A
tammii_andrea,Tamara Espinoza,https://www.instagram.com/tammii_andrea,1818476241,,protectiondentalcenter,human,85,0,2,0,100,A
marie_santacruze,Marie Santacruz,https://www.instagram.com/marie_santacruze,18185607493,,protectiondentalcenter,human,85,1,0,0,100,A
maria_quintanavillalba,Ester Quintana,https://www.instagram.com/maria_quintanavillalba,18245784176,,protectiondentalcenter,human,85,1,0,0,100,A
adriana_glezzzz,Adriana Glez,https://www.instagram.com/adriana_glezzzz,1827186100,,protectiondentalcenter,human,85,0,2,0,100,A
maria_rosita,Rosita Cañete,https://www.instagram.com/maria_rosita,182841488,,odontospy,human,85,1,0,0,100,A
rosy_dominguez,Alba Dominguez,https://www.instagram.com/rosy_dominguez,182942019,,protectiondentalcenter,human,85,0,2,0,100,A
mario_martinezgarcete,Mario Martínez,https://www.instagram.com/mario_martinezgarcete,1833777517,,odontospy,human,85,2,0,0,100,A
rosy_bolico,Rosy Bólico,https://www.instagram.com/rosy_bolico,1836441523,,protectiondentalcenter,human,85,2,2,0,100,A
andrea_aglio,Andrea Aglio,https://www.instagram.com/andrea_aglio,1836682190,,protectiondentalcenter,human,85,0,2,0,100,A
alexandra_az,Alexandra Acevedo,https://www.instagram.com/alexandra_az,184162878,,odontologia3py,human,85,1,2,0,100,A
zarate_zaratee,Zárate Zárate,https://www.instagram.com/zarate_zaratee,18786141140,,protectiondentalcenter,human,85,2,0,0,100,A
liliangomez_gnz,Lilian Gómez,https://www.instagram.com/liliangomez_gnz,18870358484,,protectiondentalcenter,human,85,2,0,0,100,A
dahia_sanchez,Dahiana Sánchez,https://www.instagram.com/dahia_sanchez,189996167,,odontologia3py,human,85,2,0,0,100,A
aribel_rodriguez,Ari Rodriguez,https://www.instagram.com/aribel_rodriguez,19001105408,,protectiondentalcenter,human,85,0,2,0,100,A
veronica_moros,Veronica Maria,https://www.instagram.com/veronica_moros,1901280488,,odontospy,human,85,1,0,0,100,A
andrea_moraez,Andrea Moraez,https://www.instagram.com/andrea_moraez,1904465854,,protectiondentalcenter,human,85,0,2,0,100,A
pedro_yoel,Pedro Yoel,https://www.instagram.com/pedro_yoel,1905806437,,odontologia3py,human,85,0,2,0,100,A
rodrigoo_bogado,Rodrigo Bogado,https://www.instagram.com/rodrigoo_bogado,1907030371,,odontospy,human,85,0,2,0,100,A
tatiana_encina,Michelle Giménez,https://www.instagram.com/tatiana_encina,1917694872,,odontospy,human,85,2,0,0,100,A
sory_madrid,Sory Madrid,https://www.instagram.com/sory_madrid,19276206958,,protectiondentalcenter,human,85,0,2,0,100,A
sandra_kv,Sandra Kv,https://www.instagram.com/sandra_kv,193023393,,protectiondentalcenter,human,85,0,2,0,100,A
lizzandra_almada,Lizzandra Almada,https://www.instagram.com/lizzandra_almada,1933007324,,protectiondentalcenter,human,85,0,2,0,100,A
domingo_recalde,Domingo Recalde,https://www.instagram.com/domingo_recalde,1939360477,,odontologia3py,human,85,0,2,0,100,A
sandra_magretti,Sandra Souza,https://www.instagram.com/sandra_magretti,1939686243,,protectiondentalcenter,human,85,0,2,0,100,A
alicia_sarmi,Alicia Sarmiento,https://www.instagram.com/alicia_sarmi,1961854424,,protectiondentalcenter,human,85,0,2,0,100,A
irma_monserrath,Monse García,https://www.instagram.com/irma_monserrath,1962881208,,odontologia3py,human,85,2,0,0,100,A
ingrid_pitti,Ingrid Pitti,https://www.instagram.com/ingrid_pitti,1963748348,,protectiondentalcenter,human,85,0,2,0,100,A
ocampos_tj,José Ocampos,https://www.instagram.com/ocampos_tj,19701179632,,odontospy,human,85,2,0,0,100,A
toya_rodriguez,Toya Rodriguez,https://www.instagram.com/toya_rodriguez,197232329,,protectiondentalcenter,human,85,0,2,0,100,A
alejandra_berroeta,Alejandra Berroeta,https://www.instagram.com/alejandra_berroeta,1973754104,,protectiondentalcenter,human,85,0,2,0,100,A
villasboa_fabian,Fabián Villasbóa,https://www.instagram.com/villasboa_fabian,19746123787,,protectiondentalcenter,human,85,2,0,0,100,A
sierva_delrey,Anna Sánchez,https://www.instagram.com/sierva_delrey,19828519081,,protectiondentalcenter,human,85,2,0,0,100,A
isidro_murcia,Isidro Murcia,https://www.instagram.com/isidro_murcia,1987239329,,protectiondentalcenter,human,85,0,2,0,100,A
cristian_kutz,Cristian Kutz,https://www.instagram.com/cristian_kutz,1987253419,,protectiondentalcenter,human,85,1,0,0,100,A
sarah_genez,Sarah Genez,https://www.instagram.com/sarah_genez,1992499184,,protectiondentalcenter,human,85,1,0,0,100,A
jacqui_zoelen,Jacqueline Fernández,https://www.instagram.com/jacqui_zoelen,1999099611,,protectiondentalcenter,human,85,2,0,0,100,A
cristi_rodr,Cristina Rodriguez,https://www.instagram.com/cristi_rodr,199972448,,protectiondentalcenter,human,85,0,2,0,100,A
mildren_mancuello,Mildren Mancuello,https://www.instagram.com/mildren_mancuello,2001019013,,protectiondentalcenter,human,85,0,2,0,100,A
angie_loveyu,Angélica Nuñez,https://www.instagram.com/angie_loveyu,2002344815,,protectiondentalcenter,human,85,2,0,0,100,A
dei_ca,Dei Cáceres,https://www.instagram.com/dei_ca,2010073970,,protectiondentalcenter,human,85,2,0,0,100,A
dany_monye,Daniel Mongelós,https://www.instagram.com/dany_monye,2024603768,,protectiondentalcenter,human,85,2,0,0,100,A
ruth_obr,Ruth Obregón,https://www.instagram.com/ruth_obr,2026403970,,protectiondentalcenter,human,85,2,0,0,100,A
andyy_baezz,Andrea Báez,https://www.instagram.com/andyy_baezz,2028158556,,odontologia3py,human,85,2,0,0,100,A
adriana_qm,Adriana Quintero,https://www.instagram.com/adriana_qm,203014685,,protectiondentalcenter,human,85,0,2,0,100,A
alicia_cuba,Alicia Cuba,https://www.instagram.com/alicia_cuba,2036847684,,protectiondentalcenter,human,85,0,2,0,100,A
bel_rolon,Belén Rolón,https://www.instagram.com/bel_rolon,2039063451,,protectiondentalcenter,human,85,2,0,0,100,A
ortiz_adri,Adri Ortiz,https://www.instagram.com/ortiz_adri,204637434,,protectiondentalcenter,human,85,0,2,0,100,A
sandra_corsi,Sandra Corsi,https://www.instagram.com/sandra_corsi,2051749074,,protectiondentalcenter,human,85,0,2,0,100,A
andrea_amarillaquerey,Andrea Amarilla,https://www.instagram.com/andrea_amarillaquerey,2054140566,,protectiondentalcenter,human,85,0,2,0,100,A
joseramirez_py,José Ramírez,https://www.instagram.com/joseramirez_py,2071920943,,odontologia3py,human,85,2,0,0,100,A
felicia_roman,Felicia Roman,https://www.instagram.com/felicia_roman,2072903575,,protectiondentalcenter,human,85,0,2,0,100,A
brenda_vidales,Carina Vidales,https://www.instagram.com/brenda_vidales,2078010455,,protectiondentalcenter,human,85,1,0,0,100,A
mxtiasx_av,Matias Báez,https://www.instagram.com/mxtiasx_av,20800417931,,odontospy,human,85,2,0,0,100,A
casiana_fernandez,Casiana Fernández,https://www.instagram.com/casiana_fernandez,2084467317,,protectiondentalcenter,human,85,2,0,0,100,A
nizafer_dany,Niza Fernández,https://www.instagram.com/nizafer_dany,2087537384,,protectiondentalcenter,human,85,2,0,0,100,A
carmen_lovera,Carmen Lovera,https://www.instagram.com/carmen_lovera,2098290420,,odontologia3py,human,85,1,0,0,100,A
madelleine_gonzalez,Madelleine González,https://www.instagram.com/madelleine_gonzalez,2104757034,,protectiondentalcenter,human,85,2,0,0,100,A
maria_taby,Mary Flores,https://www.instagram.com/maria_taby,2105869152,,protectiondentalcenter,human,85,1,0,0,100,A
adrianaortega_lpz,Adriana Ortega,https://www.instagram.com/adrianaortega_lpz,2106633038,,protectiondentalcenter,human,85,0,2,0,100,A
yissela_arevalos,Fátima Arévalos,https://www.instagram.com/yissela_arevalos,2110260806,,protectiondentalcenter,human,85,2,0,0,100,A
violetacaceres_ph,Violeta Cáceres,https://www.instagram.com/violetacaceres_ph,2110619931,,odontospy,human,85,2,0,0,100,A
yolisma_ch,Yoli Chávez,https://www.instagram.com/yolisma_ch,21164581189,,protectiondentalcenter,human,85,2,0,0,100,A
lauri_baez,Lau Báez,https://www.instagram.com/lauri_baez,211749013,,odontologia3py,human,85,2,0,0,100,A
coronel_belenn,Belén Alcaráz,https://www.instagram.com/coronel_belenn,2126613408,,protectiondentalcenter,human,85,2,0,0,100,A
meyer_sof,Sofía Meyer,https://www.instagram.com/meyer_sof,2127758488,,protectiondentalcenter,human,85,2,0,0,100,A
romina_concepcion,Concepción Peralta,https://www.instagram.com/romina_concepcion,2149557292,,protectiondentalcenter,human,85,2,0,0,100,A
alice_zalazar,Alice Zalazar,https://www.instagram.com/alice_zalazar,2149713131,,protectiondentalcenter,human,85,0,2,0,100,A
alessandra_telles,Alessandra Telles,https://www.instagram.com/alessandra_telles,2150653718,,protectiondentalcenter,human,85,0,2,0,100,A
claudia_bigorda,Claudia Bigordá,https://www.instagram.com/claudia_bigorda,2160003143,,protectiondentalcenter,human,85,2,0,0,100,A
narr_py,Nancy Rodríguez,https://www.instagram.com/narr_py,21612353106,,odontologia3py,human,85,2,0,0,100,A
susnavis_perez,Susnavis Pérez,https://www.instagram.com/susnavis_perez,21622206305,,protectiondentalcenter,human,85,2,0,0,100,A
benitez_arii,Arila Benítez,https://www.instagram.com/benitez_arii,2165906378,,protectiondentalcenter,human,85,2,0,0,100,A
adry_armoacabrera,Adriana Armoa,https://www.instagram.com/adry_armoacabrera,2166263974,,odontologia3py,human,85,0,2,0,100,A
rodriguez_eunice,Eunice Rodriguez,https://www.instagram.com/rodriguez_eunice,217965622,,protectiondentalcenter,human,85,0,2,0,100,A
laura_lucca,Laura Lucca,https://www.instagram.com/laura_lucca,218836163,,protectiondentalcenter,human,85,1,0,0,100,A
alexis_pedretti,Alexis Calderón,https://www.instagram.com/alexis_pedretti,22014837065,,odontospy,human,85,2,2,0,100,A
elena_christopfi,Elena Christofi,https://www.instagram.com/elena_christopfi,2207045159,,protectiondentalcenter,human,85,1,0,0,100,A
veronica_gauto,Vero Gauto,https://www.instagram.com/veronica_gauto,220824525,,odontologia3py,human,85,1,0,0,100,A
nunez_natth,Nathanael Núñez,https://www.instagram.com/nunez_natth,22141633568,,odontospy,human,85,2,0,0,100,A
nasch_beth,Naschi Ríos,https://www.instagram.com/nasch_beth,2214277910,,protectiondentalcenter,human,85,2,0,0,100,A
isabel_adr,Velá Valenzuela,https://www.instagram.com/isabel_adr,2228311860,,protectiondentalcenter,human,85,2,2,0,100,A
lud_roman,Ludmila Román,https://www.instagram.com/lud_roman,2229613618,,odontologia3py,human,85,2,0,0,100,A
rocio_duarte,Rocío Duarte,https://www.instagram.com/rocio_duarte,224916501,,protectiondentalcenter,human,85,2,0,0,100,A
rosa_roda,Rosa Roda,https://www.instagram.com/rosa_roda,2249641270,,protectiondentalcenter,human,85,1,0,0,100,A
iran_arico,Iran Aricó,https://www.instagram.com/iran_arico,2249775694,,protectiondentalcenter,human,85,2,0,0,100,A
gavilan_kevin,Kevin Gavilán,https://www.instagram.com/gavilan_kevin,2251623139,,protectiondentalcenter,human,85,2,0,0,100,A
dami_galeano,Damián Galeano,https://www.instagram.com/dami_galeano,2259110682,,odontospy,human,85,2,0,0,100,A
iamlean_dro,Leandro Valiente,https://www.instagram.com/iamlean_dro,2263176117,,protectiondentalcenter,human,85,0,2,0,100,A
nelsi_ben,Nelsi Benítez,https://www.instagram.com/nelsi_ben,2271688916,,odontologia3py,human,85,2,0,0,100,A
villar_benja,Benjamín Villar,https://www.instagram.com/villar_benja,2273224159,,odontologia3py,human,85,2,0,0,100,A
isabel_bnitz,Isabel Benítez,https://www.instagram.com/isabel_bnitz,2277091151,,protectiondentalcenter,human,85,2,0,0,100,A
jaz_garcete,Jazmín Garcete,https://www.instagram.com/jaz_garcete,2282300440,,protectiondentalcenter,human,85,2,0,0,100,A
mary_romay,Mary Vega,https://www.instagram.com/mary_romay,2283764412,,protectiondentalcenter,human,85,1,0,0,100,A
carmen_properzi,Carmen Properzi,https://www.instagram.com/carmen_properzi,2284006161,,protectiondentalcenter,human,85,1,0,0,100,A
trevisson_jaz,Jazmín Trevisson,https://www.instagram.com/trevisson_jaz,2287980132,,odontologia3py,human,85,2,0,0,100,A
asucena_servian,Asucena Solis,https://www.instagram.com/asucena_servian,2293706823,,odontospy,human,85,0,0,2,100,A
agata_cc,Viviana Centurión,https://www.instagram.com/agata_cc,2304832604,,protectiondentalcenter,human,85,2,0,0,100,A
diego_delorme,Diego Delorme,https://www.instagram.com/diego_delorme,2314130857,,odontospy,human,85,1,0,0,100,A
sorriso_na,Nicole Anahí,https://www.instagram.com/sorriso_na,2357334052,,protectiondentalcenter,human,85,2,0,0,100,A
mariedu_re,Mariela Duré,https://www.instagram.com/mariedu_re,2365250702,,odontospy,human,85,2,0,0,100,A
emita_sanchez,Emi Sánchez,https://www.instagram.com/emita_sanchez,2368903765,,odontospy,human,85,2,0,0,100,A
svbzn_italba,Silvia Bazán,https://www.instagram.com/svbzn_italba,23907770911,,protectiondentalcenter,human,85,2,0,0,100,A
soff_valera,Sofía Valera,https://www.instagram.com/soff_valera,2402025175,,protectiondentalcenter,human,85,2,0,0,100,A
victoria_hanes,Victoria Hanes,https://www.instagram.com/victoria_hanes,241801707,,protectiondentalcenter,human,85,1,0,0,100,A
gisselle_benitezspina,Gisselle Benítez,https://www.instagram.com/gisselle_benitezspina,24266847424,,protectiondentalcenter,human,85,2,0,0,100,A
katy_brasseiro,Katiúscia Brasseiro,https://www.instagram.com/katy_brasseiro,24404339915,,protectiondentalcenter,human,85,2,0,0,100,A
patty_servin,Patty Servín,https://www.instagram.com/patty_servin,245134784,,protectiondentalcenter,human,85,2,0,0,100,A
bonjour_adriana,Adriana Bonjour,https://www.instagram.com/bonjour_adriana,24608521460,,protectiondentalcenter,human,85,0,2,0,100,A
paloma_verduzco,Paloma Verdú,https://www.instagram.com/paloma_verduzco,24820727813,,protectiondentalcenter,human,85,2,0,0,100,A
diazt_sandra,Sandra Diaz,https://www.instagram.com/diazt_sandra,249078751,,odontospy,human,85,0,2,0,100,A
emi_gonzab,Emi González,https://www.instagram.com/emi_gonzab,249625497,,protectiondentalcenter,human,85,2,0,0,100,A
liza_gonzalz,Liza González,https://www.instagram.com/liza_gonzalz,252547657,,odontologia3py,human,85,2,0,0,100,A
alan_noficial,Alan Núñez,https://www.instagram.com/alan_noficial,253767320,,protectiondentalcenter,human,85,2,0,0,100,A
claudita_gom,Claudita Gómez,https://www.instagram.com/claudita_gom,253809771,,protectiondentalcenter,human,85,2,0,0,100,A
diana_arruaalcaraz,Diana Arrua,https://www.instagram.com/diana_arruaalcaraz,2542791052,,protectiondentalcenter,human,85,1,0,0,100,A
rig_martinez,Martínez Rigo,https://www.instagram.com/rig_martinez,2570824861,,protectiondentalcenter,human,85,2,0,0,100,A
asu_guggiari,Asunciona Vera,https://www.instagram.com/asu_guggiari,2607297250,,protectiondentalcenter,human,85,0,0,2,100,A
fda_gordy,Félix Aguilera,https://www.instagram.com/fda_gordy,26275418528,,odontospy,human,85,2,0,0,100,A
pati_bgm,Patricia González,https://www.instagram.com/pati_bgm,262885538,,protectiondentalcenter,human,85,2,0,0,100,A
shirley_velaz,Shirley Velázquez,https://www.instagram.com/shirley_velaz,26408081664,,protectiondentalcenter,human,85,2,0,0,100,A
molas_andrea,Andrea Molas,https://www.instagram.com/molas_andrea,264393093,,odontologia3py,human,85,0,2,0,100,A
clau_aldrt,Claudia Alderete,https://www.instagram.com/clau_aldrt,264609560,,protectiondentalcenter,human,85,0,2,0,100,A
retamozo_samu,Elías Guerrero,https://www.instagram.com/retamozo_samu,26764252645,,odontospy,human,85,2,0,0,100,A
maria_luisandra,María Luisa,https://www.instagram.com/maria_luisandra,26885790751,,protectiondentalcenter,human,85,2,2,0,100,A
isidroalmada_py,Isidro Almada,https://www.instagram.com/isidroalmada_py,2707289831,,odontospy,human,85,0,2,0,100,A
nutri_guille,Guillermina Céspedes,https://www.instagram.com/nutri_guille,2719416000,,protectiondentalcenter,human,85,2,0,0,100,A
nil_rodriguez,Nilda Rodriguez,https://www.instagram.com/nil_rodriguez,272450623,,protectiondentalcenter,human,85,0,2,0,100,A
laura_coronel,Laura Coronel,https://www.instagram.com/laura_coronel,274173164,,protectiondentalcenter,human,85,1,0,0,100,A
vane_fermer,Vane Fernández,https://www.instagram.com/vane_fermer,276580754,,protectiondentalcenter,human,85,2,0,0,100,A
shirley_vazquez,Shirley Vázquez,https://www.instagram.com/shirley_vazquez,280073141,,protectiondentalcenter,human,85,2,0,0,100,A
marie_roldan,Marie Roldan,https://www.instagram.com/marie_roldan,281072029,,protectiondentalcenter,human,85,1,0,0,100,A
ana_neffa,Ana Neffa,https://www.instagram.com/ana_neffa,281575583,,protectiondentalcenter,human,85,1,0,0,100,A
marcos_mbutuli,Marcao Rojas,https://www.instagram.com/marcos_mbutuli,28406844231,,protectiondentalcenter,human,85,1,0,0,100,A
gill_alicia,Alicia Gill,https://www.instagram.com/gill_alicia,2848884024,,protectiondentalcenter,human,85,0,2,0,100,A
valentino_garciag,Valentino García,https://www.instagram.com/valentino_garciag,28570642144,,protectiondentalcenter,human,85,2,0,0,100,A
elva_eche,Elva Echeverría,https://www.instagram.com/elva_eche,286440449,,protectiondentalcenter,human,85,2,0,0,100,A
crisfernandez_py,Cristhian Fernández,https://www.instagram.com/crisfernandez_py,286598942,,protectiondentalcenter,human,85,2,0,0,100,A
alicia_cuadrado,Alicia Cuadrado,https://www.instagram.com/alicia_cuadrado,2873010341,,protectiondentalcenter,human,85,0,2,0,100,A
mariel_diazt,Mariel Díaz,https://www.instagram.com/mariel_diazt,287672097,,protectiondentalcenter,human,85,2,0,0,100,A
rolon_rut,Rut Rolón,https://www.instagram.com/rolon_rut,2889034518,,odontologia3py,human,85,2,0,0,100,A
milner_trubger,Milner Trübger,https://www.instagram.com/milner_trubger,289245858,,protectiondentalcenter,human,85,2,0,0,100,A
ana_souzaamelia,Ana Souza,https://www.instagram.com/ana_souzaamelia,294704550,,protectiondentalcenter,human,85,1,0,0,100,A
guille_mb,Guillermo Benítez,https://www.instagram.com/guille_mb,294911251,,odontologia3py,human,85,2,0,0,100,A
rochy_tm,Rocío Téllez,https://www.instagram.com/rochy_tm,295558746,,protectiondentalcenter,human,85,2,0,0,100,A
rociog_fedez,Rocío González,https://www.instagram.com/rociog_fedez,2956613137,,protectiondentalcenter,human,85,2,0,0,100,A
adriana_duquem,Adriana Montoya,https://www.instagram.com/adriana_duquem,29607547224,,protectiondentalcenter,human,85,0,2,0,100,A
alejandra_bonora,Alejandra Bonora,https://www.instagram.com/alejandra_bonora,2975926065,,protectiondentalcenter,human,85,0,2,0,100,A
rosa_loprete,Rosa Loprete,https://www.instagram.com/rosa_loprete,2986992328,,protectiondentalcenter,human,85,1,0,0,100,A
victoria_alzogaray,Victoria Alzogaray,https://www.instagram.com/victoria_alzogaray,2998774691,,protectiondentalcenter,human,85,1,0,0,100,A
amarilis_alejandry,Alejandry Amarilis,https://www.instagram.com/amarilis_alejandry,2999276025,,protectiondentalcenter,human,85,0,2,0,100,A
dianajimenez_py,Diana Jiménez,https://www.instagram.com/dianajimenez_py,2999524010,,protectiondentalcenter,human,85,2,0,0,100,A
caceres_noeliaa,Noelia Cáceres,https://www.instagram.com/caceres_noeliaa,30040984392,,protectiondentalcenter,human,85,2,0,0,100,A
karla_xra,Karla Rodríguez,https://www.instagram.com/karla_xra,30052252316,,protectiondentalcenter,human,85,2,0,0,100,A
mary_erodriguez,Mary Rodriguez,https://www.instagram.com/mary_erodriguez,30082883770,,protectiondentalcenter,human,85,1,2,0,100,A
lili_divi,Divina Martínez,https://www.instagram.com/lili_divi,301473163,,protectiondentalcenter,human,85,2,0,0,100,A
galiano_sandra,Sandra Galiano,https://www.instagram.com/galiano_sandra,3016009745,,protectiondentalcenter,human,85,0,2,0,100,A
victoria_abdalah,Victória Abdalah,https://www.instagram.com/victoria_abdalah,3028981376,,odontospy,human,85,2,0,0,100,A
cynthia_fantin,Cynthia Fantin,https://www.instagram.com/cynthia_fantin,303414881,,protectiondentalcenter,human,85,1,0,0,100,A
progestion_paraguay,Liz Torres,https://www.instagram.com/progestion_paraguay,3049068765,,protectiondentalcenter,human,85,0,0,2,100,A
ana_servin,Ana Servin,https://www.instagram.com/ana_servin,305751795,,protectiondentalcenter,human,85,1,0,0,100,A
alexis_rodriguezr,Alexis Rodriguez,https://www.instagram.com/alexis_rodriguezr,306375985,,odontospy,human,85,0,2,0,100,A
christian_ajx,Christian Acosta,https://www.instagram.com/christian_ajx,3067630611,,odontospy,human,85,1,0,0,100,A
isabella_chaavez,Isabel Chavez,https://www.instagram.com/isabella_chaavez,30773762526,,protectiondentalcenter,human,85,1,0,0,100,A
andrea_espinola,Andrea Espinola,https://www.instagram.com/andrea_espinola,308062929,,protectiondentalcenter,human,85,0,2,0,100,A
snowden_dg,David Gómez,https://www.instagram.com/snowden_dg,308419549,,odontologia3py,human,85,2,0,0,100,A
alicia_sosag,Alicia Sosa,https://www.instagram.com/alicia_sosag,3084756135,,odontologia3py,human,85,0,2,0,100,A
majocaceres_py,Majo Cáceres,https://www.instagram.com/majocaceres_py,309345250,,odontologia3py,human,85,2,0,0,100,A
lichy_fndz,Lichy Fernández,https://www.instagram.com/lichy_fndz,3110525752,,protectiondentalcenter,human,85,2,2,0,100,A
angelica_lesme,Anyii Lesme,https://www.instagram.com/angelica_lesme,3125355409,,protectiondentalcenter,human,85,0,2,0,100,A
victor_mangiarano,Víctor Mangiarano,https://www.instagram.com/victor_mangiarano,3125956667,,protectiondentalcenter,human,85,2,0,0,100,A
li_gavilan,Lidia Gavilán,https://www.instagram.com/li_gavilan,313641281,,protectiondentalcenter,human,85,2,0,0,100,A
mary_snchz,Mary Sánchez,https://www.instagram.com/mary_snchz,31461326938,,protectiondentalcenter,human,85,2,0,0,100,A
dalila_diazd,Dalila Díaz,https://www.instagram.com/dalila_diazd,3149939973,,odontologia3py,human,85,2,0,0,100,A
biqui_long,Biqui Féliz,https://www.instagram.com/biqui_long,3156058202,,protectiondentalcenter,human,85,2,0,0,100,A
pamela_verdun,Ruth Verdún,https://www.instagram.com/pamela_verdun,31571109909,,odontospy,human,85,2,0,0,100,A
marandari_rocio,Marandari Ysapy,https://www.instagram.com/marandari_rocio,3164448521,,protectiondentalcenter,human,85,0,0,2,100,A
nena_rodriguezr,Nena Rodriguez,https://www.instagram.com/nena_rodriguezr,3169660898,,protectiondentalcenter,human,85,0,2,0,100,A
diego_zazzi,Diego Zazzi,https://www.instagram.com/diego_zazzi,3190630718,,protectiondentalcenter,human,85,1,0,0,100,A
perlys_aguero,Perla Agüero,https://www.instagram.com/perlys_aguero,319841348,,odontospy,human,85,2,0,0,100,A
alicia_bogadog,Alicia Gomez,https://www.instagram.com/alicia_bogadog,3212035166,,protectiondentalcenter,human,85,0,2,0,100,A
aly_pani,Analía Paniagua,https://www.instagram.com/aly_pani,3245798327,,protectiondentalcenter,human,85,2,0,0,100,A
ilbegul_ebzer,Ilbegül Aydin,https://www.instagram.com/ilbegul_ebzer,3246730231,,protectiondentalcenter,human,85,2,0,0,100,A
gonzalez_lizza,Lizza González,https://www.instagram.com/gonzalez_lizza,3250360016,,protectiondentalcenter,human,85,2,0,0,100,A
sandra_sanabriaa,Sandra Sanabria,https://www.instagram.com/sandra_sanabriaa,3250823214,,protectiondentalcenter,human,85,0,2,0,100,A
rodrigo_vazal,Rodrigo Vázquez,https://www.instagram.com/rodrigo_vazal,325566536,,odontologia3py,human,85,2,2,0,100,A
cristian_garayg,Cristian Garay,https://www.instagram.com/cristian_garayg,3256023814,,odontospy,human,85,1,0,0,100,A
carmen_amelo,Carmen Melo,https://www.instagram.com/carmen_amelo,32595004539,,protectiondentalcenter,human,85,1,0,0,100,A
garcia_kata,Kata García,https://www.instagram.com/garcia_kata,3264136262,,odontospy,human,85,2,0,0,100,A
sandra_hvar,Sandra Primi,https://www.instagram.com/sandra_hvar,3266483873,,protectiondentalcenter,human,85,0,2,0,100,A
drica_paezv,Drica Páez,https://www.instagram.com/drica_paezv,3271138238,,protectiondentalcenter,human,85,2,2,0,100,A
franz_bing,Franz Bing,https://www.instagram.com/franz_bing,3274427686,,protectiondentalcenter,human,85,1,2,0,100,A
gonza_lucy,Lucy González,https://www.instagram.com/gonza_lucy,3275347930,,odontologia3py,human,85,2,0,0,100,A
jitka_pohlodkova,Jitka Pohlodková,https://www.instagram.com/jitka_pohlodkova,32753730283,,protectiondentalcenter,human,85,2,0,0,100,A
rodrigo_kch,Rodrigo Cristaldo,https://www.instagram.com/rodrigo_kch,32782324146,,odontospy,human,85,0,2,0,100,A
armada_monica,Mónica Armada,https://www.instagram.com/armada_monica,32792027031,,protectiondentalcenter,human,85,2,0,0,100,A
jameson_rdz,Rodríguez Borii,https://www.instagram.com/jameson_rdz,3281628675,,protectiondentalcenter,human,85,2,0,0,100,A
yenny_ega,Yenny González,https://www.instagram.com/yenny_ega,328643064,,protectiondentalcenter,human,85,2,0,0,100,A
ingrid_leidy,Ingrid Leidy,https://www.instagram.com/ingrid_leidy,333935178,,protectiondentalcenter,human,85,0,2,0,100,A
monica_peralta,Mónica Peralta,https://www.instagram.com/monica_peralta,33759207,,protectiondentalcenter,human,85,2,0,0,100,A
gi_lachina,Giselle García,https://www.instagram.com/gi_lachina,338126318,,protectiondentalcenter,human,85,2,0,0,100,A
leila_rodriguesv,Leila Rodrigues,https://www.instagram.com/leila_rodriguesv,33886303627,,protectiondentalcenter,human,85,0,2,0,100,A
laura_antinogene,Laura Antinogene,https://www.instagram.com/laura_antinogene,3405919446,,protectiondentalcenter,human,85,1,0,0,100,A
alessandra_mlopes,Le Lopes,https://www.instagram.com/alessandra_mlopes,34155991848,,protectiondentalcenter,human,85,0,2,0,100,A
arami_agueroo,Arami Agüero,https://www.instagram.com/arami_agueroo,34360009980,,odontospy,human,85,2,0,0,100,A
monica_zeballo,Monica Zeballo,https://www.instagram.com/monica_zeballo,3437398960,,protectiondentalcenter,human,85,1,0,0,100,A
jorge_mogliazza,Jorge Mogliazza,https://www.instagram.com/jorge_mogliazza,34391533192,,protectiondentalcenter,human,85,1,0,0,100,A
joy_paez,Joha Páez,https://www.instagram.com/joy_paez,344005649,,protectiondentalcenter,human,85,2,0,0,100,A
david_messina,David Messina,https://www.instagram.com/david_messina,34428277,,odontologia3py,human,85,1,0,0,100,A
beth_mrd,Fátima Martínez,https://www.instagram.com/beth_mrd,3460996100,,protectiondentalcenter,human,85,2,0,0,100,A
sol_rodriguezj,Sol Rodriguez,https://www.instagram.com/sol_rodriguezj,346513937,,protectiondentalcenter,human,85,0,2,0,100,A
javito_fer,Javito Fernández,https://www.instagram.com/javito_fer,346681429,,odontologia3py,human,85,2,0,0,100,A
christian_carvallo,Christian Carvallo,https://www.instagram.com/christian_carvallo,346711111,,protectiondentalcenter,human,85,1,0,0,100,A
mary_agmtz,María Sofía,https://www.instagram.com/mary_agmtz,34736921613,,protectiondentalcenter,human,85,2,0,0,100,A
marcia_fahd,Maria Márcia,https://www.instagram.com/marcia_fahd,349874093,,protectiondentalcenter,human,85,2,0,0,100,A
andrea_fm,Andrea Fernández,https://www.instagram.com/andrea_fm,35079474,,odontologia3py,human,85,2,2,0,100,A
belen_gii,Belén Giménez,https://www.instagram.com/belen_gii,350951750,,odontologia3py,human,85,2,0,0,100,A
gissela_ale,Gisse Alé,https://www.instagram.com/gissela_ale,350965663,,protectiondentalcenter,human,85,2,0,0,100,A
marie_escalante,Marie Escalante,https://www.instagram.com/marie_escalante,352527522,,protectiondentalcenter,human,85,1,0,0,100,A
anebo_andrea,Andrea Bono,https://www.instagram.com/anebo_andrea,3553133116,,protectiondentalcenter,human,85,0,2,0,100,A
sofia_rkurth,Sofía Rojas,https://www.instagram.com/sofia_rkurth,3557036236,,protectiondentalcenter,human,85,2,0,0,100,A
johae_gimenez,Johanna Giménez,https://www.instagram.com/johae_gimenez,355711330,,odontologia3py,human,85,2,0,0,100,A
sar_rodriguez,César Rodriguez,https://www.instagram.com/sar_rodriguez,3565707509,,protectiondentalcenter,human,85,2,2,0,100,A
diego_rebey,Diego Rebey,https://www.instagram.com/diego_rebey,357082936,,protectiondentalcenter,human,85,1,0,0,100,A
laura_muguruza,Laura Muguruza,https://www.instagram.com/laura_muguruza,3597601499,,protectiondentalcenter,human,85,1,0,0,100,A
diana_beni,Dianita Be,https://www.instagram.com/diana_beni,360754410,,odontospy,human,85,1,0,0,100,A
ana_flei,Ana Gonzalez,https://www.instagram.com/ana_flei,361535803,,odontospy,human,85,1,0,0,100,A
pedro_jesusbg,Pedro Britos,https://www.instagram.com/pedro_jesusbg,3625730212,,protectiondentalcenter,human,85,0,2,0,100,A
dark_gotica,Aly Jiménez,https://www.instagram.com/dark_gotica,3630561620,,protectiondentalcenter,human,85,2,0,0,100,A
carlos_feliponi,Carlos Feliponi,https://www.instagram.com/carlos_feliponi,363341714,,odontologia3py,human,85,1,0,0,100,A
galeanov_lujan,Luján Galeano,https://www.instagram.com/galeanov_lujan,3633435051,,protectiondentalcenter,human,85,2,0,0,100,A
mary_colman,Mary Colman,https://www.instagram.com/mary_colman,3637630309,,odontologia3py,human,85,1,0,0,100,A
cynthia_solalinde,Cynthia Solalinde,https://www.instagram.com/cynthia_solalinde,364097282,,protectiondentalcenter,human,85,1,0,0,100,A
diego_majestik,Diego Rodi,https://www.instagram.com/diego_majestik,36607192010,,odontologia3py,human,85,1,0,0,100,A
sandrasegura_ti,Sandra Segura,https://www.instagram.com/sandrasegura_ti,36647364,,odontologia3py,human,85,0,2,0,100,A
andru_naci,Anyuu Nacimiento,https://www.instagram.com/andru_naci,366769400,,protectiondentalcenter,human,85,0,2,0,100,A
gustavo_aguile,Gustavo Aguilera,https://www.instagram.com/gustavo_aguile,367495479,,odontologia3py,human,85,1,0,0,100,A
diuris_loreiro,Jéssica Loreiro,https://www.instagram.com/diuris_loreiro,367700654,,odontologia3py,human,85,2,0,0,100,A
jpatricia_rodri,Patricia Rodriguez,https://www.instagram.com/jpatricia_rodri,3677799928,,protectiondentalcenter,human,85,0,2,0,100,A
renata_jelic,Renata Jelic,https://www.instagram.com/renata_jelic,36846447924,,protectiondentalcenter,human,85,0,2,0,100,A
lucia_sanguina,Lucia López,https://www.instagram.com/lucia_sanguina,3689248188,,protectiondentalcenter,human,85,2,0,0,100,A
hec_espinosa,Héctor Espinosa,https://www.instagram.com/hec_espinosa,369984432,,odontologia3py,human,85,2,0,0,100,A
blazquez_dani,Daniel Blázquez,https://www.instagram.com/blazquez_dani,371128585,,protectiondentalcenter,human,85,2,0,0,100,A
clau_vaneg,Vane González,https://www.instagram.com/clau_vaneg,37125257281,,protectiondentalcenter,human,85,2,0,0,100,A
marcela_chavez,Marcela Chávez,https://www.instagram.com/marcela_chavez,372567128,,odontologia3py,human,85,2,0,0,100,A
sandra_socio,Sandra Reinoso,https://www.instagram.com/sandra_socio,37548978253,,protectiondentalcenter,human,85,0,2,0,100,A
guka_fer,Carol Fernández,https://www.instagram.com/guka_fer,375960322,,odontologia3py,human,85,2,0,0,100,A
laura_figari,Rama Ramita,https://www.instagram.com/laura_figari,376536452,,protectiondentalcenter,human,85,1,0,0,100,A
any_beniteza,Any Benítez,https://www.instagram.com/any_beniteza,377579278,,odontologia3py,human,85,2,0,0,100,A
bel_marmol,Belén Helman,https://www.instagram.com/bel_marmol,378487048,,protectiondentalcenter,human,85,2,0,0,100,A
rodrigues_choma,Rodrigues Choma,https://www.instagram.com/rodrigues_choma,38043305301,,odontospy,human,85,0,2,0,100,A
sys_accesoriospy,Mirian Cáceres,https://www.instagram.com/sys_accesoriospy,38317229641,,protectiondentalcenter,human,85,2,0,0,100,A
bianca_orue,Bianca Orué,https://www.instagram.com/bianca_orue,384513201,,protectiondentalcenter,human,85,2,0,0,100,A
leolopez_py,Leo López,https://www.instagram.com/leolopez_py,387623197,,protectiondentalcenter,human,85,2,0,0,100,A
monica_calaon,Monica Calaon,https://www.instagram.com/monica_calaon,38920923992,,protectiondentalcenter,human,85,1,0,0,100,A
maria_rondong,Maria Rondón,https://www.instagram.com/maria_rondong,3919032149,,protectiondentalcenter,human,85,2,0,0,100,A
andreita_noemi,Andrea Noemi,https://www.instagram.com/andreita_noemi,392896131,,protectiondentalcenter,human,85,0,2,0,100,A
lichy_ferjara,Liliana Jara,https://www.instagram.com/lichy_ferjara,39366980010,,odontospy,human,85,0,2,0,100,A
mirnna_gonzalez,Mirna González,https://www.instagram.com/mirnna_gonzalez,3949320955,,odontospy,human,85,2,0,0,100,A
andy_sdl,Andrea Duarte,https://www.instagram.com/andy_sdl,3951829472,,odontospy,human,85,1,0,0,100,A
marian_veron,Marian Verón,https://www.instagram.com/marian_veron,395625738,,odontologia3py,human,85,2,0,0,100,A
antonio_mettel,Antonio Méttel,https://www.instagram.com/antonio_mettel,397130462,,protectiondentalcenter,human,85,2,0,0,100,A
lida_gonzalez,Lida González,https://www.instagram.com/lida_gonzalez,3979537274,,protectiondentalcenter,human,85,2,0,0,100,A
aurelio_cab,José Cabrera,https://www.instagram.com/aurelio_cab,3981593855,,odontospy,human,85,2,0,0,100,A
by_antun,Diego Antúnez,https://www.instagram.com/by_antun,398240030,,odontologia3py,human,85,2,0,0,100,A
alice_violeta,Alice Ramos,https://www.instagram.com/alice_violeta,399076710,,protectiondentalcenter,human,85,0,2,0,100,A
ana_acvdo,Ana Acevedo,https://www.instagram.com/ana_acvdo,399971851,,odontologia3py,human,85,1,0,0,100,A
gisse_rodg,Gii Rodríguez,https://www.instagram.com/gisse_rodg,40032463903,,protectiondentalcenter,human,85,2,0,0,100,A
karito_luque,Karol Virginia,https://www.instagram.com/karito_luque,4011622411,,protectiondentalcenter,human,85,0,0,2,100,A
sanchez_cecii,Cecilia Sánchez,https://www.instagram.com/sanchez_cecii,401533654,,protectiondentalcenter,human,85,2,0,0,100,A
sofi_coluchi,Sofía Coluchi,https://www.instagram.com/sofi_coluchi,4025355356,,protectiondentalcenter,human,85,2,0,0,100,A
fatyy_alvarenga,Fátima Alvarenga,https://www.instagram.com/fatyy_alvarenga,4026038630,,protectiondentalcenter,human,85,2,0,0,100,A
ingrid_tguerra,Ingrid Guerra,https://www.instagram.com/ingrid_tguerra,403405636,,protectiondentalcenter,human,85,0,2,0,100,A
sandra_gomezz,Sandra Gomez,https://www.instagram.com/sandra_gomezz,403465692,,protectiondentalcenter,human,85,0,2,0,100,A
danielolimpio_com,Daniel Olímpio,https://www.instagram.com/danielolimpio_com,40410802272,,protectiondentalcenter,human,85,2,0,0,100,A
adric_ramirez,Adriana Ramirez,https://www.instagram.com/adric_ramirez,404675971,,odontologia3py,human,85,0,2,0,100,A
jimena_gonzalez,Jimena González,https://www.instagram.com/jimena_gonzalez,40468308,,odontologia3py,human,85,2,0,0,100,A
gomez_sandrii,Gómez Sandra,https://www.instagram.com/gomez_sandrii,4102509591,,odontospy,human,85,2,2,0,100,A
monymont_py,Mónica Montserrat,https://www.instagram.com/monymont_py,4102828281,,odontologia3py,human,85,2,0,0,100,A
damaris_rivasu,Dámaris Rivas,https://www.instagram.com/damaris_rivasu,4113424760,,odontologia3py,human,85,2,0,2,100,A
colitasfelices_bermudez,Colitas Felices,https://www.instagram.com/colitasfelices_bermudez,4138184929,,protectiondentalcenter,human,85,0,2,0,100,A
gri_fernandez,Gri Fernández,https://www.instagram.com/gri_fernandez,4144003209,,protectiondentalcenter,human,85,2,0,0,100,A
andrea_kovardinska,Andrea Kovardinská,https://www.instagram.com/andrea_kovardinska,4148031073,,protectiondentalcenter,human,85,2,2,0,100,A
glo_arevalos,Gloria Arévalos,https://www.instagram.com/glo_arevalos,4151656614,,odontologia3py,human,85,2,0,0,100,A
sandrita_montiel,Romina Calderini,https://www.instagram.com/sandrita_montiel,4160926904,,odontologia3py,human,85,0,2,0,100,A
ana_reynaldi,Ana Reynaldi,https://www.instagram.com/ana_reynaldi,41644918446,,odontospy,human,85,1,0,0,100,A
justo_xtz,López Justo,https://www.instagram.com/justo_xtz,4168427257,,odontospy,human,85,2,0,0,100,A
sarina_caceres,Sary Cáceres,https://www.instagram.com/sarina_caceres,417509108,,protectiondentalcenter,human,85,2,0,0,100,A
anto_licitra,Antonella Licitra,https://www.instagram.com/anto_licitra,418727590,,protectiondentalcenter,human,85,0,2,0,100,A
rociogarcia_atelier,Rocío García,https://www.instagram.com/rociogarcia_atelier,41892204184,,protectiondentalcenter,human,85,2,0,0,100,A
jenny_lichi,Jenny Lichi,https://www.instagram.com/jenny_lichi,419848729,,odontologia3py,human,85,0,2,0,100,A
dratiede_py,Jessi Tiede,https://www.instagram.com/dratiede_py,420084213,,odontologia3py,human,85,0,2,0,100,A
andre_aguilera,Andre Aguilera,https://www.instagram.com/andre_aguilera,4216563606,,odontospy,human,85,0,2,0,100,A
katii_mendez,Kati Méndez,https://www.instagram.com/katii_mendez,4223602339,,odontospy,human,85,2,0,0,100,A
thamy_ro,Thamy Rodríguez,https://www.instagram.com/thamy_ro,424515135,,protectiondentalcenter,human,85,2,0,0,100,A
adrianita_me,Adri Mendez,https://www.instagram.com/adrianita_me,425761684,,odontologia3py,human,85,0,2,0,100,A
davalos_mirtha,Mirtha Dávalos,https://www.instagram.com/davalos_mirtha,42591828478,,protectiondentalcenter,human,85,2,0,0,100,A
andy_pinanes,Andrea Piñanes,https://www.instagram.com/andy_pinanes,4259883483,,odontospy,human,85,1,0,0,100,A
ziiiia_ingrid,Ingrid Martinet,https://www.instagram.com/ziiiia_ingrid,4268879673,,protectiondentalcenter,human,85,0,2,0,100,A
almiron_maura,Maura Almirón,https://www.instagram.com/almiron_maura,42727404705,,protectiondentalcenter,human,85,2,0,0,100,A
solangs_dominguez,Vaneza Dominguez,https://www.instagram.com/solangs_dominguez,4302845198,,protectiondentalcenter,human,85,0,2,0,100,A
marcos_ro,Marcos Rodriguez,https://www.instagram.com/marcos_ro,4309187400,,protectiondentalcenter,human,85,1,0,0,100,A
gloria_masago,Glória Masago,https://www.instagram.com/gloria_masago,4371852272,,protectiondentalcenter,human,85,2,0,0,100,A
elva_roman,Elva Román,https://www.instagram.com/elva_roman,441013433,,protectiondentalcenter,human,85,2,0,0,100,A
vickyguzman_sv,Vicky Guzmán,https://www.instagram.com/vickyguzman_sv,44290475058,,protectiondentalcenter,human,85,2,0,0,100,A
gleice_dafine,Dáfine Nando,https://www.instagram.com/gleice_dafine,44294608063,,protectiondentalcenter,human,85,2,0,0,100,A
mariplus_py,Mariplus Py,https://www.instagram.com/mariplus_py,44488076197,,protectiondentalcenter,human,85,0,0,2,100,A
jazmin_lencerias,Jazmín Lencería,https://www.instagram.com/jazmin_lencerias,44488530030,,odontologia3py,human,85,2,0,0,100,A
lic_tineo,Lic Tineo,https://www.instagram.com/lic_tineo,444997593,,protectiondentalcenter,human,85,0,2,0,100,A
maria_messiou,Maria Messiou,https://www.instagram.com/maria_messiou,4460895488,,protectiondentalcenter,human,85,1,0,0,100,A
heidy_gabi,Heidy Fernández,https://www.instagram.com/heidy_gabi,448398664,,protectiondentalcenter,human,85,2,0,0,100,A
belen_gonzaleez,Belén González,https://www.instagram.com/belen_gonzaleez,451325756,,odontologia3py,human,85,2,0,0,100,A
nati_mgonzalez,Natalia González,https://www.instagram.com/nati_mgonzalez,45160040000,,protectiondentalcenter,human,85,2,0,0,100,A
pame_boveda,Bóveda Pame,https://www.instagram.com/pame_boveda,4520801487,,protectiondentalcenter,human,85,2,0,0,100,A
jesi_rodgon,Pamela González,https://www.instagram.com/jesi_rodgon,45228697524,,protectiondentalcenter,human,85,2,0,0,100,A
andreaaqui_no,Andrea Aquino,https://www.instagram.com/andreaaqui_no,45234288413,,protectiondentalcenter,human,85,0,2,0,100,A
alicetorres_ian,Alice Torres,https://www.instagram.com/alicetorres_ian,452723392,,protectiondentalcenter,human,85,0,2,0,100,A
robert_frabri,Roberto Rodriguez,https://www.instagram.com/robert_frabri,45438802584,,odontospy,human,85,1,0,0,100,A
lacer_py,Lacer Paraguay,https://www.instagram.com/lacer_py,45447986196,,odontologia3py,human,85,0,0,2,100,A
tomekgg_ok,Tomasz Górecki,https://www.instagram.com/tomekgg_ok,45502868424,,protectiondentalcenter,human,85,2,0,0,100,A
adam_nunez,Adam Núñez,https://www.instagram.com/adam_nunez,455642841,,odontologia3py,human,85,2,0,0,100,A
camiila_almirn,Camila Almirón,https://www.instagram.com/camiila_almirn,45637456245,,protectiondentalcenter,human,85,2,0,0,100,A
evy_cent,Evelyn Centurión,https://www.instagram.com/evy_cent,4568580777,,odontologia3py,human,85,2,0,0,100,A
patricialutkenhaus_martins,Patrícia Martins,https://www.instagram.com/patricialutkenhaus_martins,45879726330,,protectiondentalcenter,human,85,2,0,0,100,A
anna_mastra,Anna Mas,https://www.instagram.com/anna_mastra,46131533503,,protectiondentalcenter,human,85,1,0,0,100,A
laura_gaete,Laura Gaete,https://www.instagram.com/laura_gaete,461691167,,protectiondentalcenter,human,85,1,0,0,100,A
andrea_ort,Andrea Andrea,https://www.instagram.com/andrea_ort,462514481,,odontospy,human,85,0,2,0,100,A
mary_almada,Cielo Almada,https://www.instagram.com/mary_almada,465080615,,protectiondentalcenter,human,85,1,0,0,100,A
marciaregina_braga,Márcia Braga,https://www.instagram.com/marciaregina_braga,4651718039,,protectiondentalcenter,human,85,2,0,0,100,A
fretes_pedro,Pedro Fretes,https://www.instagram.com/fretes_pedro,4654188116,,odontologia3py,human,85,0,2,0,100,A
monicardozo_py,Mónica Cardozo,https://www.instagram.com/monicardozo_py,466960210,,protectiondentalcenter,human,85,2,0,0,100,A
fachi_ma,Fátima Núñez,https://www.instagram.com/fachi_ma,46994557436,,protectiondentalcenter,human,85,2,0,0,100,A
laura_restelli,Laura Restelli,https://www.instagram.com/laura_restelli,46996417143,,protectiondentalcenter,human,85,1,0,0,100,A
sole_yem,Sole Martínez,https://www.instagram.com/sole_yem,47014432934,,odontologia3py,human,85,2,0,0,100,A
be_aguer,Belén Agüero,https://www.instagram.com/be_aguer,471304434,,protectiondentalcenter,human,85,2,0,0,100,A
gaby_davalosmart,Gaby Dávalos,https://www.instagram.com/gaby_davalosmart,471879088,,protectiondentalcenter,human,85,2,0,0,100,A
veronica_quintanag,Verónica Quintana,https://www.instagram.com/veronica_quintanag,4729932358,,protectiondentalcenter,human,85,2,0,0,100,A
belinda_bogarin,Belinda Anahí,https://www.instagram.com/belinda_bogarin,474793884,,protectiondentalcenter,human,85,2,0,0,100,A
kelly_py,Kelly Martínez,https://www.instagram.com/kelly_py,475566724,,protectiondentalcenter,human,85,2,0,0,100,A
macetas_rustikas,Macetas Rústicas,https://www.instagram.com/macetas_rustikas,47655723002,,protectiondentalcenter,human,85,2,0,0,100,A
juanc_hiro,Samuel Solís,https://www.instagram.com/juanc_hiro,47726858169,,odontospy,human,85,2,0,0,100,A
rolon_fabiii,Fabiana Rolón,https://www.instagram.com/rolon_fabiii,4795487046,,odontospy,human,85,2,0,0,100,A
nayar_alejandra,Alejandra Nayar,https://www.instagram.com/nayar_alejandra,48067392237,,protectiondentalcenter,human,85,0,2,0,100,A
tupasy_creaciones,Carmencita Sánchez,https://www.instagram.com/tupasy_creaciones,48152447234,,protectiondentalcenter,human,85,2,0,0,100,A
andru_esti,Andrea Estigarribia,https://www.instagram.com/andru_esti,481926796,,protectiondentalcenter,human,85,0,2,0,100,A
angelica_mariarubio,Angelica Rubio,https://www.instagram.com/angelica_mariarubio,48269855430,,protectiondentalcenter,human,85,0,2,0,100,A
martorell_alicia,Ali Martorell,https://www.instagram.com/martorell_alicia,48304046788,,protectiondentalcenter,human,85,0,2,0,100,A
acostta_andrea,Andrea Ramoa,https://www.instagram.com/acostta_andrea,48331147360,,protectiondentalcenter,human,85,0,2,0,100,A
roman_camilu,Camila Román,https://www.instagram.com/roman_camilu,48336086934,,odontospy,human,85,2,0,0,100,A
anne_vnvo,Anne Vennevault,https://www.instagram.com/anne_vnvo,48436925361,,protectiondentalcenter,human,85,1,0,0,100,A
brutilda_wc,Brutilda Paraguay,https://www.instagram.com/brutilda_wc,48520134955,,protectiondentalcenter,human,85,0,0,2,100,A
adri_yegres,Adriana Aguilera,https://www.instagram.com/adri_yegres,485202679,,protectiondentalcenter,human,85,0,2,0,100,A
bei_aguero,Beida Agüero,https://www.instagram.com/bei_aguero,4870602938,,protectiondentalcenter,human,85,2,0,0,100,A
guille_rodriguezm,Guillermo Rodríguez,https://www.instagram.com/guille_rodriguezm,49032707858,,odontospy,human,85,2,2,0,100,A
adrianamaria_fretes,Adriana María,https://www.instagram.com/adrianamaria_fretes,49079668506,,protectiondentalcenter,human,85,2,2,0,100,A
monica_stelatto,Monica Stelatto,https://www.instagram.com/monica_stelatto,493532814,,protectiondentalcenter,human,85,1,0,0,100,A
dianameza_ing,Diana Meza,https://www.instagram.com/dianameza_ing,49463963775,,protectiondentalcenter,human,85,0,2,0,100,A
mary_iguirguis,Mary Issa,https://www.instagram.com/mary_iguirguis,49608520376,,protectiondentalcenter,human,85,1,0,0,100,A
gilda_mfu,Gilda María,https://www.instagram.com/gilda_mfu,496215405,,odontologia3py,human,85,2,0,0,100,A
dr_berrah,Houda Berrah,https://www.instagram.com/dr_berrah,50022392050,,protectiondentalcenter,human,85,0,2,0,100,A
diana_iking,Diana Iking,https://www.instagram.com/diana_iking,500302836,,protectiondentalcenter,human,85,1,2,0,100,A
van_vrdn,Verdún Vanessa,https://www.instagram.com/van_vrdn,500525552,,protectiondentalcenter,human,85,2,0,0,100,A
hernan_aac,Hernán Amarilla,https://www.instagram.com/hernan_aac,502590179,,protectiondentalcenter,human,85,2,0,0,100,A
andre_sasoya,Andres Asoya,https://www.instagram.com/andre_sasoya,50356738462,,protectiondentalcenter,human,85,0,2,0,100,A
dr_zinachachoua,Zina Chachoua,https://www.instagram.com/dr_zinachachoua,50556770746,,protectiondentalcenter,human,85,0,2,0,100,A
wilfrido_quinonez,Wilfrido Quiñónez,https://www.instagram.com/wilfrido_quinonez,506603285,,odontospy,human,85,2,0,0,100,A
lilianac_ch,Liliana Chacón,https://www.instagram.com/lilianac_ch,50712449308,,protectiondentalcenter,human,85,2,0,0,100,A
torales_rodri,Rodri Torales,https://www.instagram.com/torales_rodri,50725914820,,protectiondentalcenter,human,85,0,2,0,100,A
miriam_andradeflrs,Miriam Andrade,https://www.instagram.com/miriam_andradeflrs,50847186900,,protectiondentalcenter,human,85,0,2,0,100,A
cristian_reinberg,Cristian Reinberg,https://www.instagram.com/cristian_reinberg,51021213680,,protectiondentalcenter,human,85,1,0,0,100,A
desmet_ingrid,Desmet Ingrid,https://www.instagram.com/desmet_ingrid,5103166337,,protectiondentalcenter,human,85,0,2,0,100,A
jazmin_armoa,Jazmín Armoa,https://www.instagram.com/jazmin_armoa,511637291,,odontospy,human,85,2,0,0,100,A
la_sandracervi,Sandra Cervi,https://www.instagram.com/la_sandracervi,512708674,,protectiondentalcenter,human,85,0,2,0,100,A
eduardo_chacomer,Eduardo Riquelme,https://www.instagram.com/eduardo_chacomer,51437711571,,odontospy,human,85,1,0,0,100,A
cesar_camps,César Camps,https://www.instagram.com/cesar_camps,514676266,,protectiondentalcenter,human,85,2,0,0,100,A
gustavo_mistral,Gustavo Mistral,https://www.instagram.com/gustavo_mistral,515296012,,protectiondentalcenter,human,85,1,0,0,100,A
iris_arevalos,Iris Arévalos,https://www.instagram.com/iris_arevalos,516755417,,odontologia3py,human,85,2,0,0,100,A
kat_uzka,Katy Gómez,https://www.instagram.com/kat_uzka,52129757978,,protectiondentalcenter,human,85,2,0,0,100,A
vane_servin,Vane Servín,https://www.instagram.com/vane_servin,522460881,,protectiondentalcenter,human,85,2,0,0,100,A
facundo_labneo,Facundo Rúa,https://www.instagram.com/facundo_labneo,52572801990,,odontologia3py,human,85,2,0,0,100,A
lilimartinez_ingcomercial,Liliana Martínez,https://www.instagram.com/lilimartinez_ingcomercial,52600926430,,protectiondentalcenter,human,85,2,2,0,100,A
panta_cardozo,León Cardozó,https://www.instagram.com/panta_cardozo,52901200190,,odontologia3py,human,85,2,0,0,100,A
senz_rocio,Senz Rocío,https://www.instagram.com/senz_rocio,53007237988,,protectiondentalcenter,human,85,2,0,0,100,A
niick_aguero,Nick Agüero,https://www.instagram.com/niick_aguero,53068299640,,odontospy,human,85,2,0,0,100,A
sandra_marinperez,Sandra Marin,https://www.instagram.com/sandra_marinperez,53216898700,,protectiondentalcenter,human,85,0,2,0,100,A
franz_lissa,Lissa Espinola,https://www.instagram.com/franz_lissa,5372718210,,protectiondentalcenter,human,85,1,0,0,100,A
so_aguilar,Sofía Aguilar,https://www.instagram.com/so_aguilar,539191693,,protectiondentalcenter,human,85,2,0,0,100,A
sarita_dejesus,Sara Florentín,https://www.instagram.com/sarita_dejesus,5392261432,,odontologia3py,human,85,2,0,0,100,A
omar_gca,Omar Calderón,https://www.instagram.com/omar_gca,5396771443,,odontospy,human,85,2,0,0,100,A
laura_gonzaa,Laura González,https://www.instagram.com/laura_gonzaa,541187896,,protectiondentalcenter,human,85,2,0,0,100,A
sandra_sedas,Sandra Sedas,https://www.instagram.com/sandra_sedas,5434523348,,protectiondentalcenter,human,85,0,2,0,100,A
gonza_nan,Nancy González,https://www.instagram.com/gonza_nan,544961424,,protectiondentalcenter,human,85,2,0,0,100,A
clau_echague,Claudia Echagüe,https://www.instagram.com/clau_echague,54536666563,,protectiondentalcenter,human,85,2,0,0,100,A
andressamanicure_oficial,Andressa Moreira,https://www.instagram.com/andressamanicure_oficial,54645751840,,protectiondentalcenter,human,85,0,2,0,100,A
verdun_vivii,Viviana Verdún,https://www.instagram.com/verdun_vivii,5479494330,,protectiondentalcenter,human,85,2,0,0,100,A
angelic_cent,Angélica Centurión,https://www.instagram.com/angelic_cent,548330527,,odontospy,human,85,2,2,0,100,A
katia_velazquez,Katia Velázquez,https://www.instagram.com/katia_velazquez,549672698,,protectiondentalcenter,human,85,2,0,0,100,A
alejandrarivero_odont,Alejandra Rivero,https://www.instagram.com/alejandrarivero_odont,5498413994,,protectiondentalcenter,human,85,0,2,0,100,A
mariaangeles_armas,Mariángeles Armas,https://www.instagram.com/mariaangeles_armas,55076439469,,protectiondentalcenter,human,85,2,0,0,100,A
griseldaozuna_bz,Griselda Báez,https://www.instagram.com/griseldaozuna_bz,5524151063,,protectiondentalcenter,human,85,2,0,0,100,A
selica_gamarra,Seli Gamarra,https://www.instagram.com/selica_gamarra,55390906015,,odontospy,human,85,0,2,0,100,A
fioroni_belen,Belén Fioroni,https://www.instagram.com/fioroni_belen,5543122514,,protectiondentalcenter,human,85,2,0,0,100,A
liz_larre,Liz Larré,https://www.instagram.com/liz_larre,556255195,,protectiondentalcenter,human,85,2,0,0,100,A
albert_pedrozo,Alberto Ped,https://www.instagram.com/albert_pedrozo,556944551,,protectiondentalcenter,human,85,0,2,0,100,A
ricardodaniel_dominguez,Daniel Domínguez,https://www.instagram.com/ricardodaniel_dominguez,5589010110,,protectiondentalcenter,human,85,2,2,0,100,A
lety_hermor,Lety Hernández,https://www.instagram.com/lety_hermor,5608778741,,protectiondentalcenter,human,85,2,0,0,100,A
mariac_chaparro,María Chaparro,https://www.instagram.com/mariac_chaparro,5614844082,,protectiondentalcenter,human,85,2,0,0,100,A
talia_lichi,Talia Lichi,https://www.instagram.com/talia_lichi,561999482,,odontospy,human,85,0,2,0,100,A
veronica_valdezzz,Verónica Valdez,https://www.instagram.com/veronica_valdezzz,56374215946,,protectiondentalcenter,human,85,2,0,0,100,A
yulia_asu,Julia Ayala,https://www.instagram.com/yulia_asu,564504281,,protectiondentalcenter,human,85,0,0,2,100,A
sandra_agriel,Sandra Agriel,https://www.instagram.com/sandra_agriel,5647176977,,protectiondentalcenter,human,85,0,2,0,100,A
andy_leti,Andrea Paniagua,https://www.instagram.com/andy_leti,5663353418,,odontologia3py,human,85,1,0,0,100,A
diana_dohmen,Diana Dohmen,https://www.instagram.com/diana_dohmen,5664669131,,protectiondentalcenter,human,85,1,0,0,100,A
dii_deleon,Diana Deleón,https://www.instagram.com/dii_deleon,5667952027,,protectiondentalcenter,human,85,2,0,0,100,A
lucia_venadita,Lucía Pérez,https://www.instagram.com/lucia_venadita,56729677140,,protectiondentalcenter,human,85,2,0,0,100,A
marecos_sandra,Sandra Marecos,https://www.instagram.com/marecos_sandra,5677736898,,protectiondentalcenter,human,85,0,2,0,100,A
follmer_veronica,Verónica Follmer,https://www.instagram.com/follmer_veronica,56813302496,,protectiondentalcenter,human,85,2,0,0,100,A
jajina_jajda,Ajksnerová Jaroslava,https://www.instagram.com/jajina_jajda,5712069888,,protectiondentalcenter,human,85,2,0,0,100,A
ana_britxz,Ana Britez,https://www.instagram.com/ana_britxz,5723305900,,protectiondentalcenter,human,85,1,0,0,100,A
delic_bilja,Delic Biljana,https://www.instagram.com/delic_bilja,57393371497,,protectiondentalcenter,human,85,0,2,0,100,A
kadernictvo_sieba,Zuzana Badáková,https://www.instagram.com/kadernictvo_sieba,57725894404,,protectiondentalcenter,human,85,2,0,0,100,A
marie_tejad,Marisol Tejada,https://www.instagram.com/marie_tejad,57940794068,,protectiondentalcenter,human,85,1,0,0,100,A
maria_moreljara,Maria Morel,https://www.instagram.com/maria_moreljara,58015947877,,odontospy,human,85,1,0,0,100,A
bia_echague,Bianca Echagüe,https://www.instagram.com/bia_echague,581395244,,protectiondentalcenter,human,85,2,0,0,100,A
maria_elisacb,Maria Elisa,https://www.instagram.com/maria_elisacb,581697357,,protectiondentalcenter,human,85,1,0,0,100,A
veronica_corretajes,Irene Mora,https://www.instagram.com/veronica_corretajes,5836717801,,protectiondentalcenter,human,85,1,0,0,100,A
andrea_rooding,Andrea Rooding,https://www.instagram.com/andrea_rooding,58598656016,,protectiondentalcenter,human,85,0,2,0,100,A
silsantillan_ok,Silvia Santillán,https://www.instagram.com/silsantillan_ok,58655287605,,protectiondentalcenter,human,85,2,0,0,100,A
rosa_urizar,Rosa Urizar,https://www.instagram.com/rosa_urizar,5886192617,,protectiondentalcenter,human,85,1,0,0,100,A
elena_iorgulescu,Elena Iorgulescu,https://www.instagram.com/elena_iorgulescu,5920936791,,protectiondentalcenter,human,85,1,0,0,100,A
adri_bryz,Adri Brizuela,https://www.instagram.com/adri_bryz,593569074,,protectiondentalcenter,human,85,0,2,0,100,A
bodo_aniko,Anikó Bodó,https://www.instagram.com/bodo_aniko,5943118425,,protectiondentalcenter,human,85,2,0,0,100,A
dr_bilbao,Ariel Bg,https://www.instagram.com/dr_bilbao,596272416,,odontologia3py,human,85,0,2,0,100,A
mariabe_mm,María Belén,https://www.instagram.com/mariabe_mm,596547216,,protectiondentalcenter,human,85,2,0,0,100,A
karencita_diaz,Karen Díaz,https://www.instagram.com/karencita_diaz,597638822,,odontologia3py,human,85,2,0,0,100,A
carballo_lisandra,Lisandra Carballo,https://www.instagram.com/carballo_lisandra,59945396321,,protectiondentalcenter,human,85,0,2,0,100,A
nagi_laalves,Nágila Alves,https://www.instagram.com/nagi_laalves,59975235439,,protectiondentalcenter,human,85,2,0,0,100,A
rosa_loiarro,Rosa Loiarro,https://www.instagram.com/rosa_loiarro,6000152660,,protectiondentalcenter,human,85,1,0,0,100,A
kasia_garcarz,Katarzyna Wójtowicz,https://www.instagram.com/kasia_garcarz,60289869403,,protectiondentalcenter,human,85,2,0,0,100,A
angelica_skyone,Angelica Estigarribia,https://www.instagram.com/angelica_skyone,6036114788,,protectiondentalcenter,human,85,0,2,0,100,A
emmaa_lookk,Rosa González,https://www.instagram.com/emmaa_lookk,6037454092,,protectiondentalcenter,human,85,2,0,0,100,A
andre_luthi,Andrea Lüthi,https://www.instagram.com/andre_luthi,6052233327,,odontospy,human,85,2,2,0,100,A
fati_eche,Fátima Echeverria,https://www.instagram.com/fati_eche,60853065916,,protectiondentalcenter,human,85,2,0,0,100,A
patty_roddriguez,Patty Rodriguez,https://www.instagram.com/patty_roddriguez,6091549882,,protectiondentalcenter,human,85,0,2,0,100,A
noemartina_ramirez,Noelia Ramírez,https://www.instagram.com/noemartina_ramirez,60931307483,,odontospy,human,85,2,0,0,100,A
diana_rojasmaza,Diana Rojas,https://www.instagram.com/diana_rojasmaza,6118470587,,protectiondentalcenter,human,85,1,0,0,100,A
maydelin_pedroso,Maydelin Pedroso,https://www.instagram.com/maydelin_pedroso,61285222263,,protectiondentalcenter,human,85,0,2,0,100,A
ayelen_fernandeeez,Ayelén Fernández,https://www.instagram.com/ayelen_fernandeeez,61308495448,,odontospy,human,85,2,0,0,100,A
eduardo_zarateee,Jossy Zarate,https://www.instagram.com/eduardo_zarateee,61314765484,,odontospy,human,85,1,0,0,100,A
patty_bafran,Patty Báez,https://www.instagram.com/patty_bafran,614129151,,protectiondentalcenter,human,85,2,0,0,100,A
eduardo_runerss,Eduardo Runerss,https://www.instagram.com/eduardo_runerss,6154114820,,protectiondentalcenter,human,85,1,0,0,100,A
yohana_liced,Liced Mendez,https://www.instagram.com/yohana_liced,6199712958,,protectiondentalcenter,human,85,0,2,0,100,A
sol_nufe,Andrea Núñez,https://www.instagram.com/sol_nufe,6199837373,,protectiondentalcenter,human,85,2,0,0,100,A
nan_gice,Giselle Céspedes,https://www.instagram.com/nan_gice,633466705,,protectiondentalcenter,human,85,2,0,0,100,A
multiservicios_galicopias,Multiservicios Galicopias,https://www.instagram.com/multiservicios_galicopias,6345879336,,protectiondentalcenter,human,85,0,2,0,100,A
saloon_avalon,Salón Ávalon,https://www.instagram.com/saloon_avalon,6359148957,,protectiondentalcenter,human,85,2,0,0,100,A
andre_gonzza,Andre Gonza,https://www.instagram.com/andre_gonzza,640390552,,protectiondentalcenter,human,85,0,2,0,100,A
maura_sma,Sofía Mouras,https://www.instagram.com/maura_sma,64404357800,,protectiondentalcenter,human,85,2,0,0,100,A
danytorres_hw,Daniel González,https://www.instagram.com/danytorres_hw,647858619,,odontologia3py,human,85,2,0,0,100,A
galega_acessoriosoficial,Galega Acessórios,https://www.instagram.com/galega_acessoriosoficial,65230214065,,protectiondentalcenter,human,85,2,0,0,100,A
adrihelly_lesme,Adrihelly Lesme,https://www.instagram.com/adrihelly_lesme,65242325328,,odontospy,human,85,0,2,0,100,A
faty_salinas,Fátima Salinas,https://www.instagram.com/faty_salinas,654047042,,odontologia3py,human,85,2,0,0,100,A
rcio_glz,González Rocio,https://www.instagram.com/rcio_glz,6590707384,,protectiondentalcenter,human,85,2,0,0,100,A
laura_fretes,Laura Fretes,https://www.instagram.com/laura_fretes,66504945626,,odontospy,human,85,1,0,0,100,A
ynes_vel,Ynés Velázquez,https://www.instagram.com/ynes_vel,667504528,,protectiondentalcenter,human,85,2,0,0,100,A
christopher_veron,Christopher Verón,https://www.instagram.com/christopher_veron,6677221912,,protectiondentalcenter,human,85,2,0,0,100,A
marile_castillo,Marilé Castillo,https://www.instagram.com/marile_castillo,6719687595,,protectiondentalcenter,human,85,2,0,0,100,A
jessi_forne,Jessica Fornerón,https://www.instagram.com/jessi_forne,677216908,,protectiondentalcenter,human,85,2,0,0,100,A
bety_ilic,Betty Ilic,https://www.instagram.com/bety_ilic,6784514684,,protectiondentalcenter,human,85,0,2,0,100,A
adri_scavone,Adriana Scavone,https://www.instagram.com/adri_scavone,6794705325,,odontologia3py,human,85,0,2,0,100,A
silvita_davalos,Silvita Dávalos,https://www.instagram.com/silvita_davalos,687265411,,protectiondentalcenter,human,85,2,0,0,100,A
li_fernandz,Liliana Fernández,https://www.instagram.com/li_fernandz,687412135,,odontospy,human,85,2,0,0,100,A
faatima_pinto,Fátima Pinto,https://www.instagram.com/faatima_pinto,6890811277,,protectiondentalcenter,human,85,2,0,0,100,A
suu_agd,Agüero Suu,https://www.instagram.com/suu_agd,6910579774,,odontospy,human,85,2,0,0,100,A
carmen_russita,Carmen Russo,https://www.instagram.com/carmen_russita,69673077400,,odontologia3py,human,85,1,0,0,100,A
gisseg_ma,Gissel Gómez,https://www.instagram.com/gisseg_ma,6982468981,,protectiondentalcenter,human,85,2,0,0,100,A
dami_wam,Damián Orihuela,https://www.instagram.com/dami_wam,6982861367,,protectiondentalcenter,human,85,2,0,0,100,A
draeliana_almeida,Eliana Almeida,https://www.instagram.com/draeliana_almeida,70056959484,,protectiondentalcenter,human,85,0,2,0,100,A
cynthia_naturalk,Cynthia Bernal,https://www.instagram.com/cynthia_naturalk,7021859053,,protectiondentalcenter,human,85,1,0,0,100,A
councilwoman_lourdesrodriguez,Lourdes Rodriguez,https://www.instagram.com/councilwoman_lourdesrodriguez,70229159615,,protectiondentalcenter,human,85,0,2,0,100,A
azul_vii,Azul Gómez,https://www.instagram.com/azul_vii,7048842479,,protectiondentalcenter,human,85,2,0,0,100,A
franco_cristi,Cristina Jiménez,https://www.instagram.com/franco_cristi,7050694132,,odontospy,human,85,2,0,0,100,A
victoria_jbb,Vicky Benitez,https://www.instagram.com/victoria_jbb,7075509134,,odontospy,human,85,1,0,0,100,A
lic_cinthiagimenez,Cinthia Gimenez,https://www.instagram.com/lic_cinthiagimenez,70804679322,,protectiondentalcenter,human,85,0,2,0,100,A
cynthia_espinoo,Cynthia Espinoza,https://www.instagram.com/cynthia_espinoo,7118383771,,odontospy,human,85,1,0,0,100,A
fernando_ammatuna,Fernando Ammatuna,https://www.instagram.com/fernando_ammatuna,712871501,,odontospy,human,85,1,0,0,100,A
pame_camposdr,Pamela Campos,https://www.instagram.com/pame_camposdr,715932586,,protectiondentalcenter,human,85,0,2,0,100,A
chiqui_gavilan,Lorena Gavilán,https://www.instagram.com/chiqui_gavilan,716511927,,odontologia3py,human,85,2,0,0,100,A
aleksandra_qosja,Aleksandra Qosja,https://www.instagram.com/aleksandra_qosja,71829940972,,protectiondentalcenter,human,85,0,2,0,100,A
dreyer_paz,Maria Dreyer,https://www.instagram.com/dreyer_paz,71904736994,,protectiondentalcenter,human,85,0,2,0,100,A
arnaldo_mz,Arnaldo Méndez,https://www.instagram.com/arnaldo_mz,7227102360,,odontologia3py,human,85,2,0,0,100,A
orue_anto,Anto Orué,https://www.instagram.com/orue_anto,72395757255,,odontospy,human,85,2,0,0,100,A
andy_garcetee,Andy Garcete,https://www.instagram.com/andy_garcetee,7268683678,,odontospy,human,85,1,0,0,100,A
guillen_vielva,Vielva Guillén,https://www.instagram.com/guillen_vielva,7273188931,,protectiondentalcenter,human,85,2,0,0,100,A
anna_ragozzini,Anna Ragozzini,https://www.instagram.com/anna_ragozzini,7280863207,,protectiondentalcenter,human,85,1,0,0,100,A
sandrita_gomezadorno,Sandrita Gómez,https://www.instagram.com/sandrita_gomezadorno,7302188034,,protectiondentalcenter,human,85,2,2,0,100,A
domingo_chamorro,Domingo Chamorro,https://www.instagram.com/domingo_chamorro,733015737,,protectiondentalcenter,human,85,0,2,0,100,A
moni_rom,Mónica Romero,https://www.instagram.com/moni_rom,742583967,,protectiondentalcenter,human,85,2,0,0,100,A
brutus_py,Bruno Fernández,https://www.instagram.com/brutus_py,7437075646,,odontologia3py,human,85,2,0,0,100,A
mon_jacque,Jacqueline Rodríguez,https://www.instagram.com/mon_jacque,7473623231,,odontospy,human,85,2,0,0,100,A
monica_nunezca,Monica Nunez,https://www.instagram.com/monica_nunezca,7496106199,,odontospy,human,85,1,0,0,100,A
laura_solgalvan,Laura Solano,https://www.instagram.com/laura_solgalvan,7517318887,,protectiondentalcenter,human,85,1,0,0,100,A
patty_boveda,Patty Bóveda,https://www.instagram.com/patty_boveda,756852938,,protectiondentalcenter,human,85,2,0,0,100,A
luli_rodriguezort,Luli Rodríguez,https://www.instagram.com/luli_rodriguezort,758944795,,odontospy,human,85,2,2,0,100,A
mary_achucarro,Mary Achucarro,https://www.instagram.com/mary_achucarro,76090503993,,odontologia3py,human,85,1,0,0,100,A
valeria_archija,Valéria Archija,https://www.instagram.com/valeria_archija,7682650301,,protectiondentalcenter,human,85,2,0,0,100,A
coverkey_py,Coverkey Paraguay,https://www.instagram.com/coverkey_py,77157515580,,protectiondentalcenter,human,85,0,0,2,100,A
lucita_lgd,Lucía Guzmán,https://www.instagram.com/lucita_lgd,7740611603,,protectiondentalcenter,human,85,2,0,0,100,A
yenny_almi,Yenny Almirón,https://www.instagram.com/yenny_almi,774693566,,protectiondentalcenter,human,85,2,0,0,100,A
miryan_aguero,Miryan Agüero,https://www.instagram.com/miryan_aguero,7763621485,,protectiondentalcenter,human,85,2,0,0,100,A
matii_bedoyaolm,Matías Bedoya,https://www.instagram.com/matii_bedoyaolm,78194577055,,odontospy,human,85,2,0,0,100,A
zarzafra_mari,María Zarza,https://www.instagram.com/zarzafra_mari,7860027227,,protectiondentalcenter,human,85,2,0,0,100,A
adrii_lesmo,Adriana Adriana,https://www.instagram.com/adrii_lesmo,787731629,,protectiondentalcenter,human,85,0,2,0,100,A
adri_mazo,Adriana Mazo,https://www.instagram.com/adri_mazo,788129635,,protectiondentalcenter,human,85,0,2,0,100,A
lucas_alar,Lucas Alarcón,https://www.instagram.com/lucas_alar,7985939311,,protectiondentalcenter,human,85,2,0,0,100,A
hernandez_hernandezclaudia,Hernández Hernández,https://www.instagram.com/hernandez_hernandezclaudia,8010143648,,protectiondentalcenter,human,85,2,0,0,100,A
kimgongora_oficial,Kim Góngora,https://www.instagram.com/kimgongora_oficial,8011903635,,protectiondentalcenter,human,85,2,0,0,100,A
dhienifer_elizandra,Dhienifer Elizandra,https://www.instagram.com/dhienifer_elizandra,8084248690,,odontospy,human,85,0,2,0,100,A
tina_nobrega,Tina Nóbrega,https://www.instagram.com/tina_nobrega,8103750199,,protectiondentalcenter,human,85,2,0,0,100,A
for_orue,Facundo Orué,https://www.instagram.com/for_orue,811144146,,odontospy,human,85,2,0,0,100,A
yulii_verdun,Yulii Verdún,https://www.instagram.com/yulii_verdun,8169254042,,protectiondentalcenter,human,85,2,0,0,100,A
brenda_grassi,Brenda Grassi,https://www.instagram.com/brenda_grassi,830125445,,odontologia3py,human,85,1,0,0,100,A
victoria_andraderodriguez,Victoria Andrade,https://www.instagram.com/victoria_andraderodriguez,8317716351,,protectiondentalcenter,human,85,1,2,0,100,A
andrea_peressutti,Andrea Peressutti,https://www.instagram.com/andrea_peressutti,8355103416,,protectiondentalcenter,human,85,0,2,0,100,A
licha_orrabali,Lm Ramw,https://www.instagram.com/licha_orrabali,8396097264,,protectiondentalcenter,human,85,0,2,0,100,A
maria_gottardo,Maria Gottardo,https://www.instagram.com/maria_gottardo,8441206253,,protectiondentalcenter,human,85,1,0,0,100,A
ak_printingpy,Ak Printing,https://www.instagram.com/ak_printingpy,8449650753,,odontologia3py,human,85,0,2,0,100,A
gonza_krn,Karen González,https://www.instagram.com/gonza_krn,8466012716,,protectiondentalcenter,human,85,2,0,0,100,A
ingrid_vilaseca,Ingrid Vilaseca,https://www.instagram.com/ingrid_vilaseca,8494214588,,protectiondentalcenter,human,85,0,2,0,100,A
corinne_noumea,Corinne Nouméa,https://www.instagram.com/corinne_noumea,8519359124,,protectiondentalcenter,human,85,2,0,0,100,A
kris_leonb,Krista León,https://www.instagram.com/kris_leonb,8617756873,,odontologia3py,human,85,2,0,0,100,A
ma_noelia,Noelia Benítez,https://www.instagram.com/ma_noelia,871487199,,protectiondentalcenter,human,85,2,0,0,100,A
adrianna_riveros,Adri Riveros,https://www.instagram.com/adrianna_riveros,8720483985,,odontologia3py,human,85,0,2,0,100,A
claralopez_py,Clara López,https://www.instagram.com/claralopez_py,8755924955,,odontospy,human,85,2,0,0,100,A
jey_otazu,Liset Otazú,https://www.instagram.com/jey_otazu,880877330,,protectiondentalcenter,human,85,2,0,0,100,A
vazquez_fatinoe,Fátima Vázquez,https://www.instagram.com/vazquez_fatinoe,891209687,,protectiondentalcenter,human,85,2,0,0,100,A
rocio_cespedesdominguez,Elizabeth Beneth,https://www.instagram.com/rocio_cespedesdominguez,8928871612,,protectiondentalcenter,human,85,0,2,0,100,A
ruben_rodrigo,Rubén Villalba,https://www.instagram.com/ruben_rodrigo,911938035,,odontospy,human,85,2,2,0,100,A
mirelys_liccioni,Mirelys Liccioni,https://www.instagram.com/mirelys_liccioni,920423151,,protectiondentalcenter,human,85,0,2,0,100,A
marija_adramanova,Marija Adramanova,https://www.instagram.com/marija_adramanova,9285363229,,protectiondentalcenter,human,85,0,2,0,100,A
belenn_gomez,Anahí Gómez,https://www.instagram.com/belenn_gomez,937220242,,protectiondentalcenter,human,85,2,0,0,100,A
gaston_lugones,Gastón Lugones,https://www.instagram.com/gaston_lugones,939159851,,odontospy,human,85,2,0,0,100,A
andrea_ojedam,Andrea Ojeda,https://www.instagram.com/andrea_ojedam,9405977056,,odontologia3py,human,85,0,2,0,100,A
dr_yumerova,Aysun Yumerova,https://www.instagram.com/dr_yumerova,9419247891,,protectiondentalcenter,human,85,0,2,0,100,A
marizza_ramirez,Mari Ramírez,https://www.instagram.com/marizza_ramirez,946838041,,protectiondentalcenter,human,85,2,0,0,100,A
tere_colman,Tere Colmán,https://www.instagram.com/tere_colman,955689565,,protectiondentalcenter,human,85,2,0,0,100,A
jess_jzum,Jessica María,https://www.instagram.com/jess_jzum,971693186,,protectiondentalcenter,human,85,2,0,0,100,A
adri_valdezm,Adri Valdez,https://www.instagram.com/adri_valdezm,974841640,,protectiondentalcenter,human,85,0,2,0,100,A
andr_acevedo,Andrea Acevedo,https://www.instagram.com/andr_acevedo,975300205,,protectiondentalcenter,human,85,0,2,0,100,A
almiron_clauu,Claudia Almirón,https://www.instagram.com/almiron_clauu,976039123,,odontologia3py,human,85,2,0,0,100,A
maria_tessari,Maria Tessari,https://www.instagram.com/maria_tessari,978160264,,protectiondentalcenter,human,85,1,0,0,100,A
maluquita_go,Lujan Gómez,https://www.instagram.com/maluquita_go,9874244009,,odontologia3py,human,85,2,0,0,100,A
carlos_adorno,Carlos Adorno,https://www.instagram.com/carlos_adorno,988201794,,protectiondentalcenter,human,85,1,0,0,100,A
menchu_rolon,Menchu Rolón,https://www.instagram.com/menchu_rolon,990167352,,odontospy,human,85,2,0,0,100,A
mabel_samudio,Mabel Samudio Rios,https://www.instagram.com/mabel_samudio,1001294200,,odontospy,human,95,0,0,0,95,A
sheila_romina,Sheila Romina Bogado,https://www.instagram.com/sheila_romina,1001658595,,odontospy,human,95,0,0,0,95,A
edita_espinola,Maria Edita Espinola Poletti,https://www.instagram.com/edita_espinola,10031028107,,odontologia3py,human,95,0,0,0,95,A
simone_nmartins,Simone Neto Martins,https://www.instagram.com/simone_nmartins,1005804565,,protectiondentalcenter,human,95,0,0,0,95,A
mariaa_malpartida,Maria Malpartida Saucedo,https://www.instagram.com/mariaa_malpartida,1006964613,,protectiondentalcenter,human,95,0,0,0,95,A
jess_carmi,Jessica Ferreira Silva,https://www.instagram.com/jess_carmi,1014057055,,odontospy,human,95,0,0,0,95,A
rosamarilla_lird,Rosa Amarilla Lird,https://www.instagram.com/rosamarilla_lird,1018573802,,odontologia3py,human,95,0,0,0,95,A
naty_digiorno,Natalia Di Giorno,https://www.instagram.com/naty_digiorno,1030557379,,odontospy,human,95,0,0,0,95,A
karen_urrutiav,Karen Urrutia Valdebenito,https://www.instagram.com/karen_urrutiav,1034187670,,protectiondentalcenter,human,95,0,0,0,95,A
land_krout,Melina Carrasco Carrasco,https://www.instagram.com/land_krout,1034246934,,protectiondentalcenter,human,95,0,0,0,95,A
evelia_aldana,Evelia Ramirez Hernandez Aldana,https://www.instagram.com/evelia_aldana,10372426875,,protectiondentalcenter,human,95,0,0,0,95,A
iperatriz_gl,Maria Agatha Martins,https://www.instagram.com/iperatriz_gl,10430948766,,protectiondentalcenter,human,95,0,0,0,95,A
normi_vazquez,Vazquez Lopez Norma,https://www.instagram.com/normi_vazquez,1043323218,,protectiondentalcenter,human,95,0,0,0,95,A
tadeo_scout,Tadeo Manuel Martinez Cano,https://www.instagram.com/tadeo_scout,1050424635,,odontologia3py,human,95,0,0,0,95,A
loyda_calero,Loyda Lilliam Calero Sobalvarro,https://www.instagram.com/loyda_calero,1065701186,,protectiondentalcenter,human,95,0,0,0,95,A
cimod_pf,Cimod Porto Franco,https://www.instagram.com/cimod_pf,10661577575,,protectiondentalcenter,human,95,0,0,0,95,A
isaura_pereirabe,Isaura Isabel Pereira,https://www.instagram.com/isaura_pereirabe,10711190823,,odontospy,human,95,0,0,0,95,A
gaby_matto,Maria Eustaquia Matto Alfonzo,https://www.instagram.com/gaby_matto,1072506007,,protectiondentalcenter,human,95,0,0,0,95,A
shashami_montecinoshidalgo,Sandra Maria Montecinos Hidalgo,https://www.instagram.com/shashami_montecinoshidalgo,10850301475,,protectiondentalcenter,human,95,0,0,0,95,A
cris_nathy,Nathalia Martinez Tellez,https://www.instagram.com/cris_nathy,1096517854,,odontologia3py,human,95,0,0,0,95,A
minu_gamarra,Micheli Carolina Gamarra,https://www.instagram.com/minu_gamarra,1106658654,,protectiondentalcenter,human,95,0,0,0,95,A
salma_alvarengaq,Salma Alvarenga Quiroga,https://www.instagram.com/salma_alvarengaq,1107828812,,odontologia3py,human,95,0,0,0,95,A
idini_cheda,Idinii Cheda Cheda,https://www.instagram.com/idini_cheda,1115632943,,protectiondentalcenter,human,95,0,0,0,95,A
covi_martinez,Cova Covaguay Martinez,https://www.instagram.com/covi_martinez,11176704563,,protectiondentalcenter,human,95,0,0,0,95,A
monique_caaguazu,Emenelia Figueredo Rodas,https://www.instagram.com/monique_caaguazu,11311152783,,protectiondentalcenter,human,95,0,0,0,95,A
sebas_noguera,Sebastian Noguera Dominguez,https://www.instagram.com/sebas_noguera,1137140753,,odontologia3py,human,95,0,0,0,95,A
mn_ramirez,Maria Nilda Ramirez Veron,https://www.instagram.com/mn_ramirez,1143992157,,protectiondentalcenter,human,95,0,0,0,95,A
abacaxi_danza,Elo Santa Cruz,https://www.instagram.com/abacaxi_danza,11565937085,,protectiondentalcenter,human,95,0,0,0,95,A
mariela_famozo,Mariela Caceres Famozo,https://www.instagram.com/mariela_famozo,1177794151,,protectiondentalcenter,human,95,0,0,0,95,A
maricarmen_alava,Maricarmen Alava Boyes,https://www.instagram.com/maricarmen_alava,11880414421,,protectiondentalcenter,human,95,0,0,0,95,A
librada_celle,Librada Rocio Celle,https://www.instagram.com/librada_celle,11922238186,,odontologia3py,human,95,0,0,0,95,A
marisa_fiori,Marisa Pucci Fiori,https://www.instagram.com/marisa_fiori,1197625310,,protectiondentalcenter,human,95,0,0,0,95,A
cyn_eli,Cynthia Elizabeth Ocampos,https://www.instagram.com/cyn_eli,1205553712,,odontologia3py,human,95,0,0,0,95,A
lorena_presentado,Lorena Elizabeth Presentado,https://www.instagram.com/lorena_presentado,1217378108,,protectiondentalcenter,human,95,0,0,0,95,A
mel_ortegaf,Melvis Ortega Ferloni,https://www.instagram.com/mel_ortegaf,1232234551,,protectiondentalcenter,human,95,0,0,0,95,A
palu_cusmanich,Palu Flecha Cusmanich,https://www.instagram.com/palu_cusmanich,1232526074,,protectiondentalcenter,human,95,0,0,0,95,A
nana_solisa,Nana Solis Arias,https://www.instagram.com/nana_solisa,1233273987,,protectiondentalcenter,human,95,0,0,0,95,A
macristina_ortiz,Maria Cristina Ortiz,https://www.instagram.com/macristina_ortiz,12383942978,,protectiondentalcenter,human,95,0,0,0,95,A
viny_intriago,Viny Intriago Santana,https://www.instagram.com/viny_intriago,1238933078,,protectiondentalcenter,human,95,0,0,0,95,A
rosie_lofland,Rosie Lofland Lopez,https://www.instagram.com/rosie_lofland,12542671689,,protectiondentalcenter,human,95,0,0,0,95,A
martita_franco,Martita Martinez Franco,https://www.instagram.com/martita_franco,1259629825,,odontologia3py,human,95,0,0,0,95,A
ruthjanethde_magarelli,Ruth Janeth Magarelli,https://www.instagram.com/ruthjanethde_magarelli,12615482596,,protectiondentalcenter,human,95,0,0,0,95,A
ma_beatrizcalcena,Maria Beatriz Calcena,https://www.instagram.com/ma_beatrizcalcena,1263003729,,protectiondentalcenter,human,95,0,0,0,95,A
koke_jara,Maria Jara Nuñez,https://www.instagram.com/koke_jara,1264957687,,protectiondentalcenter,human,95,0,0,0,95,A
mery_xime,Maria Ximena Rodriguez,https://www.instagram.com/mery_xime,1267146018,,protectiondentalcenter,human,95,0,0,0,95,A
roberta_tarelho,Roberta Karina Tarelho,https://www.instagram.com/roberta_tarelho,1275537036,,protectiondentalcenter,human,95,0,0,0,95,A
nancyy_beniitez,Nancy Benitez Escurra,https://www.instagram.com/nancyy_beniitez,1277032057,,protectiondentalcenter,human,95,0,0,0,95,A
joel_filipigh,Joel Fernando Filipigh,https://www.instagram.com/joel_filipigh,1285479627,,protectiondentalcenter,human,95,0,0,0,95,A
juanc_laferrere,Juan Carlos Martinez,https://www.instagram.com/juanc_laferrere,12892543474,,protectiondentalcenter,human,95,0,0,0,95,A
christina_vilasboas,Khiryz Vilas Boas,https://www.instagram.com/christina_vilasboas,1295522390,,protectiondentalcenter,human,95,0,0,0,95,A
valdenora_marques,Valdenora Santos Marques,https://www.instagram.com/valdenora_marques,1303731864,,protectiondentalcenter,human,95,0,0,0,95,A
cognetti_cathy,Cathy Cognetti Turchini,https://www.instagram.com/cognetti_cathy,13086394069,,protectiondentalcenter,human,95,0,0,0,95,A
leticia_guachi,Leticia Ortega Guachire,https://www.instagram.com/leticia_guachi,1315714143,,protectiondentalcenter,human,95,0,0,0,95,A
mafer_rolon,Maria Fernanda Rolon,https://www.instagram.com/mafer_rolon,1319658233,,odontologia3py,human,95,0,0,0,95,A
tam_valen,Tamara Valentina Lorenzatto Benitez,https://www.instagram.com/tam_valen,1324314748,,protectiondentalcenter,human,95,0,0,0,95,A
franco_tali,Natalia Adriana Franco,https://www.instagram.com/franco_tali,1337036415,,protectiondentalcenter,human,95,0,0,0,95,A
angela_alterio,Angela Maria Alterio,https://www.instagram.com/angela_alterio,1337237840,,protectiondentalcenter,human,95,0,0,0,95,A
katte_flor,Katterine Candia Flor,https://www.instagram.com/katte_flor,1339072105,,protectiondentalcenter,human,95,0,0,0,95,A
mercedes_espinola,Mercedes Carolina Espinola Peña,https://www.instagram.com/mercedes_espinola,1344242651,,odontospy,human,95,0,0,0,95,A
alcira_sunilda,Alcira Sunilda Valdez Ibanez,https://www.instagram.com/alcira_sunilda,1350262577,,protectiondentalcenter,human,95,0,0,0,95,A
gus_moralesyegros,Gustavo Morales Yegros,https://www.instagram.com/gus_moralesyegros,1354610405,,odontologia3py,human,95,0,0,0,95,A
ferreira_evaa,Eva Antonia Ferreira Villasboa,https://www.instagram.com/ferreira_evaa,13620647959,,protectiondentalcenter,human,95,0,0,0,95,A
iris_ihanellads,Iris Ihanella Dos Santos,https://www.instagram.com/iris_ihanellads,1365328730,,protectiondentalcenter,human,95,0,0,0,95,A
ojeda_agus,Agus Ojeda Sanchez,https://www.instagram.com/ojeda_agus,1369182774,,odontologia3py,human,95,0,0,0,95,A
giss_roarich,Kathia Gissel Roa,https://www.instagram.com/giss_roarich,1376105898,,odontologia3py,human,95,0,0,0,95,A
piza_veronica,Piza Ortiz Veronica,https://www.instagram.com/piza_veronica,13767294118,,protectiondentalcenter,human,95,0,0,0,95,A
curuvica_record,Lupe Dharma Melgarejo,https://www.instagram.com/curuvica_record,1390076306,,protectiondentalcenter,human,95,0,0,0,95,A
aure_aguayo,Maria Aurelia Aguayo Galeano,https://www.instagram.com/aure_aguayo,1393445610,,odontologia3py,human,95,0,0,0,95,A
paz_ramos,Yoli Paz Ramos Prieto,https://www.instagram.com/paz_ramos,1399658261,,protectiondentalcenter,human,95,0,0,0,95,A
francy_goncar,Franci Cardozo Gonzalez,https://www.instagram.com/francy_goncar,1400490755,,odontologia3py,human,95,0,0,0,95,A
rosmi_sanchez,Rose Marie Sanchez,https://www.instagram.com/rosmi_sanchez,1400841453,,odontologia3py,human,95,0,0,0,95,A
ele_margarita,Elena Cabañas Martinez,https://www.instagram.com/ele_margarita,1400952863,,protectiondentalcenter,human,95,0,0,0,95,A
claudia_tejidoscrochet,Claudia Noemi Martinez Ramirez,https://www.instagram.com/claudia_tejidoscrochet,14013188411,,protectiondentalcenter,human,95,0,0,0,95,A
viki_gonnet,Virginia Gonnet Ernst,https://www.instagram.com/viki_gonnet,14045178335,,protectiondentalcenter,human,95,0,0,0,95,A
teresa_masip,Teresa Masip Omella,https://www.instagram.com/teresa_masip,14089375210,,protectiondentalcenter,human,95,0,0,0,95,A
cinthia_janet,Cinthia Piris Arce,https://www.instagram.com/cinthia_janet,1411858457,,protectiondentalcenter,human,95,0,0,0,95,A
mariaelena_mirjanovich,Maria Elena Mirjanovich,https://www.instagram.com/mariaelena_mirjanovich,1412156953,,protectiondentalcenter,human,95,0,0,0,95,A
marwa_elkadii,Marwa El Kady,https://www.instagram.com/marwa_elkadii,1417801710,,protectiondentalcenter,human,95,0,0,0,95,A
mate_ovelar,Maria Teresa Ovelar,https://www.instagram.com/mate_ovelar,1423694583,,odontologia3py,human,95,0,0,0,95,A
rcnn_paulaa,Paula Rute Nascimento,https://www.instagram.com/rcnn_paulaa,1424490082,,protectiondentalcenter,human,95,0,0,0,95,A
pabla_are,Pabla Isamara Arevalos,https://www.instagram.com/pabla_are,1424563091,,protectiondentalcenter,human,95,0,0,0,95,A
laly_elskamp,Laly Aj Elskamp,https://www.instagram.com/laly_elskamp,1425871694,,protectiondentalcenter,human,95,0,0,0,95,A
marialucila_noguera,Maria Lucila Noguera Ojeda,https://www.instagram.com/marialucila_noguera,1431399639,,protectiondentalcenter,human,95,0,0,0,95,A
antonia_arrua,Anto Arrua Miranda,https://www.instagram.com/antonia_arrua,1433961497,,protectiondentalcenter,human,95,0,0,0,95,A
kari_nugall,Kari Nu Gallardo,https://www.instagram.com/kari_nugall,1435341101,,odontologia3py,human,95,0,0,0,95,A
elizabet_meza,Carmen Elizabet Meza,https://www.instagram.com/elizabet_meza,1436374697,,protectiondentalcenter,human,95,0,0,0,95,A
izmelda_recalde,Izmelda Ivelise Recalde,https://www.instagram.com/izmelda_recalde,1440306596,,protectiondentalcenter,human,95,0,0,0,95,A
tere_noldin,Tere Noldin Acosta,https://www.instagram.com/tere_noldin,14403113455,,odontologia3py,human,95,0,0,0,95,A
paoli_herebia,Pao Pao Herebia,https://www.instagram.com/paoli_herebia,1448894196,,odontospy,human,95,0,0,0,95,A
beatriz_padillac,Beatriz Padilla Duenas,https://www.instagram.com/beatriz_padillac,1451108421,,protectiondentalcenter,human,95,0,0,0,95,A
mariley_molas,Mariley Molas Diel,https://www.instagram.com/mariley_molas,1452918417,,protectiondentalcenter,human,95,0,0,0,95,A
osval_irrazabal,Osval Adrian Irrazabal Estigarribia,https://www.instagram.com/osval_irrazabal,1455927898,,odontologia3py,human,95,0,0,0,95,A
ivana_aguirrekaterine,Ivana Katerine Aguirre Fermin,https://www.instagram.com/ivana_aguirrekaterine,1455950950,,protectiondentalcenter,human,95,0,0,0,95,A
aldana_matto,Matto Toppi Aldana Gabriela,https://www.instagram.com/aldana_matto,14569845711,,odontospy,human,95,0,0,0,95,A
dolly_rojas,Dolly Rojas Larrea,https://www.instagram.com/dolly_rojas,1457104993,,protectiondentalcenter,human,95,0,0,0,95,A
lisan_vazquez,Lisandry Anahi Vazquez,https://www.instagram.com/lisan_vazquez,1462481178,,protectiondentalcenter,human,95,0,0,0,95,A
liz_zfv,Liz Zunilda Funes,https://www.instagram.com/liz_zfv,1463292845,,protectiondentalcenter,human,95,0,0,0,95,A
jesica_noemy,Ayala Noemi Jesica,https://www.instagram.com/jesica_noemy,14655130597,,protectiondentalcenter,human,95,0,0,0,95,A
rod_villalba,Rodrigo Ariel Villalba,https://www.instagram.com/rod_villalba,1465581255,,odontologia3py,human,95,0,0,0,95,A
santacruz_ruth,Ruth Vanessa Santacruz Sanabria,https://www.instagram.com/santacruz_ruth,1466816287,,protectiondentalcenter,human,95,0,0,0,95,A
miika_jara,Micaela Jara Collante,https://www.instagram.com/miika_jara,1470795037,,odontospy,human,95,0,0,0,95,A
chiara_livieres,Giulia Chiara Livieres Savino,https://www.instagram.com/chiara_livieres,1479602560,,odontospy,human,95,0,0,0,95,A
feeli_gonzalez,Felicia Ramona Gonzalez Godoy,https://www.instagram.com/feeli_gonzalez,1480210395,,protectiondentalcenter,human,95,0,0,0,95,A
lissie_gp,Lissie Giselle Patiño,https://www.instagram.com/lissie_gp,1482342987,,protectiondentalcenter,human,95,0,0,0,95,A
thom_brec,Arnaldo Thomas Gracia Adorno,https://www.instagram.com/thom_brec,1484141705,,protectiondentalcenter,human,95,0,0,0,95,A
valesmat_milhec,Hector Inostroza Robles,https://www.instagram.com/valesmat_milhec,1489892269,,odontologia3py,human,95,0,0,0,95,A
stelita_robles,Stela Roble Suarez,https://www.instagram.com/stelita_robles,1490015976,,protectiondentalcenter,human,95,0,0,0,95,A
marta_trinidada,Marta Trinidad Sanguina,https://www.instagram.com/marta_trinidada,1490524449,,protectiondentalcenter,human,95,0,0,0,95,A
esneider_mezapy,Esneider Meza Enciso,https://www.instagram.com/esneider_mezapy,1490920377,,odontospy,human,95,0,0,0,95,A
alexjavier_mendoza,Javier Alexander Mendoza Ortiz,https://www.instagram.com/alexjavier_mendoza,1491106230,,odontologia3py,human,95,0,0,0,95,A
fabiana_rasmussen,Fabiana Analia Rasmussen,https://www.instagram.com/fabiana_rasmussen,1496443324,,protectiondentalcenter,human,95,0,0,0,95,A
catherina_vcortessi,Catherin Valdez Cortessi,https://www.instagram.com/catherina_vcortessi,1498675347,,protectiondentalcenter,human,95,0,0,0,95,A
martinez_bearos,Martinez Beatriz Rosa,https://www.instagram.com/martinez_bearos,1504234336,,protectiondentalcenter,human,95,0,0,0,95,A
jacky_santoschlosser,Jacky Dos Santos Schlosser,https://www.instagram.com/jacky_santoschlosser,1505647602,,protectiondentalcenter,human,95,0,0,0,95,A
edavid_af,David Acuña Fretes,https://www.instagram.com/edavid_af,1507736234,,protectiondentalcenter,human,95,0,0,0,95,A
fabiola_baez,Fabiola Baez Portillo,https://www.instagram.com/fabiola_baez,1511087128,,protectiondentalcenter,human,95,0,0,0,95,A
estigarribia_liz,Liz Paola Estigarribia,https://www.instagram.com/estigarribia_liz,1512750862,,protectiondentalcenter,human,95,0,0,0,95,A
romm_yegros,Rommy Yegros Ramirez,https://www.instagram.com/romm_yegros,1516990145,,odontologia3py,human,95,0,0,0,95,A
asensi_carla,Carla Martinez Asensi,https://www.instagram.com/asensi_carla,1521203567,,protectiondentalcenter,human,95,0,0,0,95,A
tanya_acunha,Tanya Leticia Acuña Valdez,https://www.instagram.com/tanya_acunha,1524246548,,protectiondentalcenter,human,95,0,0,0,95,A
victor_alcides,Victor Alcides Durañona Fariña,https://www.instagram.com/victor_alcides,1524363470,,odontospy,human,95,0,0,0,95,A
noemi_vanuno,Noemi Esther Vanuno Szylit,https://www.instagram.com/noemi_vanuno,1525164025,,protectiondentalcenter,human,95,0,0,0,95,A
jhoa_almiron,Jhoana Ramos Almiron,https://www.instagram.com/jhoa_almiron,1525648786,,protectiondentalcenter,human,95,0,0,0,95,A
crist_amarilla,Cristhian Amarilla Torres,https://www.instagram.com/crist_amarilla,1525899308,,protectiondentalcenter,human,95,0,0,0,95,A
lau_rosario,Luz Luna Cielo,https://www.instagram.com/lau_rosario,1527079861,,protectiondentalcenter,human,95,0,0,0,95,A
mileidy_em,Luz Mary Murcia,https://www.instagram.com/mileidy_em,15279939518,,protectiondentalcenter,human,95,0,0,0,95,A
fabiana_galiano,Fabiana Galiano Camardiel,https://www.instagram.com/fabiana_galiano,1533899143,,protectiondentalcenter,human,95,0,0,0,95,A
amparogg_agg,Amparo Gallego Gallego,https://www.instagram.com/amparogg_agg,1534329874,,protectiondentalcenter,human,95,0,0,0,95,A
marley_aguada,Marley Aguada Rojas,https://www.instagram.com/marley_aguada,1537781931,,protectiondentalcenter,human,95,0,0,0,95,A
jhoana_santander,Jhoana Marisol Santander Amarilla,https://www.instagram.com/jhoana_santander,1539801928,,protectiondentalcenter,human,95,0,0,0,95,A
mitzy_baeuty,Mitzy Toro Vilos,https://www.instagram.com/mitzy_baeuty,1543316105,,protectiondentalcenter,human,95,0,0,0,95,A
cristiina_machado,Cristina Mendes Teixeira Machado,https://www.instagram.com/cristiina_machado,1544730441,,protectiondentalcenter,human,95,0,0,0,95,A
sofi_becker,Sofia Gomez Becker,https://www.instagram.com/sofi_becker,1550104623,,protectiondentalcenter,human,95,0,0,0,95,A
shey_ojeda,Sheila Ojeda Adorno,https://www.instagram.com/shey_ojeda,1554067746,,protectiondentalcenter,human,95,0,0,0,95,A
kariiroth_oc,Kari Roth Ocampos,https://www.instagram.com/kariiroth_oc,1561799136,,odontospy,human,95,0,0,0,95,A
judith_rocca,Judith Rocca Tarotista,https://www.instagram.com/judith_rocca,1565154185,,protectiondentalcenter,human,95,0,0,0,95,A
nelly_twins,Rosa Nelly Reyes Gallegos,https://www.instagram.com/nelly_twins,1570848860,,protectiondentalcenter,human,95,0,0,0,95,A
neide_lez,Paola Lezcano Ayala,https://www.instagram.com/neide_lez,1571692969,,protectiondentalcenter,human,95,0,0,0,95,A
dorothy_baezz,Mayra Baez Zena,https://www.instagram.com/dorothy_baezz,1571911413,,odontospy,human,95,0,0,0,95,A
daniela_bolfer,Daniela Bolfer Silva,https://www.instagram.com/daniela_bolfer,1572710867,,protectiondentalcenter,human,95,0,0,0,95,A
ghelga_meza,Ghelga Riseria Meza Martinez,https://www.instagram.com/ghelga_meza,1574125643,,odontospy,human,95,0,0,0,95,A
malish_subeldia,Maria Liz Subeldia,https://www.instagram.com/malish_subeldia,1582931461,,protectiondentalcenter,human,95,0,0,0,95,A
mirta_jarenko,Mirta Jarenko Brinkmann,https://www.instagram.com/mirta_jarenko,15889148231,,odontospy,human,95,0,0,0,95,A
bioq_cynthiavallejos,Cynthia Mabel Vallejos,https://www.instagram.com/bioq_cynthiavallejos,1590351443,,protectiondentalcenter,human,95,0,0,0,95,A
maggy_chanel,Bella Bella Bella,https://www.instagram.com/maggy_chanel,1604195722,,protectiondentalcenter,human,95,0,0,0,95,A
liaa_mareco,Lia Antonella Mareco,https://www.instagram.com/liaa_mareco,1608123322,,odontologia3py,human,95,0,0,0,95,A
anita_alaarcon,Ana Mejia Alarcon,https://www.instagram.com/anita_alaarcon,1622375119,,odontospy,human,95,0,0,0,95,A
pili_yubero,Pili Yubero Aponte,https://www.instagram.com/pili_yubero,1625461941,,protectiondentalcenter,human,95,0,0,0,95,A
mirian_dz,Mirian Raquel Dohmen Zalazar,https://www.instagram.com/mirian_dz,1627779052,,protectiondentalcenter,human,95,0,0,0,95,A
leida_nahir,Leida Nahir Ocampos,https://www.instagram.com/leida_nahir,1628326189,,protectiondentalcenter,human,95,0,0,0,95,A
alexa_pantoja,Alexandra Pantoja Fuentes,https://www.instagram.com/alexa_pantoja,1630853047,,protectiondentalcenter,human,95,0,0,0,95,A
marta_silguero,Marta Silguero Sosa,https://www.instagram.com/marta_silguero,1632610894,,protectiondentalcenter,human,95,0,0,0,95,A
celebrant_melbourne,Marie Kouroulis Celebrant,https://www.instagram.com/celebrant_melbourne,1633087964,,protectiondentalcenter,human,95,0,0,0,95,A
rociio_aylenn,Rocio Aylen Ramirez,https://www.instagram.com/rociio_aylenn,1634500560,,odontospy,human,95,0,0,0,95,A
flaca_vicky,Vicky Benitez Miranda,https://www.instagram.com/flaca_vicky,1638392627,,protectiondentalcenter,human,95,0,0,0,95,A
paola_kinast,Paola Kinast Alberdi,https://www.instagram.com/paola_kinast,1638464961,,protectiondentalcenter,human,95,0,0,0,95,A
ave_rock,Avelina Rios Torres,https://www.instagram.com/ave_rock,1640193758,,protectiondentalcenter,human,95,0,0,0,95,A
martini_rosita,Maria Rosa Martini,https://www.instagram.com/martini_rosita,1641021285,,protectiondentalcenter,human,95,0,0,0,95,A
vivian_surita,Vivian Surita Padilla,https://www.instagram.com/vivian_surita,1646950236,,protectiondentalcenter,human,95,0,0,0,95,A
evelin_estigarribia,Evelin Estigarribia Monges,https://www.instagram.com/evelin_estigarribia,1648312969,,protectiondentalcenter,human,95,0,0,0,95,A
milena_egevarth,Milena Egevarth Hofstetter,https://www.instagram.com/milena_egevarth,1654236406,,odontospy,human,95,0,0,0,95,A
caje_lucia,Lucia Alma Caje,https://www.instagram.com/caje_lucia,1654758428,,protectiondentalcenter,human,95,0,0,0,95,A
yelipse_gomez,Yelipse Coromoto Gomez,https://www.instagram.com/yelipse_gomez,1655875815,,protectiondentalcenter,human,95,0,0,0,95,A
dayanesayuri_tsubouchi,Dayane Sayuri Tsubouchi,https://www.instagram.com/dayanesayuri_tsubouchi,16574396169,,protectiondentalcenter,human,95,0,0,0,95,A
sayyada_sonya,Sonya Sayyada Bukhari,https://www.instagram.com/sayyada_sonya,1675683685,,protectiondentalcenter,human,95,0,0,0,95,A
ileana_leticia,Ileana Leticia Ortiz Ortiz,https://www.instagram.com/ileana_leticia,1676477407,,protectiondentalcenter,human,95,0,0,0,95,A
auri_guerrero,Auria Guerrero Sanchez,https://www.instagram.com/auri_guerrero,1683021154,,protectiondentalcenter,human,95,0,0,0,95,A
gloriaram_apuril,Maria Gloria Ramirez Apuril,https://www.instagram.com/gloriaram_apuril,1683050242,,odontospy,human,95,0,0,0,95,A
ena_buenohabegger,Ena Teresa Bueno Habegger,https://www.instagram.com/ena_buenohabegger,1685874119,,protectiondentalcenter,human,95,0,0,0,95,A
sanye_carrillo,Sanye Carrillo Candia,https://www.instagram.com/sanye_carrillo,16922453866,,odontologia3py,human,95,0,0,0,95,A
nubia_socarras,Nubia Yaneth Socarras Ramirez,https://www.instagram.com/nubia_socarras,1693596273,,protectiondentalcenter,human,95,0,0,0,95,A
liz_zalema,Liz Noelia Zalema,https://www.instagram.com/liz_zalema,1693604128,,protectiondentalcenter,human,95,0,0,0,95,A
ivan_mancuello,Ivan Mancuello Rojas,https://www.instagram.com/ivan_mancuello,1697041401,,odontologia3py,human,95,0,0,0,95,A
maryorie_jacome,Maryorie Alexandra Jacome,https://www.instagram.com/maryorie_jacome,17040262205,,protectiondentalcenter,human,95,0,0,0,95,A
clau_besu,Susana Claudia Bernal,https://www.instagram.com/clau_besu,1704393438,,protectiondentalcenter,human,95,0,0,0,95,A
enciso_celso,Celso Ramon Enciso Cantero,https://www.instagram.com/enciso_celso,17072114680,,protectiondentalcenter,human,95,0,0,0,95,A
gloria_estepa,Gloria Estepa Sosa,https://www.instagram.com/gloria_estepa,1708266823,,protectiondentalcenter,human,95,0,0,0,95,A
fernandez_nicol,Nicol Fernandez Lirio,https://www.instagram.com/fernandez_nicol,1727203265,,protectiondentalcenter,human,95,0,0,0,95,A
ruth_hautecoiffure,Ruth Escurra Martinucci,https://www.instagram.com/ruth_hautecoiffure,1729262232,,protectiondentalcenter,human,95,0,0,0,95,A
rosario_lopezcastro,Rosario Lopez Castro,https://www.instagram.com/rosario_lopezcastro,17331821115,,protectiondentalcenter,human,95,0,0,0,95,A
marcela_vmgd,Marcela Terrazas Bobadilla,https://www.instagram.com/marcela_vmgd,17377121286,,protectiondentalcenter,human,95,0,0,0,95,A
seba_llano,Mario Sebastian Gaona Llano,https://www.instagram.com/seba_llano,173940690,,protectiondentalcenter,human,95,0,0,0,95,A
lizr_orquiola,Liz Rodriguez Orquiola,https://www.instagram.com/lizr_orquiola,1744141882,,protectiondentalcenter,human,95,0,0,0,95,A
nilsa_ayala,Nilsa Noemi Ayala,https://www.instagram.com/nilsa_ayala,1748240334,,odontospy,human,95,0,0,0,95,A
marley_dayana,Marley Dayana Suarez Angarita,https://www.instagram.com/marley_dayana,1748556512,,protectiondentalcenter,human,95,0,0,0,95,A
pati_avila,Pati Avila Meza,https://www.instagram.com/pati_avila,174884419,,odontologia3py,human,95,0,0,0,95,A
amaya_eva,Eva Luz Amaya,https://www.instagram.com/amaya_eva,1758859178,,protectiondentalcenter,human,95,0,0,0,95,A
velmi_mary,Mary Velarde Millan,https://www.instagram.com/velmi_mary,1759247159,,protectiondentalcenter,human,95,0,0,0,95,A
osmar_sm,Osmar Suarez Maldonado,https://www.instagram.com/osmar_sm,1759629670,,protectiondentalcenter,human,95,0,0,0,95,A
canale_mariacristina,Maria Cristina Canale,https://www.instagram.com/canale_mariacristina,1772530766,,protectiondentalcenter,human,95,0,0,0,95,A
ldesmet_nl,Da Silva Da Silva,https://www.instagram.com/ldesmet_nl,1774284749,,protectiondentalcenter,human,95,0,0,0,95,A
olga_pame,Pamela Franco Vera,https://www.instagram.com/olga_pame,1774303137,,protectiondentalcenter,human,95,0,0,0,95,A
karen_ortizvera,Karen Ortiz Vera,https://www.instagram.com/karen_ortizvera,1774763495,,odontospy,human,95,0,0,0,95,A
la_lopiz,Blanca Elizabeth Lopez Paez,https://www.instagram.com/la_lopiz,1775534827,,protectiondentalcenter,human,95,0,0,0,95,A
maricel_rios,Maricel Rios Villalba,https://www.instagram.com/maricel_rios,1777749786,,protectiondentalcenter,human,95,0,0,0,95,A
naza_suher,Naza Irimia Kasim,https://www.instagram.com/naza_suher,178335859,,protectiondentalcenter,human,95,0,0,0,95,A
nil_gava,Nilsa Godoy Avalos,https://www.instagram.com/nil_gava,1785623605,,protectiondentalcenter,human,95,0,0,0,95,A
jadichi_ayala,Jadichi Ayala Garicox,https://www.instagram.com/jadichi_ayala,1787626787,,odontologia3py,human,95,0,0,0,95,A
iracema_silvia,Iracema Silvia Fretes,https://www.instagram.com/iracema_silvia,1789408889,,odontospy,human,95,0,0,0,95,A
yusbeli_velasquez,Yusbeli La Morena,https://www.instagram.com/yusbeli_velasquez,1800248528,,protectiondentalcenter,human,95,0,0,0,95,A
nenita_palomino,Maria Elena Palomino Martinez,https://www.instagram.com/nenita_palomino,18040955996,,protectiondentalcenter,human,95,0,0,0,95,A
erik_olazar,Erika Andrea Olazar Rolon,https://www.instagram.com/erik_olazar,1812181741,,protectiondentalcenter,human,95,0,0,0,95,A
flor_haba,Flor Haba Garcia,https://www.instagram.com/flor_haba,1812523662,,protectiondentalcenter,human,95,0,0,0,95,A
leni_mendezc,Maria Elena Mendez Cabrera,https://www.instagram.com/leni_mendezc,18141965676,,protectiondentalcenter,human,95,0,0,0,95,A
jordana_vasquez,Jordana Vasquez Salcan,https://www.instagram.com/jordana_vasquez,1815004839,,protectiondentalcenter,human,95,0,0,0,95,A
cecilia_melga,Carmen Cecilia Melgarejo,https://www.instagram.com/cecilia_melga,1817601866,,protectiondentalcenter,human,95,0,0,0,95,A
sendhy_baquierrosete,Sendhy Baquier Rosete,https://www.instagram.com/sendhy_baquierrosete,1817905600,,protectiondentalcenter,human,95,0,0,0,95,A
prieto_cecilia,Cecilia Prieto Santacruz,https://www.instagram.com/prieto_cecilia,1826023425,,odontologia3py,human,95,0,0,0,95,A
zulmira_huespe,Zulmira Peralta Huespe,https://www.instagram.com/zulmira_huespe,183520037,,odontologia3py,human,95,0,0,0,95,A
marcela_altacostura,Marcela Alta Costura,https://www.instagram.com/marcela_altacostura,1902863195,,protectiondentalcenter,human,95,0,0,0,95,A
edith_espinolaa,Espinola Sussan Edith,https://www.instagram.com/edith_espinolaa,1903521115,,protectiondentalcenter,human,95,0,0,0,95,A
mirna_martinezv,Mirna Mabel Martinez,https://www.instagram.com/mirna_martinezv,1906453868,,protectiondentalcenter,human,95,0,0,0,95,A
lis_arzagau,Lisandry Arzamendia Gauto,https://www.instagram.com/lis_arzagau,1908496216,,odontospy,human,95,0,0,0,95,A
lorena_mir,Lorena Raquel Mir Duarte,https://www.instagram.com/lorena_mir,1909576425,,protectiondentalcenter,human,95,0,0,0,95,A
ermo_salinas,Ermo Salinas Servin,https://www.instagram.com/ermo_salinas,190966631,,protectiondentalcenter,human,95,0,0,0,95,A
ramonita_mos,Ramonita Mosqueira Ferreira,https://www.instagram.com/ramonita_mos,1912553722,,odontologia3py,human,95,0,0,0,95,A
noita_ricagno,Noelia Ricagno Espinoza,https://www.instagram.com/noita_ricagno,191382533,,protectiondentalcenter,human,95,0,0,0,95,A
elrinconde_yami,Yamila Soledad Britez,https://www.instagram.com/elrinconde_yami,19279961055,,protectiondentalcenter,human,95,0,0,0,95,A
yendy_ab,Yendy Nayeli Angulo Beltran,https://www.instagram.com/yendy_ab,1928127890,,protectiondentalcenter,human,95,0,0,0,95,A
diaz_nimia,Nimia Ofelia Diaz,https://www.instagram.com/diaz_nimia,1944353311,,odontologia3py,human,95,0,0,0,95,A
carola_cms,Caro Cms Silva,https://www.instagram.com/carola_cms,1947800409,,protectiondentalcenter,human,95,0,0,0,95,A
jlr_cancun,Jose Luis Rivas,https://www.instagram.com/jlr_cancun,1950549262,,protectiondentalcenter,human,95,0,0,0,95,A
mechy_pera,Mercedes Acosta Pera,https://www.instagram.com/mechy_pera,1952445041,,protectiondentalcenter,human,95,0,0,0,95,A
ruby_clavijo,Ruby Clavijo Saavedra,https://www.instagram.com/ruby_clavijo,1954611198,,protectiondentalcenter,human,95,0,0,0,95,A
ceci_corrot,Myrtha Cecilia Corrotea Hevia,https://www.instagram.com/ceci_corrot,1955281322,,protectiondentalcenter,human,95,0,0,0,95,A
lucineia_izaque,Lucineia Izaque Grutzmann,https://www.instagram.com/lucineia_izaque,1956263359,,protectiondentalcenter,human,95,0,0,0,95,A
luu_alva,Maria Luisa Alvarez,https://www.instagram.com/luu_alva,1962716227,,odontospy,human,95,0,0,0,95,A
hanane_tawk,Hanane Tawk Khadra,https://www.instagram.com/hanane_tawk,1965284502,,protectiondentalcenter,human,95,0,0,0,95,A
pao_bello,Paola Bello Aldana,https://www.instagram.com/pao_bello,1969731207,,protectiondentalcenter,human,95,0,0,0,95,A
luli_benegas,Lourdes Rocio Benegas Rojas,https://www.instagram.com/luli_benegas,1969856337,,odontospy,human,95,0,0,0,95,A
clau_cobos,Claudia Cobos Mar,https://www.instagram.com/clau_cobos,1970850074,,protectiondentalcenter,human,95,0,0,0,95,A
luz_marilin,Luz Marilin Leiva,https://www.instagram.com/luz_marilin,1970912105,,odontologia3py,human,95,0,0,0,95,A
mimi_olivera,Eveling Olivera Rangel,https://www.instagram.com/mimi_olivera,1976842380,,protectiondentalcenter,human,95,0,0,0,95,A
mar_goyes,Mar Gonzalez Goyes,https://www.instagram.com/mar_goyes,1977334562,,protectiondentalcenter,human,95,0,0,0,95,A
nira_molina,Molina Machado Valcenira,https://www.instagram.com/nira_molina,1983542457,,protectiondentalcenter,human,95,0,0,0,95,A
babysi_marins,Silene Gomes Marins,https://www.instagram.com/babysi_marins,1984630315,,protectiondentalcenter,human,95,0,0,0,95,A
shir_zarate,Shirley Zarate Torres,https://www.instagram.com/shir_zarate,19872148936,,protectiondentalcenter,human,95,0,0,0,95,A
giuli_germa,Giuliana Germani Tioli,https://www.instagram.com/giuli_germa,1992737151,,protectiondentalcenter,human,95,0,0,0,95,A
kisbel_leza,Kokedamas Kokedamas Kokedamas,https://www.instagram.com/kisbel_leza,1993743244,,protectiondentalcenter,human,95,0,0,0,95,A
rogerguzman_gv,Roger Guzman Gimenez,https://www.instagram.com/rogerguzman_gv,1994204571,,protectiondentalcenter,human,95,0,0,0,95,A
zabeth_padilladglez,Zabeth Padilla Nava,https://www.instagram.com/zabeth_padilladglez,1996070654,,protectiondentalcenter,human,95,0,0,0,95,A
loois_lewis,Luis Gomez Angels,https://www.instagram.com/loois_lewis,1998475839,,protectiondentalcenter,human,95,0,0,0,95,A
clei_not,Cleidy Notario Cardozo,https://www.instagram.com/clei_not,199946682,,protectiondentalcenter,human,95,0,0,0,95,A
alberto_gini,Alberto Navarro Gini,https://www.instagram.com/alberto_gini,200157952,,odontologia3py,human,95,0,0,0,95,A
lilian_fonta,Liliana Noemi Fontanini,https://www.instagram.com/lilian_fonta,20059288531,,protectiondentalcenter,human,95,0,0,0,95,A
erikasoeli_duarteo,Erika Soeli Duarte Ortiz,https://www.instagram.com/erikasoeli_duarteo,2007042150,,protectiondentalcenter,human,95,0,0,0,95,A
roz_zweig,Rosette Niego Zweig,https://www.instagram.com/roz_zweig,2013319874,,protectiondentalcenter,human,95,0,0,0,95,A
eloida_florencio,Eloida Maria Florencio,https://www.instagram.com/eloida_florencio,2015635773,,protectiondentalcenter,human,95,0,0,0,95,A
juliana_dasilveira,Juliana Da Silveira,https://www.instagram.com/juliana_dasilveira,2016757190,,protectiondentalcenter,human,95,0,0,0,95,A
jois_vazquez,Leticia Franco Vazquez,https://www.instagram.com/jois_vazquez,2019829706,,odontospy,human,95,0,0,0,95,A
silvina_arcef,Silvina Arce Ferrer,https://www.instagram.com/silvina_arcef,202122990,,odontologia3py,human,95,0,0,0,95,A
julia_seguel,Julia Seguel Balboa,https://www.instagram.com/julia_seguel,2027090042,,protectiondentalcenter,human,95,0,0,0,95,A
brujita_jennyfuentes,Jenny Fuentes Molina,https://www.instagram.com/brujita_jennyfuentes,2028489079,,protectiondentalcenter,human,95,0,0,0,95,A
ramonita_insfran,Elizabeth Insfran Rivas,https://www.instagram.com/ramonita_insfran,2035701448,,protectiondentalcenter,human,95,0,0,0,95,A
bruno_lovera,Bruno Maximiliano Lovera,https://www.instagram.com/bruno_lovera,2051425082,,odontologia3py,human,95,0,0,0,95,A
raquel_amar,Raquel Amarilla Godoy,https://www.instagram.com/raquel_amar,2056707401,,odontospy,human,95,0,0,0,95,A
lizfabiola_diaz,Liz Fabiola Diaz,https://www.instagram.com/lizfabiola_diaz,2057757690,,protectiondentalcenter,human,95,0,0,0,95,A
jara_angela,Angie Jara Cousirat,https://www.instagram.com/jara_angela,2063283991,,protectiondentalcenter,human,95,0,0,0,95,A
lizma_sanchez,Liz Mabel Sanchez,https://www.instagram.com/lizma_sanchez,2089263227,,odontospy,human,95,0,0,0,95,A
nolfa_delia,Nolfa Guzman Carrillo,https://www.instagram.com/nolfa_delia,2090871295,,protectiondentalcenter,human,95,0,0,0,95,A
ester_genez,Ester Genez Rolon,https://www.instagram.com/ester_genez,2093340364,,protectiondentalcenter,human,95,0,0,0,95,A
palma_juani,Juani Ramos Palma,https://www.instagram.com/palma_juani,2100488708,,protectiondentalcenter,human,95,0,0,0,95,A
ada_uldera,Ada Normi Ortelllado,https://www.instagram.com/ada_uldera,2115355590,,protectiondentalcenter,human,95,0,0,0,95,A
klauss_cuellar,Octavio Klauss Cuellar Rivera,https://www.instagram.com/klauss_cuellar,212070619,,protectiondentalcenter,human,95,0,0,0,95,A
juan_acostaocampos,Juan Acosta Ocampos,https://www.instagram.com/juan_acostaocampos,2124493722,,protectiondentalcenter,human,95,0,0,0,95,A
lir_ocampos,Lida Rosa Ocampos Rojas,https://www.instagram.com/lir_ocampos,2127075645,,protectiondentalcenter,human,95,0,0,0,95,A
mili_larco,Mil Mariacecilia Larco,https://www.instagram.com/mili_larco,2127912468,,protectiondentalcenter,human,95,0,0,0,95,A
luzmaa_gonzalez,Luz Marina Gonzalez,https://www.instagram.com/luzmaa_gonzalez,2128956974,,odontospy,human,95,0,0,0,95,A
randa_kassir,Randa Kassir Khouzami,https://www.instagram.com/randa_kassir,2130355196,,protectiondentalcenter,human,95,0,0,0,95,A
julieta_natacha,Julieta Natacha Villalba,https://www.instagram.com/julieta_natacha,2132750971,,protectiondentalcenter,human,95,0,0,0,95,A
amal_ariss,Amal Al Ariss,https://www.instagram.com/amal_ariss,2135068767,,protectiondentalcenter,human,95,0,0,0,95,A
perla_mdavies,Perla Meza Davies,https://www.instagram.com/perla_mdavies,2135230038,,protectiondentalcenter,human,95,0,0,0,95,A
romii_francoo,Maria Romina Franco,https://www.instagram.com/romii_francoo,2135308260,,protectiondentalcenter,human,95,0,0,0,95,A
janita_shee,Alejandra Shee Ortiz,https://www.instagram.com/janita_shee,2137008888,,protectiondentalcenter,human,95,0,0,0,95,A
carol_chamo,Chamorro Carolina Erika,https://www.instagram.com/carol_chamo,2143948991,,protectiondentalcenter,human,95,0,0,0,95,A
nad_jazz,Jazmin Gimenez Gonzalez,https://www.instagram.com/nad_jazz,214503898,,protectiondentalcenter,human,95,0,0,0,95,A
cortinas_velasquez,Sofia Quepuy Quispe,https://www.instagram.com/cortinas_velasquez,21462320469,,protectiondentalcenter,human,95,0,0,0,95,A
aldojackson_py,Aldo Jackson Delgado,https://www.instagram.com/aldojackson_py,21480380243,,protectiondentalcenter,human,95,0,0,0,95,A
palote_palacios,Marcelo Eduardo Palacios,https://www.instagram.com/palote_palacios,21525637,,protectiondentalcenter,human,95,0,0,0,95,A
avalos_nau,Bianca Avalos Naumann,https://www.instagram.com/avalos_nau,2175997933,,odontologia3py,human,95,0,0,0,95,A
norma_montielrotela,Norma Montiel Rotela,https://www.instagram.com/norma_montielrotela,218214678,,protectiondentalcenter,human,95,0,0,0,95,A
annapatrycja_mazurek,Anna Patrycja Mazurek,https://www.instagram.com/annapatrycja_mazurek,2199232624,,protectiondentalcenter,human,95,0,0,0,95,A
vivianamabel_aguilera,Viviana Mabel Aguilera Millan,https://www.instagram.com/vivianamabel_aguilera,2201733367,,protectiondentalcenter,human,95,0,0,0,95,A
yanire_aguirre,Doris Yanire Aguirre,https://www.instagram.com/yanire_aguirre,2203341098,,protectiondentalcenter,human,95,0,0,0,95,A
angela_moutinelli,Angela Klock Moutinelli,https://www.instagram.com/angela_moutinelli,2207904276,,protectiondentalcenter,human,95,0,0,0,95,A
ome_elizondo,Omeira Elizondo Hinojosa,https://www.instagram.com/ome_elizondo,22107094727,,protectiondentalcenter,human,95,0,0,0,95,A
roxanaa_zamora,Roxana Zamora Bautista,https://www.instagram.com/roxanaa_zamora,2211066410,,protectiondentalcenter,human,95,0,0,0,95,A
pachy_deleon,Patricia De Leon,https://www.instagram.com/pachy_deleon,2216851134,,protectiondentalcenter,human,95,0,0,0,95,A
rosana_peraltanoguera,Rosana Peralta Noguera,https://www.instagram.com/rosana_peraltanoguera,2221518659,,protectiondentalcenter,human,95,0,0,0,95,A
mister_oscuroyt,Mister Oscuro Oscuridad Total,https://www.instagram.com/mister_oscuroyt,2228675265,,odontospy,human,95,0,0,0,95,A
sagri_sanzb,Sagrario Sanz Borrell,https://www.instagram.com/sagri_sanzb,22378955762,,protectiondentalcenter,human,95,0,0,0,95,A
cristy_qyaluk,Cristy Quiñonez Yaluk,https://www.instagram.com/cristy_qyaluk,2257078857,,protectiondentalcenter,human,95,0,0,0,95,A
mariaelsa_aleman,Maria Elsa Aleman,https://www.instagram.com/mariaelsa_aleman,2263414056,,protectiondentalcenter,human,95,0,0,0,95,A
shamira_diaz,Maria Idalia Diaz,https://www.instagram.com/shamira_diaz,2263999666,,protectiondentalcenter,human,95,0,0,0,95,A
carme_ausio,Carme Ausio Soler,https://www.instagram.com/carme_ausio,226568205,,protectiondentalcenter,human,95,0,0,0,95,A
rossanna_cabre,Rossanna Cabrera Insfran,https://www.instagram.com/rossanna_cabre,2266052227,,protectiondentalcenter,human,95,0,0,0,95,A
ruizdiaz_paloma,Paloma Ruiz Diaz,https://www.instagram.com/ruizdiaz_paloma,2270419840,,protectiondentalcenter,human,95,0,0,0,95,A
gabriela_gonpy,Gabriela Gianina Gonzalez,https://www.instagram.com/gabriela_gonpy,2277981505,,protectiondentalcenter,human,95,0,0,0,95,A
dulcemaria_alonso,Dulce Maria Alonso,https://www.instagram.com/dulcemaria_alonso,2283774472,,odontologia3py,human,95,0,0,0,95,A
genes_luis,Luis Genez Meza,https://www.instagram.com/genes_luis,2287744343,,protectiondentalcenter,human,95,0,0,0,95,A
mario_tonanez,Mario Toñanez Chavez,https://www.instagram.com/mario_tonanez,2294089778,,protectiondentalcenter,human,95,0,0,0,95,A
mabell_rocio,Rocio Mabel Maldonado Diaz,https://www.instagram.com/mabell_rocio,2297335587,,odontospy,human,95,0,0,0,95,A
bracho_kris,Kristel Bracho Mora,https://www.instagram.com/bracho_kris,2301426870,,protectiondentalcenter,human,95,0,0,0,95,A
arrua_rocio,Nadia Rocio Arrua,https://www.instagram.com/arrua_rocio,2317808669,,odontospy,human,95,0,0,0,95,A
fran_saraviagrau,Francisca Saravia Grau,https://www.instagram.com/fran_saraviagrau,2319592651,,protectiondentalcenter,human,95,0,0,0,95,A
kenneth_nju,Kweta Kenneth Nju,https://www.instagram.com/kenneth_nju,2325927589,,protectiondentalcenter,human,95,0,0,0,95,A
brisa_brizuenha,Brisa Brizueña Duarte,https://www.instagram.com/brisa_brizuenha,2333527679,,protectiondentalcenter,human,95,0,0,0,95,A
liz_fwendell,Liz Rossana Fernandez Wendell,https://www.instagram.com/liz_fwendell,234711964,,odontospy,human,95,0,0,0,95,A
clara_zorondo,Rosa Clara Zorondo,https://www.instagram.com/clara_zorondo,2355015477,,protectiondentalcenter,human,95,0,0,0,95,A
ruth_priet,Ruth Cabral Prieto,https://www.instagram.com/ruth_priet,2356191990,,protectiondentalcenter,human,95,0,0,0,95,A
carletty_estig,Carmen Leticia Estigarribia Lezcano,https://www.instagram.com/carletty_estig,238391461,,odontologia3py,human,95,0,0,0,95,A
gatzke_sulma,Sulma Gatzke Schlender,https://www.instagram.com/gatzke_sulma,2412655103,,protectiondentalcenter,human,95,0,0,0,95,A
guada_fleitas,Lupe Fleitas Azuaga,https://www.instagram.com/guada_fleitas,2422256395,,odontospy,human,95,0,0,0,95,A
malulu_martinez,Maria Lourdes Martinez Jara,https://www.instagram.com/malulu_martinez,2424109350,,protectiondentalcenter,human,95,0,0,0,95,A
monsee_dac,Monse Da Costa,https://www.instagram.com/monsee_dac,24422753579,,odontospy,human,95,0,0,0,95,A
derlis_cantero,Derlis Diosnel Cantero,https://www.instagram.com/derlis_cantero,244795277,,protectiondentalcenter,human,95,0,0,0,95,A
argana_riquelme,Diego Argaña Riquelme,https://www.instagram.com/argana_riquelme,2467546129,,odontospy,human,95,0,0,0,95,A
claudete_ararangua,Maria Claudete Bianchi,https://www.instagram.com/claudete_ararangua,24722894523,,protectiondentalcenter,human,95,0,0,0,95,A
karolina_pinochett,Karolina Pinochett Ledesma,https://www.instagram.com/karolina_pinochett,247561324,,protectiondentalcenter,human,95,0,0,0,95,A
loy_orea,Lohysineth Yesmin Orea,https://www.instagram.com/loy_orea,2494807844,,protectiondentalcenter,human,95,0,0,0,95,A
dila_meiko,Dila Meiko Ishioka Perazzi,https://www.instagram.com/dila_meiko,2535011381,,odontologia3py,human,95,0,0,0,95,A
sonia_lacasa,Arq Sonia Lacasa Chase,https://www.instagram.com/sonia_lacasa,257761016,,protectiondentalcenter,human,95,0,0,0,95,A
lore_gcornejo,Loreto Alejandra Guerra Cornejo,https://www.instagram.com/lore_gcornejo,26049446787,,protectiondentalcenter,human,95,0,0,0,95,A
josefa_tes,Josefa Tejos Sufan,https://www.instagram.com/josefa_tes,2611170580,,protectiondentalcenter,human,95,0,0,0,95,A
lore_salcedo,Lore Salcedo Cegla,https://www.instagram.com/lore_salcedo,262524282,,protectiondentalcenter,human,95,0,0,0,95,A
ed_silvercent,Eduardo Enrique Silvercent,https://www.instagram.com/ed_silvercent,262565091,,protectiondentalcenter,human,95,0,0,0,95,A
noellina_massoterapeuta,Noellina Santiago Massoterapeuta,https://www.instagram.com/noellina_massoterapeuta,26294382849,,protectiondentalcenter,human,95,0,0,0,95,A
olgui_insfran,Olgui Insfran Villalba,https://www.instagram.com/olgui_insfran,263411364,,odontologia3py,human,95,0,0,0,95,A
katherinne_serrano,Katherinne Serrano Mella,https://www.instagram.com/katherinne_serrano,26478841536,,protectiondentalcenter,human,95,0,0,0,95,A
susi_balbuena,Susana Balbuena Dure,https://www.instagram.com/susi_balbuena,268651973,,protectiondentalcenter,human,95,0,0,0,95,A
lariza_ruizdiaz,Lariza Ruiz Diaz Alvarez,https://www.instagram.com/lariza_ruizdiaz,2714692398,,odontospy,human,95,0,0,0,95,A
gabita_misteria,Gaby Cristel Hawksbee,https://www.instagram.com/gabita_misteria,273038593,,protectiondentalcenter,human,95,0,0,0,95,A
arles_gimenez,Lilian Gimenez Cristaldo,https://www.instagram.com/arles_gimenez,27468806539,,odontologia3py,human,95,0,0,0,95,A
celia_midia,Celia Ferreira Rosario,https://www.instagram.com/celia_midia,2813985753,,protectiondentalcenter,human,95,0,0,0,95,A
jaz_csuarez,Jaz Caceres Suarez,https://www.instagram.com/jaz_csuarez,281793205,,protectiondentalcenter,human,95,0,0,0,95,A
patin_hadas,Gloria Duarte Zeinab,https://www.instagram.com/patin_hadas,2870940486,,protectiondentalcenter,human,95,0,0,0,95,A
fotos_azu,Maria Azucena Garcia Garcia,https://www.instagram.com/fotos_azu,288538691,,protectiondentalcenter,human,95,0,0,0,95,A
karin_baderschulze,Karin Elizabeth Bader Schulze,https://www.instagram.com/karin_baderschulze,2889843816,,protectiondentalcenter,human,95,0,0,0,95,A
johane_baltrudes,Johane Baltrudes Hastedt,https://www.instagram.com/johane_baltrudes,2902886026,,protectiondentalcenter,human,95,0,0,0,95,A
noe_canter,Elvis Noelia Cantero,https://www.instagram.com/noe_canter,2903130963,,protectiondentalcenter,human,95,0,0,0,95,A
helen_galarza,Helen Galarza Mann,https://www.instagram.com/helen_galarza,293788335,,protectiondentalcenter,human,95,0,0,0,95,A
anacris_xi,Ana Cristina Ximenes Rodrigues,https://www.instagram.com/anacris_xi,294148048,,protectiondentalcenter,human,95,0,0,0,95,A
josilene_noleto,Josilene Martins Noleto,https://www.instagram.com/josilene_noleto,29452107981,,protectiondentalcenter,human,95,0,0,0,95,A
rachel_colfidavel,Lidia Raquel Colman Fidavel,https://www.instagram.com/rachel_colfidavel,2948132052,,odontospy,human,95,0,0,0,95,A
fraga_ceci,Maria Cecilia Fraga Tagliabue,https://www.instagram.com/fraga_ceci,2948825981,,protectiondentalcenter,human,95,0,0,0,95,A
pabl_maciel,Maciel Benitez Pablo,https://www.instagram.com/pabl_maciel,296019899,,protectiondentalcenter,human,95,0,0,0,95,A
male_rd,Alejandra Ruiz Diaz,https://www.instagram.com/male_rd,297444081,,odontologia3py,human,95,0,0,0,95,A
marian_roa,Marian Roa Chavez,https://www.instagram.com/marian_roa,297665739,,odontologia3py,human,95,0,0,0,95,A
clarice_marchetti,Clarice Marchetti Marcandali,https://www.instagram.com/clarice_marchetti,2990264761,,protectiondentalcenter,human,95,0,0,0,95,A
cin_giatie,Cindy Gimenez Atie,https://www.instagram.com/cin_giatie,30058595285,,protectiondentalcenter,human,95,0,0,0,95,A
josema_sosa,Jose Maria Sosa Duarte,https://www.instagram.com/josema_sosa,300643573,,odontospy,human,95,0,0,0,95,A
amada_gom,Mada Maria Gomez Ferreira,https://www.instagram.com/amada_gom,3015796384,,odontologia3py,human,95,0,0,0,95,A
claudia_vcor,Claudia Ximena Vasquez Cornejo,https://www.instagram.com/claudia_vcor,30177963442,,protectiondentalcenter,human,95,0,0,0,95,A
cesar_ramirezgar,Cesar Ivan Ramirez Garcete,https://www.instagram.com/cesar_ramirezgar,3020308055,,protectiondentalcenter,human,95,0,0,0,95,A
cecy_adasme,Cecilia Amparito Adasme Gomez,https://www.instagram.com/cecy_adasme,3039412497,,protectiondentalcenter,human,95,0,0,0,95,A
euge_irala,Euge Yrala Britos,https://www.instagram.com/euge_irala,3039719109,,odontospy,human,95,0,0,0,95,A
ortigoza_diana,Diana Ortigoza Cardozo,https://www.instagram.com/ortigoza_diana,3048909826,,odontospy,human,95,0,0,0,95,A
viviana_junis,Viviana Danela Junis,https://www.instagram.com/viviana_junis,3057813282,,protectiondentalcenter,human,95,0,0,0,95,A
yeli_natera,Albi Natera Rivas,https://www.instagram.com/yeli_natera,30580908218,,protectiondentalcenter,human,95,0,0,0,95,A
pikachu_enero,Carolina Ramirez Zapata,https://www.instagram.com/pikachu_enero,3059393548,,protectiondentalcenter,human,95,0,0,0,95,A
annabhel_strada,Vidaurre Estrada Lali,https://www.instagram.com/annabhel_strada,3078483940,,protectiondentalcenter,human,95,0,0,0,95,A
lauraliliana_chaparro,Laura Chaparro Navarro,https://www.instagram.com/lauraliliana_chaparro,3081851652,,protectiondentalcenter,human,95,0,0,0,95,A
insta_demirian,Mirian Da Silva Amaral,https://www.instagram.com/insta_demirian,30889298923,,odontospy,human,95,0,0,0,95,A
mariale_garluis,Alejandra Garcia Luis,https://www.instagram.com/mariale_garluis,3093232271,,protectiondentalcenter,human,95,0,0,0,95,A
lore_rigoni,Lorena Rigoni Murdoch,https://www.instagram.com/lore_rigoni,309353513,,odontospy,human,95,0,0,0,95,A
belen_osorio,Belen Benitez Osorio,https://www.instagram.com/belen_osorio,311356444,,protectiondentalcenter,human,95,0,0,0,95,A
clemente_david,Clemente David Martinez,https://www.instagram.com/clemente_david,311376676,,protectiondentalcenter,human,95,0,0,0,95,A
lizvera_ruggeri,Liz Vera Ruggeri,https://www.instagram.com/lizvera_ruggeri,311523551,,protectiondentalcenter,human,95,0,0,0,95,A
maricruz_bogado,Mari Cruz Bogado,https://www.instagram.com/maricruz_bogado,3119139664,,protectiondentalcenter,human,95,0,0,0,95,A
yessii_britez,Yessica Britez Flores,https://www.instagram.com/yessii_britez,31233258778,,protectiondentalcenter,human,95,0,0,0,95,A
gofeca_flores,Gonzalo Cattivelli Flores,https://www.instagram.com/gofeca_flores,3125068057,,odontospy,human,95,0,0,0,95,A
lmb_luciaa,Lucia Brizuela Mallorquin,https://www.instagram.com/lmb_luciaa,31318008587,,odontologia3py,human,95,0,0,0,95,A
karina_gimenez,Ruth Karina Gimenez,https://www.instagram.com/karina_gimenez,313460632,,protectiondentalcenter,human,95,0,0,0,95,A
idalina_vilasboas,Idalina Vilas Boas,https://www.instagram.com/idalina_vilasboas,3149678598,,protectiondentalcenter,human,95,0,0,0,95,A
ray_dimiliar,Nenem Castelo Branco,https://www.instagram.com/ray_dimiliar,31513617283,,protectiondentalcenter,human,95,0,0,0,95,A
triny_santacruz,Trinidad Santa Cruz,https://www.instagram.com/triny_santacruz,31566083669,,protectiondentalcenter,human,95,0,0,0,95,A
dei_paredes,Dei Elizabeth Paredes,https://www.instagram.com/dei_paredes,317812739,,protectiondentalcenter,human,95,0,0,0,95,A
ivamon_villalba,Ivanna Monserrat Villalba,https://www.instagram.com/ivamon_villalba,3190501396,,protectiondentalcenter,human,95,0,0,0,95,A
aquiles_gaona,Aquiles David Gaona,https://www.instagram.com/aquiles_gaona,3197471646,,protectiondentalcenter,human,95,0,0,0,95,A
evelin_gd,Rocio Godoy Ortigoza,https://www.instagram.com/evelin_gd,3203558396,,protectiondentalcenter,human,95,0,0,0,95,A
dalidahaj_houssin,Dalida Haj Houssin,https://www.instagram.com/dalidahaj_houssin,3224820801,,protectiondentalcenter,human,95,0,0,0,95,A
valeria_pascariello,Valeria Alvarez De Pascariello,https://www.instagram.com/valeria_pascariello,3227738952,,protectiondentalcenter,human,95,0,0,0,95,A
lauraortega_py,Laura Ortega Ocampos,https://www.instagram.com/lauraortega_py,323455256,,odontologia3py,human,95,0,0,0,95,A
eva_coronel,Eva Coronel Mendez,https://www.instagram.com/eva_coronel,324197635,,odontospy,human,95,0,0,0,95,A
dalia_blonde,Dalia Blonde Diamond,https://www.instagram.com/dalia_blonde,3242215669,,protectiondentalcenter,human,95,0,0,0,95,A
eli_vapy,Elizabeth Villalba Amaral,https://www.instagram.com/eli_vapy,3243267303,,protectiondentalcenter,human,95,0,0,0,95,A
silvina_grance,Silvina Alejandra Vera Grance,https://www.instagram.com/silvina_grance,3258999944,,protectiondentalcenter,human,95,0,0,0,95,A
jeandavid_srouchi,Jean David Srouchi,https://www.instagram.com/jeandavid_srouchi,3260006321,,protectiondentalcenter,human,95,0,0,0,95,A
ruthy_carmen,Ruth Lopez Acuña,https://www.instagram.com/ruthy_carmen,3269242153,,protectiondentalcenter,human,95,0,0,0,95,A
naty_bservian,Natalia Benegas Servian,https://www.instagram.com/naty_bservian,326947899,,protectiondentalcenter,human,95,0,0,0,95,A
raquel_alird,Raquel Alvarenga Lird,https://www.instagram.com/raquel_alird,327190696,,protectiondentalcenter,human,95,0,0,0,95,A
julia_cleide,Julia Lima Lima,https://www.instagram.com/julia_cleide,3272122230,,protectiondentalcenter,human,95,0,0,0,95,A
noe_fret,Nancy Noemi Martinez Fretes,https://www.instagram.com/noe_fret,3284045114,,odontospy,human,95,0,0,0,95,A
gricel_yegros,Norma Gricelda Yegros Robles,https://www.instagram.com/gricel_yegros,32904155360,,protectiondentalcenter,human,95,0,0,0,95,A
eva_mendezscolari,Eva Margarita Mendez Scolari,https://www.instagram.com/eva_mendezscolari,3292026990,,odontologia3py,human,95,0,0,0,95,A
aleja_goncalvez,Alejandra Nohely Goncalvez,https://www.instagram.com/aleja_goncalvez,3305238906,,protectiondentalcenter,human,95,0,0,0,95,A
sonia_vittorazi,Sonia Vittorazi Kumakura,https://www.instagram.com/sonia_vittorazi,3305755639,,protectiondentalcenter,human,95,0,0,0,95,A
soledad_rehe,Sabrina Soledad Rehe Leon,https://www.instagram.com/soledad_rehe,3316232684,,protectiondentalcenter,human,95,0,0,0,95,A
arcasanova_official,Sasha Casanova Umbria,https://www.instagram.com/arcasanova_official,3319355503,,protectiondentalcenter,human,95,0,0,0,95,A
lola_carrete,Lorena Carretero Valenzuela,https://www.instagram.com/lola_carrete,33396941797,,protectiondentalcenter,human,95,0,0,0,95,A
ruthkatherine_grance,Ruth Katherine Grance Irala,https://www.instagram.com/ruthkatherine_grance,33414668869,,odontospy,human,95,0,0,0,95,A
lida_torresrd,Lida Beatriz Torres,https://www.instagram.com/lida_torresrd,33517547333,,protectiondentalcenter,human,95,0,0,0,95,A
loli_raggini,Gloria Ortiz Raggini,https://www.instagram.com/loli_raggini,336600622,,protectiondentalcenter,human,95,0,0,0,95,A
sarakato_naturaavon,Sara Kato Delgado,https://www.instagram.com/sarakato_naturaavon,33984294304,,protectiondentalcenter,human,95,0,0,0,95,A
pediatra_doc,Fatima Dolores Garcia Zepeda,https://www.instagram.com/pediatra_doc,3405969563,,protectiondentalcenter,human,95,0,0,0,95,A
caro_mosqueira,Caro Ojeda Mosqueira,https://www.instagram.com/caro_mosqueira,340728522,,protectiondentalcenter,human,95,0,0,0,95,A
bea_cubilla,Lorena Britez Cubilla,https://www.instagram.com/bea_cubilla,3472261863,,protectiondentalcenter,human,95,0,0,0,95,A
doris_campero,Doris Elena Campero Arroyave,https://www.instagram.com/doris_campero,3510171839,,protectiondentalcenter,human,95,0,0,0,95,A
abogada_hellmanliz,Liz Hellman Galeano,https://www.instagram.com/abogada_hellmanliz,3527080222,,protectiondentalcenter,human,95,0,0,0,95,A
cory_gb,Corina Gonzalez Benitez,https://www.instagram.com/cory_gb,3528776647,,odontologia3py,human,95,0,0,0,95,A
marthayaneth_experienciasocial,Martha Yaneth Lozano Cubillos,https://www.instagram.com/marthayaneth_experienciasocial,3533409720,,protectiondentalcenter,human,95,0,0,0,95,A
nata_penap,Natacha Peña Perez,https://www.instagram.com/nata_penap,3536406876,,protectiondentalcenter,human,95,0,0,0,95,A
haydee_shirley,Haydee Shirley Dick,https://www.instagram.com/haydee_shirley,3552603735,,protectiondentalcenter,human,95,0,0,0,95,A
charito_yarleque,Charito Yarleque Camacho,https://www.instagram.com/charito_yarleque,3553859561,,protectiondentalcenter,human,95,0,0,0,95,A
yosmar_navy,Narusvea Yosmar Solorzano,https://www.instagram.com/yosmar_navy,3571899401,,protectiondentalcenter,human,95,0,0,0,95,A
vidalia_alvarez,Vidalia Raquel Gimenez,https://www.instagram.com/vidalia_alvarez,3575705651,,protectiondentalcenter,human,95,0,0,0,95,A
meli_acevedo,Gissella Melina Acevedo,https://www.instagram.com/meli_acevedo,357601700,,protectiondentalcenter,human,95,0,0,0,95,A
fredy_rbenitez,Fredy Rudas Benitez,https://www.instagram.com/fredy_rbenitez,3576920836,,protectiondentalcenter,human,95,0,0,0,95,A
ileanaruvira_realtor,Ileana Ruvira Madruga,https://www.instagram.com/ileanaruvira_realtor,3587487548,,protectiondentalcenter,human,95,0,0,0,95,A
lizan_onieva,Liz Aguero Onieva,https://www.instagram.com/lizan_onieva,35896128031,,protectiondentalcenter,human,95,0,0,0,95,A
tessi_marin,Tere Marin Bogado,https://www.instagram.com/tessi_marin,359279860,,odontospy,human,95,0,0,0,95,A
marichuys_life,Marichuy Ramos Santoyo,https://www.instagram.com/marichuys_life,359485716,,protectiondentalcenter,human,95,0,0,0,95,A
biljana_pb,Biljana Susanj Arsic,https://www.instagram.com/biljana_pb,3599814843,,protectiondentalcenter,human,95,0,0,0,95,A
rossany_arce,Arce Cabrera Rossany,https://www.instagram.com/rossany_arce,3620487050,,odontospy,human,95,0,0,0,95,A
mirta_ovando,Mirta Ovando Perez,https://www.instagram.com/mirta_ovando,3620814118,,protectiondentalcenter,human,95,0,0,0,95,A
gloria_benegas,Gloria Benegas Arteta,https://www.instagram.com/gloria_benegas,362379066,,odontologia3py,human,95,0,0,0,95,A
mauri_meza,Mauricio Meza Ruffinelli,https://www.instagram.com/mauri_meza,363373997,,odontospy,human,95,0,0,0,95,A
noguera_ojeda,Maria Teresa Noguera,https://www.instagram.com/noguera_ojeda,3634077368,,protectiondentalcenter,human,95,0,0,0,95,A
milena_bogarin,Milena Tilleria Bogarin,https://www.instagram.com/milena_bogarin,364453859,,protectiondentalcenter,human,95,0,0,0,95,A
carlitos_tadeo,Carlos Tadeo Cabrera,https://www.instagram.com/carlitos_tadeo,3649389242,,protectiondentalcenter,human,95,0,0,0,95,A
ross_cacquin,Rossana Caceres Resquin,https://www.instagram.com/ross_cacquin,3660361776,,odontospy,human,95,0,0,0,95,A
isolina_dlr,Isolina De La Rosa,https://www.instagram.com/isolina_dlr,366347021,,protectiondentalcenter,human,95,0,0,0,95,A
arami_ovelararriola,Arami Ovelar Arriola,https://www.instagram.com/arami_ovelararriola,3682037580,,odontologia3py,human,95,0,0,0,95,A
daponte_dd,Dahiana Da Ponte,https://www.instagram.com/daponte_dd,368411202,,protectiondentalcenter,human,95,0,0,0,95,A
viic_ortiz,Maria Victoria Ortiz,https://www.instagram.com/viic_ortiz,368533375,,protectiondentalcenter,human,95,0,0,0,95,A
naty_izhan,Ruth Natalia Rolon,https://www.instagram.com/naty_izhan,368558308,,protectiondentalcenter,human,95,0,0,0,95,A
recame_sp,Regina Camargo Mendes,https://www.instagram.com/recame_sp,36894539,,protectiondentalcenter,human,95,0,0,0,95,A
eva_montania,Eva Montania Miño,https://www.instagram.com/eva_montania,3702291723,,protectiondentalcenter,human,95,0,0,0,95,A
pili_becerril,Pily Becerril Ocampo,https://www.instagram.com/pili_becerril,37030433714,,protectiondentalcenter,human,95,0,0,0,95,A
luzbel_canete,Luzbel Celeste Cañete,https://www.instagram.com/luzbel_canete,3715971628,,protectiondentalcenter,human,95,0,0,0,95,A
juan_morel,Juan Fernando Morel,https://www.instagram.com/juan_morel,37217625,,odontologia3py,human,95,0,0,0,95,A
lizmay_aseretto,Liz Mayra Aseretto,https://www.instagram.com/lizmay_aseretto,374769840,,odontospy,human,95,0,0,0,95,A
rg_aguimel,Regis Guillermo Aguilera Melgarejo,https://www.instagram.com/rg_aguimel,374807116,,odontologia3py,human,95,0,0,0,95,A
yiya_cabrera,Yiya Cabrera Gonzalez,https://www.instagram.com/yiya_cabrera,375055931,,protectiondentalcenter,human,95,0,0,0,95,A
elisa_rolon,Elisa Dejesus Rolon,https://www.instagram.com/elisa_rolon,376101373,,odontologia3py,human,95,0,0,0,95,A
blank_porrillo,Esthela Portillo Rea,https://www.instagram.com/blank_porrillo,37700023652,,protectiondentalcenter,human,95,0,0,0,95,A
ceci_romeroj,Ceci Romero Johannsen,https://www.instagram.com/ceci_romeroj,378380761,,protectiondentalcenter,human,95,0,0,0,95,A
clau_mesina,Claudia Andrea Mesina Cadenas,https://www.instagram.com/clau_mesina,3806939424,,protectiondentalcenter,human,95,0,0,0,95,A
mariela_ortizrios,Mariela Ortiz Rios,https://www.instagram.com/mariela_ortizrios,382708058,,odontologia3py,human,95,0,0,0,95,A
myriam_gumarela,Myriam La Gumarela,https://www.instagram.com/myriam_gumarela,3830938480,,protectiondentalcenter,human,95,0,0,0,95,A
etcheverry_tobias,Etcheverry Tobias Josue,https://www.instagram.com/etcheverry_tobias,38451761488,,odontospy,human,95,0,0,0,95,A
eli_ortizaranda,Ortiz Aranda Eli,https://www.instagram.com/eli_ortizaranda,386459096,,odontospy,human,95,0,0,0,95,A
ati_casaccia,Ati Gabriel Casaccia,https://www.instagram.com/ati_casaccia,39030442118,,odontospy,human,95,0,0,0,95,A
lo_maccormich,Lorena Mac Cormich,https://www.instagram.com/lo_maccormich,39070414988,,protectiondentalcenter,human,95,0,0,0,95,A
mariarosa_giusti,Maria Rosa Giusti,https://www.instagram.com/mariarosa_giusti,39074150396,,protectiondentalcenter,human,95,0,0,0,95,A
fatima_fretes,Fatima Fretes Mendoza,https://www.instagram.com/fatima_fretes,392317330,,protectiondentalcenter,human,95,0,0,0,95,A
matias_campuzanos,Matias Campuzano Solis,https://www.instagram.com/matias_campuzanos,3923334424,,protectiondentalcenter,human,95,0,0,0,95,A
monicab_rojasp,Monica Rojas Pedrozo,https://www.instagram.com/monicab_rojasp,39244421208,,odontologia3py,human,95,0,0,0,95,A
cecy_roblesv,Cecilia Edith Robles Villegas,https://www.instagram.com/cecy_roblesv,39401194157,,protectiondentalcenter,human,95,0,0,0,95,A
normacoronado_ponce,Norma Coronado Ponce,https://www.instagram.com/normacoronado_ponce,395377099,,protectiondentalcenter,human,95,0,0,0,95,A
yrist_oro,Yris Yokasta Toro Ramirez,https://www.instagram.com/yrist_oro,39667992790,,protectiondentalcenter,human,95,0,0,0,95,A
grisel_capurro,Griselda Capurro Segovia,https://www.instagram.com/grisel_capurro,3968343142,,protectiondentalcenter,human,95,0,0,0,95,A
eddy_alem,Eduardo Espinola Alem,https://www.instagram.com/eddy_alem,397003488,,protectiondentalcenter,human,95,0,0,0,95,A
kariort_goza,Karina Marlene Ortigoza,https://www.instagram.com/kariort_goza,397096827,,protectiondentalcenter,human,95,0,0,0,95,A
ayala_pintos,Magali Ayala Pintos,https://www.instagram.com/ayala_pintos,3971579885,,protectiondentalcenter,human,95,0,0,0,95,A
viq_antonio,Victor Antonio Martinez,https://www.instagram.com/viq_antonio,397270416,,odontospy,human,95,0,0,0,95,A
gisse_samudio,Gisselle Antonella Samudio,https://www.instagram.com/gisse_samudio,398064378,,protectiondentalcenter,human,95,0,0,0,95,A
fatimzahra_bourhanbour,Lalla Fatima Drissi Boughanbour,https://www.instagram.com/fatimzahra_bourhanbour,3998375349,,protectiondentalcenter,human,95,0,0,0,95,A
marianny_lopez,Marianny Lopez Espluga,https://www.instagram.com/marianny_lopez,401391449,,protectiondentalcenter,human,95,0,0,0,95,A
susana_labiano,Susana Labiano Bastero,https://www.instagram.com/susana_labiano,4033832046,,protectiondentalcenter,human,95,0,0,0,95,A
yessi_mencia,Yessica Natalia Mencia,https://www.instagram.com/yessi_mencia,4042052789,,protectiondentalcenter,human,95,0,0,0,95,A
rox_amador,Roxana Flores Amador,https://www.instagram.com/rox_amador,4046682600,,protectiondentalcenter,human,95,0,0,0,95,A
paz_ovelar,Maria Paz Ovelar,https://www.instagram.com/paz_ovelar,40481822,,protectiondentalcenter,human,95,0,0,0,95,A
khadidja_messili,Khadidja Messili Mahfoud,https://www.instagram.com/khadidja_messili,4055829546,,protectiondentalcenter,human,95,0,0,0,95,A
garcia_zadi,Zadi Fabiola Garcia,https://www.instagram.com/garcia_zadi,4057588615,,protectiondentalcenter,human,95,0,0,0,95,A
lau_castilloavalos,Ma Laura Castillo Avalos,https://www.instagram.com/lau_castilloavalos,40597893975,,protectiondentalcenter,human,95,0,0,0,95,A
paula_falu,Paula Toledo Bravo,https://www.instagram.com/paula_falu,407094846,,protectiondentalcenter,human,95,0,0,0,95,A
cortes_marycarmen,Mary Carmen Cortes,https://www.instagram.com/cortes_marycarmen,4088671520,,protectiondentalcenter,human,95,0,0,0,95,A
carol_cvz,Carolina Elizabeth Caballero Vazquez,https://www.instagram.com/carol_cvz,40894027060,,protectiondentalcenter,human,95,0,0,0,95,A
raull_benn,Raull Benitez Duarte,https://www.instagram.com/raull_benn,409545150,,protectiondentalcenter,human,95,0,0,0,95,A
latifi_elena,Elena Ajasllari Latifi,https://www.instagram.com/latifi_elena,4100850151,,protectiondentalcenter,human,95,0,0,0,95,A
tonny_arcila,Tonny Arcila Hernandez,https://www.instagram.com/tonny_arcila,410475562,,protectiondentalcenter,human,95,0,0,0,95,A
villalba_richardtroche,Richard Villalba Troche,https://www.instagram.com/villalba_richardtroche,4116491134,,protectiondentalcenter,human,95,0,0,0,95,A
mafe_sq,Maria Fe Samaniego,https://www.instagram.com/mafe_sq,412155917,,protectiondentalcenter,human,95,0,0,0,95,A
deborahi_turrieta,Deborah Iturrieta Vargas,https://www.instagram.com/deborahi_turrieta,413674406,,protectiondentalcenter,human,95,0,0,0,95,A
yze_ocampo,Yzela Bettiana Ocampo,https://www.instagram.com/yze_ocampo,414679256,,protectiondentalcenter,human,95,0,0,0,95,A
analucia_adv,Ana Lucia Amaral Queiroz,https://www.instagram.com/analucia_adv,4151806336,,protectiondentalcenter,human,95,0,0,0,95,A
lina_mamilu,Orfelina Cespedes Yañez,https://www.instagram.com/lina_mamilu,4154456500,,protectiondentalcenter,human,95,0,0,0,95,A
idalina_gonbe,Idalina Gonzalez Benegas,https://www.instagram.com/idalina_gonbe,4177084258,,odontologia3py,human,95,0,0,0,95,A
reina_espillaga,Reinalda Raquel Espillaga,https://www.instagram.com/reina_espillaga,4205092000,,odontospy,human,95,0,0,0,95,A
jaume_salvany,Jaume Salvany Teixido,https://www.instagram.com/jaume_salvany,42060888076,,protectiondentalcenter,human,95,0,0,0,95,A
ortega_flormaria,Flor Maria Ortega,https://www.instagram.com/ortega_flormaria,42101507421,,protectiondentalcenter,human,95,0,0,0,95,A
anasantos_db,Ana Dos Santo,https://www.instagram.com/anasantos_db,4224997179,,protectiondentalcenter,human,95,0,0,0,95,A
cos_aguilera,Constanza Aguilera Lird,https://www.instagram.com/cos_aguilera,4226774695,,odontologia3py,human,95,0,0,0,95,A
miri_zalazar,Ana Miriam Zalazar,https://www.instagram.com/miri_zalazar,4227287481,,protectiondentalcenter,human,95,0,0,0,95,A
pao_ferreirabenitez,Benitez Ferreira Pao,https://www.instagram.com/pao_ferreirabenitez,4231631103,,odontospy,human,95,0,0,0,95,A
katty_johnson,Katherine Johnson Parra,https://www.instagram.com/katty_johnson,424968496,,protectiondentalcenter,human,95,0,0,0,95,A
laprofe_marce,Marcela Ester Rodriguez,https://www.instagram.com/laprofe_marce,4284447101,,protectiondentalcenter,human,95,0,0,0,95,A
angy_cardozo,Angela Cardozo Duarte,https://www.instagram.com/angy_cardozo,429108729,,protectiondentalcenter,human,95,0,0,0,95,A
ja_zaracho,Javier Zaracho Saldivar,https://www.instagram.com/ja_zaracho,429663578,,protectiondentalcenter,human,95,0,0,0,95,A
lucia_hfs,Lucia Helena Sousa,https://www.instagram.com/lucia_hfs,4301226444,,protectiondentalcenter,human,95,0,0,0,95,A
mery_deysi,Deysi Carvajal Yucra,https://www.instagram.com/mery_deysi,4319839681,,protectiondentalcenter,human,95,0,0,0,95,A
mery_cayuman,Mery Cayuman Coloma,https://www.instagram.com/mery_cayuman,4352703162,,protectiondentalcenter,human,95,0,0,0,95,A
di_michela,Di Gregorio Michela,https://www.instagram.com/di_michela,4356693490,,protectiondentalcenter,human,95,0,0,0,95,A
sami_britez,Samira Britez Cataldi,https://www.instagram.com/sami_britez,437694590,,protectiondentalcenter,human,95,0,0,0,95,A
alvarez_jmarce,Juan Marcelo Alvarez,https://www.instagram.com/alvarez_jmarce,438510893,,odontologia3py,human,95,0,0,0,95,A
aquino_clara,Clara Aquino Gonzalez,https://www.instagram.com/aquino_clara,438965928,,protectiondentalcenter,human,95,0,0,0,95,A
karina_bog,Gabriela Karina Bogado,https://www.instagram.com/karina_bog,439164113,,protectiondentalcenter,human,95,0,0,0,95,A
analiz_alderete,Ana Liz Alderete Talavera,https://www.instagram.com/analiz_alderete,44072497317,,protectiondentalcenter,human,95,0,0,0,95,A
mariapazcandia_giret,Maria Paz Candia Giret,https://www.instagram.com/mariapazcandia_giret,44198220555,,protectiondentalcenter,human,95,0,0,0,95,A
pati_mene,Claudita Patiño Meneses,https://www.instagram.com/pati_mene,44240508209,,protectiondentalcenter,human,95,0,0,0,95,A
sonia_gamarra,Sonia Gamarra Rivas,https://www.instagram.com/sonia_gamarra,442484309,,protectiondentalcenter,human,95,0,0,0,95,A
casas_djane,Torres Casas Djane,https://www.instagram.com/casas_djane,4435967725,,protectiondentalcenter,human,95,0,0,0,95,A
erikaa_rivas,Erika Maria Rivas,https://www.instagram.com/erikaa_rivas,44478329596,,protectiondentalcenter,human,95,0,0,0,95,A
ah_mariot,Mariot De Hernandez,https://www.instagram.com/ah_mariot,4448411287,,protectiondentalcenter,human,95,0,0,0,95,A
lizveronica_ocam,Liz Veronica Ocampos,https://www.instagram.com/lizveronica_ocam,444959336,,protectiondentalcenter,human,95,0,0,0,95,A
amanda_echeguren,Amanda Echeguren Armoa,https://www.instagram.com/amanda_echeguren,445976005,,protectiondentalcenter,human,95,0,0,0,95,A
camila_dsb,Cami Da Silva,https://www.instagram.com/camila_dsb,446093015,,protectiondentalcenter,human,95,0,0,0,95,A
liliana_kaleta,Liliana Kaleta Ballesteros,https://www.instagram.com/liliana_kaleta,4474466000,,protectiondentalcenter,human,95,0,0,0,95,A
osvaldo_orue,Osvaldo Orue Leguizamon,https://www.instagram.com/osvaldo_orue,447539334,,odontologia3py,human,95,0,0,0,95,A
karina_cantom,Karina Canto Malverde,https://www.instagram.com/karina_cantom,44755347636,,protectiondentalcenter,human,95,0,0,0,95,A
fatty_sol,Fatty Rudas Bolaños,https://www.instagram.com/fatty_sol,448470503,,protectiondentalcenter,human,95,0,0,0,95,A
mariaeugenia_yepes,Maria Eugenia Yepes,https://www.instagram.com/mariaeugenia_yepes,44937736244,,protectiondentalcenter,human,95,0,0,0,95,A
claudelina_rm,Claudelina Ruiz Moyano,https://www.instagram.com/claudelina_rm,450523615,,protectiondentalcenter,human,95,0,0,0,95,A
gabrielito_chile,Gabriel Isaac Alarcon Martinez,https://www.instagram.com/gabrielito_chile,4517207048,,protectiondentalcenter,human,95,0,0,0,95,A
rosannadi_gennaro,Rosanna Di Gennaro,https://www.instagram.com/rosannadi_gennaro,45186258819,,protectiondentalcenter,human,95,0,0,0,95,A
venialgo_cubilla,Adriana Venialgo Cubilla,https://www.instagram.com/venialgo_cubilla,45190841276,,odontospy,human,95,0,0,0,95,A
vanne_videlah,Vanessa Videla Herrera,https://www.instagram.com/vanne_videlah,45291273210,,protectiondentalcenter,human,95,0,0,0,95,A
depaula_carlos,Carlos Roberto De Paula,https://www.instagram.com/depaula_carlos,453743278,,odontologia3py,human,95,0,0,0,95,A
puertas_charo,Charo Puertas Soba,https://www.instagram.com/puertas_charo,45425876227,,protectiondentalcenter,human,95,0,0,0,95,A
nancy_lomar,Nancy Beatriz Martinez,https://www.instagram.com/nancy_lomar,45870388952,,protectiondentalcenter,human,95,0,0,0,95,A
olgui_bracho,Olga Bracho Notario,https://www.instagram.com/olgui_bracho,45968506735,,protectiondentalcenter,human,95,0,0,0,95,A
ximee_aaguilar,Xime Aguilar Rojas,https://www.instagram.com/ximee_aaguilar,46496331742,,protectiondentalcenter,human,95,0,0,0,95,A
cristina_sosag,Ma Cristina Sosa,https://www.instagram.com/cristina_sosag,465618427,,odontologia3py,human,95,0,0,0,95,A
flia_bourcabo,Day Martin Bourgeois Cabo,https://www.instagram.com/flia_bourcabo,46605990403,,protectiondentalcenter,human,95,0,0,0,95,A
cinthia_achar,Cinthia Johana Achar,https://www.instagram.com/cinthia_achar,46640830399,,protectiondentalcenter,human,95,0,0,0,95,A
janet_carvajalvcontuliano,Janet Jamile Carvajal Contuliano,https://www.instagram.com/janet_carvajalvcontuliano,4668093453,,protectiondentalcenter,human,95,0,0,0,95,A
claudia_ortbz,Claudia Ortiz Britez,https://www.instagram.com/claudia_ortbz,4668275033,,odontologia3py,human,95,0,0,0,95,A
nely_leiva,Nely Leiva Fuentes,https://www.instagram.com/nely_leiva,4668627841,,protectiondentalcenter,human,95,0,0,0,95,A
gina_aquinot,Gina Aquino Toledo,https://www.instagram.com/gina_aquinot,466975256,,odontospy,human,95,0,0,0,95,A
vitinho_laa,Victor Enmanuel Leiva Ayala,https://www.instagram.com/vitinho_laa,46913858772,,odontospy,human,95,0,0,0,95,A
linda_troncos,Linda Troncos Jimenez,https://www.instagram.com/linda_troncos,46971248020,,protectiondentalcenter,human,95,0,0,0,95,A
el_ggmm,Gerardo Gomez Velazco,https://www.instagram.com/el_ggmm,4701215053,,protectiondentalcenter,human,95,0,0,0,95,A
eve_carojulian,Evelin Carolina Julian Carisimo,https://www.instagram.com/eve_carojulian,4708810308,,protectiondentalcenter,human,95,0,0,0,95,A
vl_chr,Valeria Lorena Chena,https://www.instagram.com/vl_chr,4727291833,,odontospy,human,95,0,0,0,95,A
soleedad_fernandezz,Maria Soledad Fernandez,https://www.instagram.com/soleedad_fernandezz,47282134366,,protectiondentalcenter,human,95,0,0,0,95,A
ineke_berben,Ineke Berben Martens,https://www.instagram.com/ineke_berben,4728759325,,protectiondentalcenter,human,95,0,0,0,95,A
clari_py,Clari Galiano Ynsfran,https://www.instagram.com/clari_py,474247697,,odontologia3py,human,95,0,0,0,95,A
raquel_coiffure,Rossana Raquel Vera,https://www.instagram.com/raquel_coiffure,47440576499,,protectiondentalcenter,human,95,0,0,0,95,A
eileen_aher,Eileen Dominique Arevalo Hernandes,https://www.instagram.com/eileen_aher,47494226064,,protectiondentalcenter,human,95,0,0,0,95,A
nicosaucedo_es,Nicol Saucedo Espinoza,https://www.instagram.com/nicosaucedo_es,475104501,,protectiondentalcenter,human,95,0,0,0,95,A
cuca_contrerasc,Cuca Contreras Castañeda,https://www.instagram.com/cuca_contrerasc,47521214424,,protectiondentalcenter,human,95,0,0,0,95,A
nora_yaned,Nora Yaned Londoño Uribe,https://www.instagram.com/nora_yaned,47560406804,,protectiondentalcenter,human,95,0,0,0,95,A
guille_britos,Guillermo Britos Cristaldo,https://www.instagram.com/guille_britos,475686096,,protectiondentalcenter,human,95,0,0,0,95,A
mariano_gadek,Mariano Gadek Ayala,https://www.instagram.com/mariano_gadek,47593247795,,protectiondentalcenter,human,95,0,0,0,95,A
faviola_clavijo,Faviola Clavijo Donoso,https://www.instagram.com/faviola_clavijo,47639670184,,protectiondentalcenter,human,95,0,0,0,95,A
sand_benitez,Sandra Benitez Falcon,https://www.instagram.com/sand_benitez,477842123,,protectiondentalcenter,human,95,0,0,0,95,A
feh_pauli,Fernanda Teixeira Pauli,https://www.instagram.com/feh_pauli,4788846586,,protectiondentalcenter,human,95,0,0,0,95,A
anavalsantacruz_nutri,Ana Valeria Santacruz,https://www.instagram.com/anavalsantacruz_nutri,479328131,,protectiondentalcenter,human,95,0,0,0,95,A
diose_catalan,Dioselina Catalan Torres,https://www.instagram.com/diose_catalan,479437979,,protectiondentalcenter,human,95,0,0,0,95,A
musclemax_suplementos,Muscle Max Suplementos,https://www.instagram.com/musclemax_suplementos,47971244439,,protectiondentalcenter,human,95,0,0,0,95,A
soll_kuhnen,Solange Kuhnen Doerner,https://www.instagram.com/soll_kuhnen,48162049416,,protectiondentalcenter,human,95,0,0,0,95,A
objetivo_cuidarse,Maria Clara Linares Otero,https://www.instagram.com/objetivo_cuidarse,48175573386,,protectiondentalcenter,human,95,0,0,0,95,A
dismar_osorio,Dismar Maciela Osorio,https://www.instagram.com/dismar_osorio,482497523,,odontospy,human,95,0,0,0,95,A
evita_juanpuig,Eva Juan Puigg,https://www.instagram.com/evita_juanpuig,48251935174,,protectiondentalcenter,human,95,0,0,0,95,A
solitarialuna_rock,Suar Amand Sofi,https://www.instagram.com/solitarialuna_rock,48320658182,,protectiondentalcenter,human,95,0,0,0,95,A
dag_fsa,Dagmar Ribeiro Duarte Duarte,https://www.instagram.com/dag_fsa,483239102,,protectiondentalcenter,human,95,0,0,0,95,A
luigui_vsala,Luisa Villarroel Salazar,https://www.instagram.com/luigui_vsala,4836242892,,protectiondentalcenter,human,95,0,0,0,95,A
romi_alegrea,Rominna Alegre Amarilla,https://www.instagram.com/romi_alegrea,485266326,,odontologia3py,human,95,0,0,0,95,A
marta_ortizmendoza,Marta Ortiz Mendoza,https://www.instagram.com/marta_ortizmendoza,486393186,,protectiondentalcenter,human,95,0,0,0,95,A
mara_feline,Mara Dos Santos,https://www.instagram.com/mara_feline,4875531068,,protectiondentalcenter,human,95,0,0,0,95,A
cristiantonio_ocampos,Cristian Antonio Ocampos,https://www.instagram.com/cristiantonio_ocampos,48789117581,,protectiondentalcenter,human,95,0,0,0,95,A
clara_mercotec,Carol Lara Foton,https://www.instagram.com/clara_mercotec,48798988260,,odontospy,human,95,0,0,0,95,A
michelle_halley,Michelle Halley Blanco,https://www.instagram.com/michelle_halley,488132762,,protectiondentalcenter,human,95,0,0,0,95,A
josirene_antunesschons,Josirene Antunes Schons,https://www.instagram.com/josirene_antunesschons,48880938238,,protectiondentalcenter,human,95,0,0,0,95,A
aurora_alvarezz,Aurora Maria Alvarez,https://www.instagram.com/aurora_alvarezz,49164860790,,protectiondentalcenter,human,95,0,0,0,95,A
cde_elim,Denisse Tamar Cofre Alarcon,https://www.instagram.com/cde_elim,49326978558,,protectiondentalcenter,human,95,0,0,0,95,A
jazmin_molinasvillalba,Jazmin Maria Molinas Villalba,https://www.instagram.com/jazmin_molinasvillalba,4935623487,,protectiondentalcenter,human,95,0,0,0,95,A
ligia_noria,Ligia Noria Duarte,https://www.instagram.com/ligia_noria,49508448561,,protectiondentalcenter,human,95,0,0,0,95,A
noe_recalde,Recalde Marlise Noelia,https://www.instagram.com/noe_recalde,496336683,,odontologia3py,human,95,0,0,0,95,A
analaura_crededio,Ana Laura Crededio,https://www.instagram.com/analaura_crededio,4978331997,,protectiondentalcenter,human,95,0,0,0,95,A
fabi_zapattini,Liz Fabiola Zapattini Britos,https://www.instagram.com/fabi_zapattini,498778519,,protectiondentalcenter,human,95,0,0,0,95,A
anarosa_samuel,Ana Rosa Samuel Rodriguez,https://www.instagram.com/anarosa_samuel,49971240413,,protectiondentalcenter,human,95,0,0,0,95,A
elizabeti_gonzalves,Elizabeti Gonzalves Coello,https://www.instagram.com/elizabeti_gonzalves,50319004865,,protectiondentalcenter,human,95,0,0,0,95,A
nil_iralav,Nilsa Irala Vega,https://www.instagram.com/nil_iralav,503269848,,protectiondentalcenter,human,95,0,0,0,95,A
lizlopez_matvichuk,Liz Lopez Matvichuk,https://www.instagram.com/lizlopez_matvichuk,504403259,,protectiondentalcenter,human,95,0,0,0,95,A
vall_imbert,Valery Val Imbert,https://www.instagram.com/vall_imbert,506112715,,protectiondentalcenter,human,95,0,0,0,95,A
rosado_ramonita,Ramonita Sanchez Rosado,https://www.instagram.com/rosado_ramonita,5063969014,,protectiondentalcenter,human,95,0,0,0,95,A
joha_repol,Johanna Repol San Martin,https://www.instagram.com/joha_repol,506667056,,protectiondentalcenter,human,95,0,0,0,95,A
any_marya,Ana Maria Palacios Muñoz,https://www.instagram.com/any_marya,50713226,,protectiondentalcenter,human,95,0,0,0,95,A
olgui_alarcon,Olga Alarcon Aguayo,https://www.instagram.com/olgui_alarcon,509574613,,odontospy,human,95,0,0,0,95,A
fatyma_carrera,Fatima Carrera Vargas,https://www.instagram.com/fatyma_carrera,5109463293,,protectiondentalcenter,human,95,0,0,0,95,A
nati_gillestigarribia,Nati Gill Estigarribia,https://www.instagram.com/nati_gillestigarribia,51193050021,,protectiondentalcenter,human,95,0,0,0,95,A
treinador_henriquealves,Treinador Henrique Alves,https://www.instagram.com/treinador_henriquealves,515221236,,odontospy,human,95,0,0,0,95,A
sapienza_nancy,Nancy Sapienza Massocco,https://www.instagram.com/sapienza_nancy,51813832890,,protectiondentalcenter,human,95,0,0,0,95,A
chabelita_tf,Chabelita Torres Ferreira,https://www.instagram.com/chabelita_tf,519465100,,protectiondentalcenter,human,95,0,0,0,95,A
fabiola_cardozor,Fabiola Cardozo Pereira,https://www.instagram.com/fabiola_cardozor,522644255,,protectiondentalcenter,human,95,0,0,0,95,A
lashermanas_ortiz,Las Hermanas Ortiz,https://www.instagram.com/lashermanas_ortiz,52527502871,,odontologia3py,human,95,0,0,0,95,A
doree_mu,Do Re En,https://www.instagram.com/doree_mu,52655498492,,protectiondentalcenter,human,95,0,0,0,95,A
edith_martinezmendez,Edith Martinez Mendez,https://www.instagram.com/edith_martinezmendez,530547975,,protectiondentalcenter,human,95,0,0,0,95,A
ediuza_costa,Ediuza Costa Santos,https://www.instagram.com/ediuza_costa,53241463277,,protectiondentalcenter,human,95,0,0,0,95,A
elia_torresm,Elia Torres Morales,https://www.instagram.com/elia_torresm,5329445122,,protectiondentalcenter,human,95,0,0,0,95,A
rossa_ocampos,Rosi Ocampos Candia,https://www.instagram.com/rossa_ocampos,535392176,,odontologia3py,human,95,0,0,0,95,A
amante_aliz,Alice Amante Iii,https://www.instagram.com/amante_aliz,53668904659,,odontospy,human,95,0,0,0,95,A
gonzales_angeldaniel,Angel Daniel Gonzales,https://www.instagram.com/gonzales_angeldaniel,53775219264,,odontospy,human,95,0,0,0,95,A
jackie_labbee,Jacqueline Maria Labbe Hidalgo,https://www.instagram.com/jackie_labbee,5382946538,,protectiondentalcenter,human,95,0,0,0,95,A
geminis_todolobueno,Geminis Todo Lo Bueno,https://www.instagram.com/geminis_todolobueno,53955320587,,protectiondentalcenter,human,95,0,0,0,95,A
alvarxz_sol,Sol Alvarez Vera,https://www.instagram.com/alvarxz_sol,54028443317,,odontospy,human,95,0,0,0,95,A
nora_tovarm,Norirsa Tovar Marquez,https://www.instagram.com/nora_tovarm,5403349667,,protectiondentalcenter,human,95,0,0,0,95,A
alba_ocampos,Alba Ocampos Prieto,https://www.instagram.com/alba_ocampos,5408313749,,protectiondentalcenter,human,95,0,0,0,95,A
georgina_worleyc,Georgina Worley Carmona,https://www.instagram.com/georgina_worleyc,54168983050,,protectiondentalcenter,human,95,0,0,0,95,A
far_craw,Farzaneh Mehran Crawford,https://www.instagram.com/far_craw,5420369206,,protectiondentalcenter,human,95,0,0,0,95,A
marly_moulard,Marly Denisse Moulard,https://www.instagram.com/marly_moulard,544611416,,odontospy,human,95,0,0,0,95,A
edelira_insemblante,Edelira Insemblante Alvarez,https://www.instagram.com/edelira_insemblante,54798950280,,odontologia3py,human,95,0,0,0,95,A
lopez_anagraciela,Ana Graciela Lopez,https://www.instagram.com/lopez_anagraciela,54814072771,,protectiondentalcenter,human,95,0,0,0,95,A
renata_soutolima,Renata Souto Lima,https://www.instagram.com/renata_soutolima,54898733471,,protectiondentalcenter,human,95,0,0,0,95,A
glamour_bylilian,Lilian Sanchez Miño,https://www.instagram.com/glamour_bylilian,54934638128,,protectiondentalcenter,human,95,0,0,0,95,A
eli_esthetic,Elisa Rossana Gonzalez,https://www.instagram.com/eli_esthetic,55031162340,,protectiondentalcenter,human,95,0,0,0,95,A
marisol_perezmo,Marisol Perez Montoya,https://www.instagram.com/marisol_perezmo,5517660666,,protectiondentalcenter,human,95,0,0,0,95,A
feriha_aravena,Coralia Gloria Diaz Aravena,https://www.instagram.com/feriha_aravena,5547277665,,protectiondentalcenter,human,95,0,0,0,95,A
otilia_pin,Liliana Pintos Rolin,https://www.instagram.com/otilia_pin,555875581,,odontologia3py,human,95,0,0,0,95,A
gina_monges,Gina Monges Ortega,https://www.instagram.com/gina_monges,556270801,,protectiondentalcenter,human,95,0,0,0,95,A
sisi_kohi,Sisi Kohi Kohestani,https://www.instagram.com/sisi_kohi,55738800985,,protectiondentalcenter,human,95,0,0,0,95,A
marite_llanos,Maria Teresa Llanos,https://www.instagram.com/marite_llanos,5579332476,,protectiondentalcenter,human,95,0,0,0,95,A
deni_forster,Elena Dni Fernandez,https://www.instagram.com/deni_forster,5594475468,,odontologia3py,human,95,0,0,0,95,A
duarte_brisa,Brisa Duarte Alvarez,https://www.instagram.com/duarte_brisa,5596937037,,protectiondentalcenter,human,95,0,0,0,95,A
zz_vega,Zarza Vega Yrmi,https://www.instagram.com/zz_vega,56104410173,,protectiondentalcenter,human,95,0,0,0,95,A
almi_benegas,Almi Benegas Mosqueira,https://www.instagram.com/almi_benegas,561366622,,protectiondentalcenter,human,95,0,0,0,95,A
hugo_florencianez,Hugo Florenciañez Vera,https://www.instagram.com/hugo_florencianez,5625249965,,protectiondentalcenter,human,95,0,0,0,95,A
jerina_xhoxhaj,Jerina Cani Xhoxhaj,https://www.instagram.com/jerina_xhoxhaj,5639943567,,protectiondentalcenter,human,95,0,0,0,95,A
silviagarcia_contreras,Silvia Garcia Contreras,https://www.instagram.com/silviagarcia_contreras,56464662210,,protectiondentalcenter,human,95,0,0,0,95,A
gisele_alexechevz,Gisele Da Silva Alexechevz,https://www.instagram.com/gisele_alexechevz,56478350532,,protectiondentalcenter,human,95,0,0,0,95,A
luzdary_santamaria,Luz Dary Santamaria,https://www.instagram.com/luzdary_santamaria,5649318162,,protectiondentalcenter,human,95,0,0,0,95,A
eli_mangas,Elisa Mangas Lopez,https://www.instagram.com/eli_mangas,56711932760,,protectiondentalcenter,human,95,0,0,0,95,A
plasticmetal_oficial,Plastic Metal Oficial,https://www.instagram.com/plasticmetal_oficial,56737472160,,protectiondentalcenter,human,95,0,0,0,95,A
sueli_ritter,Sueli Maris Leite Ritter,https://www.instagram.com/sueli_ritter,5688227535,,protectiondentalcenter,human,95,0,0,0,95,A
maryla_ortega,Maryla Ortega Fernandez,https://www.instagram.com/maryla_ortega,56931894924,,protectiondentalcenter,human,95,0,0,0,95,A
pattylu_maldonado,Patty Maldonado Montenegro,https://www.instagram.com/pattylu_maldonado,5694023029,,protectiondentalcenter,human,95,0,0,0,95,A
abogada_arqui,Marta Beatriz Juvinel,https://www.instagram.com/abogada_arqui,569607755,,protectiondentalcenter,human,95,0,0,0,95,A
chyrlene_samudio,Chyrlene De Samudio,https://www.instagram.com/chyrlene_samudio,5706351006,,protectiondentalcenter,human,95,0,0,0,95,A
severina_ilieva,Severina Saliha Ilieva,https://www.instagram.com/severina_ilieva,5708393413,,protectiondentalcenter,human,95,0,0,0,95,A
valeriacamacho_py,Valeria Camacho Ramirez,https://www.instagram.com/valeriacamacho_py,5709609469,,protectiondentalcenter,human,95,0,0,0,95,A
chena_miguel,Miguel Angel Chena Elizeche,https://www.instagram.com/chena_miguel,57234395269,,protectiondentalcenter,human,95,0,0,0,95,A
susel_caceres,Susel Caceres Castrillo,https://www.instagram.com/susel_caceres,5724375093,,odontospy,human,95,0,0,0,95,A
marcela_karque,Marcela Karque Troncoso,https://www.instagram.com/marcela_karque,5728761026,,protectiondentalcenter,human,95,0,0,0,95,A
tae_faby,Maryly Fabiola Sanchez,https://www.instagram.com/tae_faby,572986742,,protectiondentalcenter,human,95,0,0,0,95,A
su_galeano,Susana Galeano Gavilan,https://www.instagram.com/su_galeano,573251603,,protectiondentalcenter,human,95,0,0,0,95,A
glo_lora,Gloria Yegros Ayala,https://www.instagram.com/glo_lora,573302963,,protectiondentalcenter,human,95,0,0,0,95,A
gisselle_rc,Gisselle Rodriguez Cantero,https://www.instagram.com/gisselle_rc,574722589,,protectiondentalcenter,human,95,0,0,0,95,A
jessy_munotgonz,Jessy Munot Jessy,https://www.instagram.com/jessy_munotgonz,57515721742,,protectiondentalcenter,human,95,0,0,0,95,A
mariajesus_navea,Maria Jesus Navea Sangrador,https://www.instagram.com/mariajesus_navea,5752518665,,protectiondentalcenter,human,95,0,0,0,95,A
jcesar_ojeda,Juan Cesar Ojeda,https://www.instagram.com/jcesar_ojeda,575370634,,odontologia3py,human,95,0,0,0,95,A
vidalia_piris,Vidalia Piris Chena,https://www.instagram.com/vidalia_piris,57602843365,,protectiondentalcenter,human,95,0,0,0,95,A
caroli_zz,Lilian Carolina Ramirez,https://www.instagram.com/caroli_zz,5767694592,,protectiondentalcenter,human,95,0,0,0,95,A
maribella_aveiro,Maribel Aveiro Riveros,https://www.instagram.com/maribella_aveiro,5771086180,,protectiondentalcenter,human,95,0,0,0,95,A
luzcarolina_rc,Luz Carolina Rojas Cabral,https://www.instagram.com/luzcarolina_rc,5775899199,,odontologia3py,human,95,0,0,0,95,A
celia_cabana,Celia Cabañas Dejean,https://www.instagram.com/celia_cabana,57772031748,,protectiondentalcenter,human,95,0,0,0,95,A
rossy_gonba,Rosa Gonzalez Battilana,https://www.instagram.com/rossy_gonba,5782905884,,protectiondentalcenter,human,95,0,0,0,95,A
idelina_ht,Idelina Ruiz Diaz,https://www.instagram.com/idelina_ht,580269622,,protectiondentalcenter,human,95,0,0,0,95,A
marcyamelo_estilista,Marcia Mello Estilista,https://www.instagram.com/marcyamelo_estilista,5817899265,,protectiondentalcenter,human,95,0,0,0,95,A
nestor_veraaa,Nestor Fabian Vera Caceres,https://www.instagram.com/nestor_veraaa,58196577943,,odontologia3py,human,95,0,0,0,95,A
liliana_erberich,Erika Liliana Erberich Sommerfeld,https://www.instagram.com/liliana_erberich,5847914506,,protectiondentalcenter,human,95,0,0,0,95,A
rotela_cristy,Maria Cristina Rotela Carballo,https://www.instagram.com/rotela_cristy,5858051483,,odontospy,human,95,0,0,0,95,A
nuria_lilauski,Nuria Liliana Lilauski Hinterleitner,https://www.instagram.com/nuria_lilauski,5861752154,,protectiondentalcenter,human,95,0,0,0,95,A
lauriii_cg,Laura Callado Garcia,https://www.instagram.com/lauriii_cg,5867243125,,protectiondentalcenter,human,95,0,0,0,95,A
paulita_estay,Paula Andrea Estay Valenzuela,https://www.instagram.com/paulita_estay,5876910399,,protectiondentalcenter,human,95,0,0,0,95,A
marian_vsamudio,Ester Villalba Samudio,https://www.instagram.com/marian_vsamudio,5899538753,,protectiondentalcenter,human,95,0,0,0,95,A
julioferreira_rd,Julio Ferreira Ruiz Diaz,https://www.instagram.com/julioferreira_rd,59136112733,,odontospy,human,95,0,0,0,95,A
rominavieraanna_lu,Romina Viera Anna Lu,https://www.instagram.com/rominavieraanna_lu,59258649451,,odontologia3py,human,95,0,0,0,95,A
stephi_divina,Clara Stephania Avila,https://www.instagram.com/stephi_divina,59472945804,,protectiondentalcenter,human,95,0,0,0,95,A
anayancy_sandi,Ana Yancy Sandi,https://www.instagram.com/anayancy_sandi,594820968,,protectiondentalcenter,human,95,0,0,0,95,A
fernanda_souzaangelo,Fernanda Souza Angelo,https://www.instagram.com/fernanda_souzaangelo,59586980411,,protectiondentalcenter,human,95,0,0,0,95,A
geraldine_moraleon,Geraldine Morales Leon,https://www.instagram.com/geraldine_moraleon,5974219577,,protectiondentalcenter,human,95,0,0,0,95,A
soe_ledezma,Sonia Ledezma Cabral,https://www.instagram.com/soe_ledezma,59814523235,,protectiondentalcenter,human,95,0,0,0,95,A
jacirinha_miranda,Jacira Moreira Miranda,https://www.instagram.com/jacirinha_miranda,5986693789,,protectiondentalcenter,human,95,0,0,0,95,A
cecilia_carboneres,Cecilia Carboneres Garcia,https://www.instagram.com/cecilia_carboneres,6006853707,,protectiondentalcenter,human,95,0,0,0,95,A
carla_niendiker,Carla Tatiane Niendiker,https://www.instagram.com/carla_niendiker,60161623571,,protectiondentalcenter,human,95,0,0,0,95,A
fernz_mariz,Marizza Cardoz Fern,https://www.instagram.com/fernz_mariz,60252245591,,protectiondentalcenter,human,95,0,0,0,95,A
rojas_morenorichard,Richard Rojas Moreno,https://www.instagram.com/rojas_morenorichard,6027739520,,odontospy,human,95,0,0,0,95,A
souza_roselidasilva,Roseli Da Silva Souza,https://www.instagram.com/souza_roselidasilva,60521965540,,protectiondentalcenter,human,95,0,0,0,95,A
yodana_cambronero,Yodana Cambronero Arce,https://www.instagram.com/yodana_cambronero,6053431119,,protectiondentalcenter,human,95,0,0,0,95,A
tarlayan_chorik,Tarlayan Dikranouhie Chorik,https://www.instagram.com/tarlayan_chorik,6070799923,,protectiondentalcenter,human,95,0,0,0,95,A
felixf_nunez,Felix Fariña Nuñez,https://www.instagram.com/felixf_nunez,61028758890,,odontologia3py,human,95,0,0,0,95,A
peres_noely,Noely Aparecida Peres,https://www.instagram.com/peres_noely,6107378565,,protectiondentalcenter,human,95,0,0,0,95,A
solka_ri,Sol Karina Lezcano Sachelaridi,https://www.instagram.com/solka_ri,611078104,,odontologia3py,human,95,0,0,0,95,A
ile_ahumada,Ilena Ahumada Quiroz,https://www.instagram.com/ile_ahumada,61412666497,,protectiondentalcenter,human,95,0,0,0,95,A
clau_roche,Claudia Elena Roche,https://www.instagram.com/clau_roche,614566287,,odontologia3py,human,95,0,0,0,95,A
edwardda_silva,Edward Da Silva,https://www.instagram.com/edwardda_silva,61468001417,,odontologia3py,human,95,0,0,0,95,A
mila_elenka,Mila Elenka Stransky Besserer,https://www.instagram.com/mila_elenka,6154574509,,protectiondentalcenter,human,95,0,0,0,95,A
nan_marmoa,Nancy Mendoza Armoa,https://www.instagram.com/nan_marmoa,61614047984,,odontospy,human,95,0,0,0,95,A
fio_dinatale,Fiorella Di Natale,https://www.instagram.com/fio_dinatale,618285324,,protectiondentalcenter,human,95,0,0,0,95,A
fatima_lopezmelgarejo,Fatima Paola Melgarejo Lopez,https://www.instagram.com/fatima_lopezmelgarejo,6192814275,,protectiondentalcenter,human,95,0,0,0,95,A
bernalarellano_cynthia,Cynthia Bernal Arellano,https://www.instagram.com/bernalarellano_cynthia,6219542167,,odontologia3py,human,95,0,0,0,95,A
rosner_vastck,Sandra Yanina Rosner Vastick,https://www.instagram.com/rosner_vastck,6222356865,,protectiondentalcenter,human,95,0,0,0,95,A
arandajara_joseluis,Jose Luis Aranda Jara,https://www.instagram.com/arandajara_joseluis,62383514010,,protectiondentalcenter,human,95,0,0,0,95,A
rosario_laymuns,Rosario Laymuns Guerrero,https://www.instagram.com/rosario_laymuns,62400988210,,protectiondentalcenter,human,95,0,0,0,95,A
car_mancilla,Car Mancilla Maciel,https://www.instagram.com/car_mancilla,624178280,,protectiondentalcenter,human,95,0,0,0,95,A
baez_maggi,Katty Willow Lab,https://www.instagram.com/baez_maggi,62519935777,,protectiondentalcenter,human,95,0,0,0,95,A
roberto_polegre,Roberto Chary Polegre Gonzalez,https://www.instagram.com/roberto_polegre,6253745733,,protectiondentalcenter,human,95,0,0,0,95,A
josecarlos_gracia,Jose Caelos Gracia,https://www.instagram.com/josecarlos_gracia,6256156354,,odontospy,human,95,0,0,0,95,A
nery_oviedo,Nery Oviedo Castro,https://www.instagram.com/nery_oviedo,625809939,,odontospy,human,95,0,0,0,95,A
jo_aniitaa,Johanna Andrea Sepulveda,https://www.instagram.com/jo_aniitaa,628037307,,protectiondentalcenter,human,95,0,0,0,95,A
romero_mariaflorencia,Maria Florencia Romero,https://www.instagram.com/romero_mariaflorencia,62847356746,,protectiondentalcenter,human,95,0,0,0,95,A
tati_vazs,Tati Vaz Silva,https://www.instagram.com/tati_vazs,6290869609,,protectiondentalcenter,human,95,0,0,0,95,A
carine_scartezzini,Carine Lima Scartezzini,https://www.instagram.com/carine_scartezzini,6295433066,,protectiondentalcenter,human,95,0,0,0,95,A
ivani_ralves,Ivanilda Rosa Alves Alves,https://www.instagram.com/ivani_ralves,631923346,,protectiondentalcenter,human,95,0,0,0,95,A
subli_anavzla,Ana Maria Jimenez,https://www.instagram.com/subli_anavzla,6321656911,,protectiondentalcenter,human,95,0,0,0,95,A
tere_osta,Tere Osta Vicente,https://www.instagram.com/tere_osta,6332625561,,protectiondentalcenter,human,95,0,0,0,95,A
pilar_gonzalezm,Pilar Gonzalez Muñoz,https://www.instagram.com/pilar_gonzalezm,635027889,,protectiondentalcenter,human,95,0,0,0,95,A
gerar_duarterobertti,Gerardo Duarte Robertti,https://www.instagram.com/gerar_duarterobertti,6362352284,,odontologia3py,human,95,0,0,0,95,A
sand_radn,Sandra Donayre Noriega,https://www.instagram.com/sand_radn,64085584209,,protectiondentalcenter,human,95,0,0,0,95,A
solania_urdaneta,Solania Urdaneta Ferrebus,https://www.instagram.com/solania_urdaneta,6425992591,,protectiondentalcenter,human,95,0,0,0,95,A
carol_villamayor,Carolina Villamayor Ayala,https://www.instagram.com/carol_villamayor,643461482,,odontologia3py,human,95,0,0,0,95,A
nelly_veirana,Nelly Agente Inmobiliario,https://www.instagram.com/nelly_veirana,6438080857,,protectiondentalcenter,human,95,0,0,0,95,A
marti_edithmartinezm,Marta Edith Martinez,https://www.instagram.com/marti_edithmartinezm,644688213,,odontologia3py,human,95,0,0,0,95,A
rosamaria_dure,Rosa Maria Dure Rabito,https://www.instagram.com/rosamaria_dure,6487106870,,protectiondentalcenter,human,95,0,0,0,95,A
mayela_avalosvillarreal,Mayela Avalos Villarreal,https://www.instagram.com/mayela_avalosvillarreal,6496169904,,protectiondentalcenter,human,95,0,0,0,95,A
bren_dasilva,Brenda Da Silva,https://www.instagram.com/bren_dasilva,651270004,,odontologia3py,human,95,0,0,0,95,A
nelson_cantero,Nelson Cantero Arevalos,https://www.instagram.com/nelson_cantero,655598283,,odontologia3py,human,95,0,0,0,95,A
ruty_samaniego,Ruth Andrea Samaniego Orrego,https://www.instagram.com/ruty_samaniego,655698697,,protectiondentalcenter,human,95,0,0,0,95,A
clauuu_segovia,Clau Segovia Vega,https://www.instagram.com/clauuu_segovia,662213018,,protectiondentalcenter,human,95,0,0,0,95,A
ro_campuzano,Rocio Andrea Campuzano Yeza,https://www.instagram.com/ro_campuzano,665489550,,protectiondentalcenter,human,95,0,0,0,95,A
jhugo_galli,Juan Hugo Galli Gimenez,https://www.instagram.com/jhugo_galli,6692563457,,protectiondentalcenter,human,95,0,0,0,95,A
csstr_ocindy,Cindy Yadira Castro Oliveros,https://www.instagram.com/csstr_ocindy,66985934537,,protectiondentalcenter,human,95,0,0,0,95,A
becky_reymo,Reyes Moreno Rebeca,https://www.instagram.com/becky_reymo,6712948217,,protectiondentalcenter,human,95,0,0,0,95,A
isabel_gaette,Isabel Gaette Baez,https://www.instagram.com/isabel_gaette,67152067300,,odontospy,human,95,0,0,0,95,A
yenn_granadamendez,Yennifer Granada Mendez,https://www.instagram.com/yenn_granadamendez,6728052481,,protectiondentalcenter,human,95,0,0,0,95,A
lillian_sv,Maria Lilian Sanchez,https://www.instagram.com/lillian_sv,6737729047,,protectiondentalcenter,human,95,0,0,0,95,A
gent_fix,Paolo Di Leo,https://www.instagram.com/gent_fix,67568824193,,protectiondentalcenter,human,95,0,0,0,95,A
classy_vera,Vera Davis Vervliet,https://www.instagram.com/classy_vera,6768759711,,protectiondentalcenter,human,95,0,0,0,95,A
jenushka_photo,Evgeniya Makeeva Wyputa,https://www.instagram.com/jenushka_photo,6792459973,,protectiondentalcenter,human,95,0,0,0,95,A
ivelisseabreu_stateall,Ivelisse Abreu State All,https://www.instagram.com/ivelisseabreu_stateall,68143238213,,protectiondentalcenter,human,95,0,0,0,95,A
danubio_ng,Marcos Danubio Narvaez,https://www.instagram.com/danubio_ng,6840682083,,odontologia3py,human,95,0,0,0,95,A
mariaestela_hernandez,Maria Estela Hernandez Bonilla,https://www.instagram.com/mariaestela_hernandez,6847636742,,protectiondentalcenter,human,95,0,0,0,95,A
charo_mery,Rosario Angelica Vargas Fernandez,https://www.instagram.com/charo_mery,6854421353,,protectiondentalcenter,human,95,0,0,0,95,A
cleoo_ribeiro,Cleoni Ribeiro Batista,https://www.instagram.com/cleoo_ribeiro,68756448216,,protectiondentalcenter,human,95,0,0,0,95,A
ferca_diaz,Fernando Caceres Diaz,https://www.instagram.com/ferca_diaz,68911728891,,odontospy,human,95,0,0,0,95,A
zule_farina,Zulema Beatriz Fariña,https://www.instagram.com/zule_farina,6895533715,,odontospy,human,95,0,0,0,95,A
tamar_mj,Gloria Tamar Molina Jacome,https://www.instagram.com/tamar_mj,6930084536,,protectiondentalcenter,human,95,0,0,0,95,A
presi_babanoli,Presi Babañoli Chaparro,https://www.instagram.com/presi_babanoli,6930194133,,odontospy,human,95,0,0,0,95,A
lucio_villalba,Lucio Javier Villalba Araujo,https://www.instagram.com/lucio_villalba,69708000907,,odontologia3py,human,95,0,0,0,95,A
ve_jeannette,Jeannette Vergara Oyarzo,https://www.instagram.com/ve_jeannette,6972222992,,protectiondentalcenter,human,95,0,0,0,95,A
janny_peyrat,Jannyne Peyrat Scolari,https://www.instagram.com/janny_peyrat,6994748059,,protectiondentalcenter,human,95,0,0,0,95,A
raghad_koja,Raghad Koja Fadel,https://www.instagram.com/raghad_koja,699647075,,protectiondentalcenter,human,95,0,0,0,95,A
noe_eoy,Noelia Yany Eoy,https://www.instagram.com/noe_eoy,7017684133,,protectiondentalcenter,human,95,0,0,0,95,A
edith_villaalta,Edith Villaalta Grance,https://www.instagram.com/edith_villaalta,7064074689,,protectiondentalcenter,human,95,0,0,0,95,A
mariela_yanet,Mariela Yanet Navarro Velasquez,https://www.instagram.com/mariela_yanet,7068241460,,protectiondentalcenter,human,95,0,0,0,95,A
grace_vera,Grace Vera Acosta,https://www.instagram.com/grace_vera,710052302,,odontologia3py,human,95,0,0,0,95,A
marco_ifasaanu,Awo Ifasaanu Ojumola Aworeni,https://www.instagram.com/marco_ifasaanu,7123984840,,odontologia3py,human,95,0,0,0,95,A
ale_cgarces,Alejandra Carrasco Garces,https://www.instagram.com/ale_cgarces,7127815218,,protectiondentalcenter,human,95,0,0,0,95,A
giovannella_giosa,Bianca Giovannella Giosa,https://www.instagram.com/giovannella_giosa,7152390088,,odontospy,human,95,0,0,0,95,A
segovia_majo,Majo Segovia Ortigoza,https://www.instagram.com/segovia_majo,723367743,,protectiondentalcenter,human,95,0,0,0,95,A
lurde_rotela,Lurde Efigenia Rotela Sanabria,https://www.instagram.com/lurde_rotela,724194229,,protectiondentalcenter,human,95,0,0,0,95,A
adolfo_cantero,Adolfo Osmar Cantero,https://www.instagram.com/adolfo_cantero,7290534799,,protectiondentalcenter,human,95,0,0,0,95,A
cheo_ra,Jose Michael Rondon Abreu,https://www.instagram.com/cheo_ra,737144168,,protectiondentalcenter,human,95,0,0,0,95,A
mria_luz,Luz Maria Ordaz Carreon,https://www.instagram.com/mria_luz,7380518058,,protectiondentalcenter,human,95,0,0,0,95,A
sil_toledoc,Sil Toledo Cespedes,https://www.instagram.com/sil_toledoc,7405221091,,protectiondentalcenter,human,95,0,0,0,95,A
cuevas_javiergonzalez,Javier Gonzalez Cuevas,https://www.instagram.com/cuevas_javiergonzalez,74443097536,,protectiondentalcenter,human,95,0,0,0,95,A
ele_jara,Elena Jara Savino,https://www.instagram.com/ele_jara,746050865,,protectiondentalcenter,human,95,0,0,0,95,A
juliocesar_rio,Julio Cesar Rio,https://www.instagram.com/juliocesar_rio,74768917311,,odontospy,human,95,0,0,0,95,A
marcelo_synergy,Marcelo Enrique Aguero Arrua,https://www.instagram.com/marcelo_synergy,7592789547,,odontologia3py,human,95,0,0,0,95,A
vasconcelos_lindalva,Lindalva Vilela Vasconcelos,https://www.instagram.com/vasconcelos_lindalva,7595117953,,protectiondentalcenter,human,95,0,0,0,95,A
bastide_evelyse,Evelyse Bastide Lieugard,https://www.instagram.com/bastide_evelyse,7732217499,,protectiondentalcenter,human,95,0,0,0,95,A
romy_floren,Romy Coronel Florenciañez,https://www.instagram.com/romy_floren,774961695,,odontospy,human,95,0,0,0,95,A
marjo_dies,Marta Diaz Eschenmoser,https://www.instagram.com/marjo_dies,7815399837,,odontologia3py,human,95,0,0,0,95,A
yoli_riquelme,Maria Yolanda Riquelme,https://www.instagram.com/yoli_riquelme,783202991,,protectiondentalcenter,human,95,0,0,0,95,A
chimeli_clari,Clara Noemi Chimelli,https://www.instagram.com/chimeli_clari,7845731940,,protectiondentalcenter,human,95,0,0,0,95,A
normi_stela,Norma Estela Ramirez,https://www.instagram.com/normi_stela,7848821754,,protectiondentalcenter,human,95,0,0,0,95,A
fulviaarujo_ferr,Fulvia Luz Maria Araujo,https://www.instagram.com/fulviaarujo_ferr,7866843366,,protectiondentalcenter,human,95,0,0,0,95,A
merari_abrahan,Merari Alexandra Abrahan Ledesma,https://www.instagram.com/merari_abrahan,78788710579,,odontospy,human,95,0,0,0,95,A
roxa_laskowski,Roxana Villarreal Laskowski,https://www.instagram.com/roxa_laskowski,7880349990,,protectiondentalcenter,human,95,0,0,0,95,A
dayi_ramirezs,Dahiana Ramirez Samudio,https://www.instagram.com/dayi_ramirezs,7881007274,,odontospy,human,95,0,0,0,95,A
joxi_aza,Talydiana Fxpre Polanco,https://www.instagram.com/joxi_aza,7888882566,,protectiondentalcenter,human,95,0,0,0,95,A
taniacristina_filhadorei,Tania Cristina Cristina,https://www.instagram.com/taniacristina_filhadorei,792482041,,protectiondentalcenter,human,95,0,0,0,95,A
vale_rrdt,Vale Rocio Ruiz Diaz,https://www.instagram.com/vale_rrdt,793774858,,protectiondentalcenter,human,95,0,0,0,95,A
comercial_lirios,Luz Rocio Gracia Adorno,https://www.instagram.com/comercial_lirios,7989869407,,protectiondentalcenter,human,95,0,0,0,95,A
luz_bulla,Luz Marina Bulla,https://www.instagram.com/luz_bulla,7991050902,,protectiondentalcenter,human,95,0,0,0,95,A
venus_alf,Maria Venus Alfonzo Mancuello,https://www.instagram.com/venus_alf,7994992103,,odontologia3py,human,95,0,0,0,95,A
aljazeera_zarza,Al Jazeera Zarza,https://www.instagram.com/aljazeera_zarza,801201473,,odontologia3py,human,95,0,0,0,95,A
melilezcano_py,Meliza Lezcano Monges,https://www.instagram.com/melilezcano_py,8052182710,,protectiondentalcenter,human,95,0,0,0,95,A
hugo_alegre,Hugo Anibal Alegre Esquivel,https://www.instagram.com/hugo_alegre,812764980,,odontospy,human,95,0,0,0,95,A
yanii_chavez,Yanisse Chavez Saucedo,https://www.instagram.com/yanii_chavez,818643250,,protectiondentalcenter,human,95,0,0,0,95,A
nincy_rd,Nincy Ruiz Diaz Lesme,https://www.instagram.com/nincy_rd,820411325,,odontologia3py,human,95,0,0,0,95,A
sens_tali,Talia Giselle Sens,https://www.instagram.com/sens_tali,8208361952,,protectiondentalcenter,human,95,0,0,0,95,A
yudith_af,Yudith Araujo Felix,https://www.instagram.com/yudith_af,8223816120,,protectiondentalcenter,human,95,0,0,0,95,A
lidia_morenoh,Lidia Moreno Hernandez,https://www.instagram.com/lidia_morenoh,8244749455,,protectiondentalcenter,human,95,0,0,0,95,A
titi_landeros,Cinthia Javiera Landeros Castillo,https://www.instagram.com/titi_landeros,8258567591,,protectiondentalcenter,human,95,0,0,0,95,A
carmita_guijarro,Carmen Cecilia Guijarro Toledo,https://www.instagram.com/carmita_guijarro,8269475234,,protectiondentalcenter,human,95,0,0,0,95,A
danielb_anubis,Oscar Daniel Benitez,https://www.instagram.com/danielb_anubis,827044762,,protectiondentalcenter,human,95,0,0,0,95,A
hola_tania,Tania Alejandra Caceres,https://www.instagram.com/hola_tania,831749250,,protectiondentalcenter,human,95,0,0,0,95,A
juliane_valderrama,Juliane Valderrama Borrero,https://www.instagram.com/juliane_valderrama,8396891638,,protectiondentalcenter,human,95,0,0,0,95,A
santacruz_luci,Lucy Santacruz Garcete,https://www.instagram.com/santacruz_luci,8398044318,,odontologia3py,human,95,0,0,0,95,A
pasteles_contodo,Belin Anare Figueroa,https://www.instagram.com/pasteles_contodo,8464702799,,protectiondentalcenter,human,95,0,0,0,95,A
lau_sansa,Laulhi Santa Cruz,https://www.instagram.com/lau_sansa,847849471,,odontologia3py,human,95,0,0,0,95,A
eudina_sousa,Eudina Batista Nascimento,https://www.instagram.com/eudina_sousa,8514213917,,protectiondentalcenter,human,95,0,0,0,95,A
yanina_guillenguada,Yanina Guillen Guadalupe,https://www.instagram.com/yanina_guillenguada,8535616230,,protectiondentalcenter,human,95,0,0,0,95,A
loy_huaman,Loida Mariana Bogarin Jara,https://www.instagram.com/loy_huaman,856909477,,odontospy,human,95,0,0,0,95,A
rossi_encina,Rossy Encina Figueredo,https://www.instagram.com/rossi_encina,8580007793,,protectiondentalcenter,human,95,0,0,0,95,A
hatice_akmesee,Hatice Ekin Ahmet,https://www.instagram.com/hatice_akmesee,8634569261,,protectiondentalcenter,human,95,0,0,0,95,A
lauri_palacios,Laurita Palacios Delvalle,https://www.instagram.com/lauri_palacios,864855385,,odontologia3py,human,95,0,0,0,95,A
deapezzato_consoline,Debora Cristina Apezzato Consoline,https://www.instagram.com/deapezzato_consoline,8653350800,,protectiondentalcenter,human,95,0,0,0,95,A
withlove_mafe,Maria Fe Mavrelis,https://www.instagram.com/withlove_mafe,8664871307,,protectiondentalcenter,human,95,0,0,0,95,A
aguero_nat,Liz Natalia Aguero,https://www.instagram.com/aguero_nat,867045385,,protectiondentalcenter,human,95,0,0,0,95,A
gabriela_nrd,Gabriela Noemi Ruiz Diaz,https://www.instagram.com/gabriela_nrd,882423791,,protectiondentalcenter,human,95,0,0,0,95,A
caliniana_maria,Ana Maria Calini,https://www.instagram.com/caliniana_maria,8925868723,,protectiondentalcenter,human,95,0,0,0,95,A
lele_jimenez,Maria Alejandra Jimenez Steppuhn,https://www.instagram.com/lele_jimenez,893488044,,odontologia3py,human,95,0,0,0,95,A
kitty_lesme,Sonia Luz Lesme,https://www.instagram.com/kitty_lesme,8957405077,,protectiondentalcenter,human,95,0,0,0,95,A
martin_ramirezjara,Martin Ramirez Jara,https://www.instagram.com/martin_ramirezjara,905677809,,odontologia3py,human,95,0,0,0,95,A
ester_neira,Ester Paulina Neira Carvajal,https://www.instagram.com/ester_neira,9185190286,,protectiondentalcenter,human,95,0,0,0,95,A
yenny_riquelme,Yenny Carolina Aguilar,https://www.instagram.com/yenny_riquelme,920490188,,protectiondentalcenter,human,95,0,0,0,95,A
cesarfernandez_realtor,Cesar Enrique Fernandez Bernal,https://www.instagram.com/cesarfernandez_realtor,937407840,,odontospy,human,95,0,0,0,95,A
johana_oru,Johana Orue Arevalos,https://www.instagram.com/johana_oru,938162774,,odontologia3py,human,95,0,0,0,95,A
marcela_godoybritos,Marcela Godoy Britos,https://www.instagram.com/marcela_godoybritos,938399645,,protectiondentalcenter,human,95,0,0,0,95,A
giovanna_viccente,Giovanna Vicente Luna,https://www.instagram.com/giovanna_viccente,942676756,,odontospy,human,95,0,0,0,95,A
narcy_sanchez,Narcisa Sanchez Sepulveda,https://www.instagram.com/narcy_sanchez,964540187,,protectiondentalcenter,human,95,0,0,0,95,A
luzmarina_vargas,Luz Marina Vargas,https://www.instagram.com/luzmarina_vargas,967386902,,protectiondentalcenter,human,95,0,0,0,95,A
ruth_caballerocastellano,Ruth Caballero Castellano,https://www.instagram.com/ruth_caballerocastellano,9751896506,,odontologia3py,human,95,0,0,0,95,A
kathia_beraud,Kathia Beraud Sartori,https://www.instagram.com/kathia_beraud,982668381,,protectiondentalcenter,human,95,0,0,0,95,A
renandarcys_davalos,Renan Darcys Gonzalez Davalos,https://www.instagram.com/renandarcys_davalos,984884752,,protectiondentalcenter,human,95,0,0,0,95,A
anto_ugarte,Antonella Magali Ugarte,https://www.instagram.com/anto_ugarte,991093105,,odontospy,human,95,0,0,0,95,A
ester_rivas,Ester Rivas Villasanti,https://www.instagram.com/ester_rivas,994008864,,protectiondentalcenter,human,95,0,0,0,95,A
eli_insa,Eli Insaurralde,https://www.instagram.com/eli_insa,1001392329,,protectiondentalcenter,human,85,0,0,0,85,A
jani_benegas,Karen Nuñez,https://www.instagram.com/jani_benegas,1001633551,,protectiondentalcenter,human,85,0,0,0,85,A
lau_lugo,Laura Lugo,https://www.instagram.com/lau_lugo,1001877371,,odontologia3py,human,85,0,0,0,85,A
micaela_caballer,Micaela Caballero,https://www.instagram.com/micaela_caballer,10021380296,,protectiondentalcenter,human,85,0,0,0,85,A
natalia_peraltaa,Naty Peralta,https://www.instagram.com/natalia_peraltaa,10026431634,,odontospy,human,85,0,0,0,85,A
noemi_beatriz,Noemi Beatriz,https://www.instagram.com/noemi_beatriz,1002799085,,odontospy,human,85,0,0,0,85,A
lisa_amarilla,Liza Amarilla,https://www.instagram.com/lisa_amarilla,1006699990,,protectiondentalcenter,human,85,0,0,0,85,A
angelita_silguero,Angelita Silguero,https://www.instagram.com/angelita_silguero,1007042289,,odontologia3py,human,85,0,0,0,85,A
tati_crissorrego,Criss Orrego,https://www.instagram.com/tati_crissorrego,1008587232,,protectiondentalcenter,human,85,0,0,0,85,A
corinne_dpz,Corinne Depaz,https://www.instagram.com/corinne_dpz,10092712007,,protectiondentalcenter,human,85,0,0,0,85,A
letizia_sanabria,Letizia Sanabria,https://www.instagram.com/letizia_sanabria,1009476419,,protectiondentalcenter,human,85,0,0,0,85,A
cristaldo_eve,Eve Cristaldo,https://www.instagram.com/cristaldo_eve,1009858110,,odontologia3py,human,85,0,0,0,85,A
popovich_monhica,Monica Popovich,https://www.instagram.com/popovich_monhica,1010656979,,protectiondentalcenter,human,85,0,0,0,85,A
naty_johana,Naty Gonzalez,https://www.instagram.com/naty_johana,1010894830,,odontospy,human,85,0,0,0,85,A
lucas_mana,Lucas Manavella,https://www.instagram.com/lucas_mana,1012579408,,odontologia3py,human,85,0,0,0,85,A
nikita_mo,Mo Nikita,https://www.instagram.com/nikita_mo,10135426831,,protectiondentalcenter,human,85,0,0,0,85,A
hara_garcia,Haracelli Garcia,https://www.instagram.com/hara_garcia,1014061602,,protectiondentalcenter,human,85,0,0,0,85,A
carolina_peraltav,Carolina Peralta,https://www.instagram.com/carolina_peraltav,1014478033,,odontologia3py,human,85,0,0,0,85,A
araceli_lf,Araceli Lira,https://www.instagram.com/araceli_lf,10161130089,,protectiondentalcenter,human,85,0,0,0,85,A
jago_py,Jason Gomez,https://www.instagram.com/jago_py,10169837702,,protectiondentalcenter,human,85,0,0,0,85,A
vane_giisselle,Vanessa Aranda,https://www.instagram.com/vane_giisselle,1017117109,,protectiondentalcenter,human,85,0,0,0,85,A
mariela_vegaac,Mariela Vega,https://www.instagram.com/mariela_vegaac,1017793670,,odontospy,human,85,0,0,0,85,A
eleny_cubilla,Eleny Cubilla,https://www.instagram.com/eleny_cubilla,1018554073,,odontologia3py,human,85,0,0,0,85,A
fabiola_ortizs,Fabiola Ortiz,https://www.instagram.com/fabiola_ortizs,1022688535,,protectiondentalcenter,human,85,0,0,0,85,A
albii_gimenez,Albi Gimenez,https://www.instagram.com/albii_gimenez,10228410317,,protectiondentalcenter,human,85,0,0,0,85,A
tania_arriolaa,Tania Arriola,https://www.instagram.com/tania_arriolaa,1026534195,,odontologia3py,human,85,0,0,0,85,A
thanya_vera,Tania Vera,https://www.instagram.com/thanya_vera,1028996339,,protectiondentalcenter,human,85,0,0,0,85,A
xavier_py,Javier Torres,https://www.instagram.com/xavier_py,1030259919,,protectiondentalcenter,human,85,0,0,0,85,A
tina_arbova,Radost Kaneva,https://www.instagram.com/tina_arbova,1033482144,,protectiondentalcenter,human,85,0,0,0,85,A
yaniss_cantero,Yanisse Cantero,https://www.instagram.com/yaniss_cantero,10341677477,,odontospy,human,85,0,0,0,85,A
fabiola_cvera,Fabiola Vera,https://www.instagram.com/fabiola_cvera,10358335551,,odontologia3py,human,85,0,0,0,85,A
marielita_can,Marielita Otazu,https://www.instagram.com/marielita_can,1037833411,,protectiondentalcenter,human,85,0,0,0,85,A
poti_mal,Monica Maldonado,https://www.instagram.com/poti_mal,1038809131,,protectiondentalcenter,human,85,0,0,0,85,A
ka_aranda,Karenn Aranda,https://www.instagram.com/ka_aranda,1041692264,,odontospy,human,85,0,0,0,85,A
lobo_michell,Silvia Lobo,https://www.instagram.com/lobo_michell,1041812907,,odontospy,human,85,0,0,0,85,A
vanusaneuropsicologa_aba,Vanusa Leite,https://www.instagram.com/vanusaneuropsicologa_aba,1042827809,,protectiondentalcenter,human,85,0,0,0,85,A
nelida_paola,Nelida Fuentes,https://www.instagram.com/nelida_paola,1043708818,,protectiondentalcenter,human,85,0,0,0,85,A
yany_pv,Yani Palacios,https://www.instagram.com/yany_pv,1043801629,,protectiondentalcenter,human,85,0,0,0,85,A
eli_mambreani,Elizabeth Jacquet,https://www.instagram.com/eli_mambreani,1046433317,,protectiondentalcenter,human,85,0,0,0,85,A
dahii_ocampos,Dahiana Ocampos,https://www.instagram.com/dahii_ocampos,1046734337,,odontologia3py,human,85,0,0,0,85,A
claudia_starbest,Star Best,https://www.instagram.com/claudia_starbest,10583967174,,protectiondentalcenter,human,85,0,0,0,85,A
leideane_senar,Leidiane Sena,https://www.instagram.com/leideane_senar,10590349999,,protectiondentalcenter,human,85,0,0,0,85,A
slim_duran,Ximena Duran,https://www.instagram.com/slim_duran,10601757998,,protectiondentalcenter,human,85,0,0,0,85,A
cyn_encina,Cynthia Encina,https://www.instagram.com/cyn_encina,10613283148,,odontospy,human,85,0,0,0,85,A
nancy_faby,Nancy Duarte,https://www.instagram.com/nancy_faby,1065040656,,protectiondentalcenter,human,85,0,0,0,85,A
lurdes_lopez,Lourdes Lopez,https://www.instagram.com/lurdes_lopez,1067111064,,protectiondentalcenter,human,85,0,0,0,85,A
nilvi_tm,Viviana Torales,https://www.instagram.com/nilvi_tm,1067725070,,odontospy,human,85,0,0,0,85,A
bethsy_ktr,Bethsy Ktr,https://www.instagram.com/bethsy_ktr,1071319478,,protectiondentalcenter,human,85,0,0,0,85,A
lizross_gomez,Liz Gomez,https://www.instagram.com/lizross_gomez,1073228563,,protectiondentalcenter,human,85,0,0,0,85,A
labatex_textil,Vera Labatex,https://www.instagram.com/labatex_textil,1075381049,,protectiondentalcenter,human,85,0,0,0,85,A
sari_florentinn,Sari Florentin,https://www.instagram.com/sari_florentinn,1079679648,,protectiondentalcenter,human,85,0,0,0,85,A
fabyaguilera_deorue,Fabiola Aguilera,https://www.instagram.com/fabyaguilera_deorue,1080357282,,odontologia3py,human,85,0,0,0,85,A
danilo_alexis,Danilo Gonzalez,https://www.instagram.com/danilo_alexis,1080429490,,protectiondentalcenter,human,85,0,0,0,85,A
laulu_ayala,Laura Ayala,https://www.instagram.com/laulu_ayala,1081053741,,protectiondentalcenter,human,85,0,0,0,85,A
lobos_maria,Maria Lobos,https://www.instagram.com/lobos_maria,1082093156,,protectiondentalcenter,human,85,0,0,0,85,A
bia_pirovano,Bianca Pirovano,https://www.instagram.com/bia_pirovano,10844746566,,protectiondentalcenter,human,85,0,0,0,85,A
fotos_mariamarta,Maria Marta,https://www.instagram.com/fotos_mariamarta,10871812257,,protectiondentalcenter,human,85,0,0,0,85,A
menchi_gamarra,Menchi Gamarra,https://www.instagram.com/menchi_gamarra,1088819609,,protectiondentalcenter,human,85,0,0,0,85,A
marina_picetti,Marina Picetti,https://www.instagram.com/marina_picetti,10893893221,,protectiondentalcenter,human,85,0,0,0,85,A
wada_quinones,Guadalupe Quiñones,https://www.instagram.com/wada_quinones,10900850810,,protectiondentalcenter,human,85,0,0,0,85,A
joselane_freitas,Joselane Freitas,https://www.instagram.com/joselane_freitas,10903234996,,protectiondentalcenter,human,85,0,0,0,85,A
mercedes_ruano,Mercedes Ruano,https://www.instagram.com/mercedes_ruano,10908955479,,protectiondentalcenter,human,85,0,0,0,85,A
leticia_riquelme,Leti Riquelme,https://www.instagram.com/leticia_riquelme,1092317910,,odontospy,human,85,0,0,0,85,A
marcia_tokuda,Marcia Tokuda,https://www.instagram.com/marcia_tokuda,10923422282,,protectiondentalcenter,human,85,0,0,0,85,A
veronicadasilva_souza,Vera Souza,https://www.instagram.com/veronicadasilva_souza,10925593932,,protectiondentalcenter,human,85,0,0,0,85,A
juadii_nunezpy,Guadalupe Nuñez,https://www.instagram.com/juadii_nunezpy,1094346438,,protectiondentalcenter,human,85,0,0,0,85,A
bitty_alderete,Bitty Alderete,https://www.instagram.com/bitty_alderete,1094782393,,protectiondentalcenter,human,85,0,0,0,85,A
yvonne_bombon,Ivonne Tirado,https://www.instagram.com/yvonne_bombon,1095070485,,protectiondentalcenter,human,85,0,0,0,85,A
eva_mendozamereles,Luz Mereles,https://www.instagram.com/eva_mendozamereles,1098909986,,protectiondentalcenter,human,85,0,0,0,85,A
jorgelina_sanchez,Jorgelina Sanchez,https://www.instagram.com/jorgelina_sanchez,1099627312,,protectiondentalcenter,human,85,0,0,0,85,A
marco_diazfl,Marco Diaz,https://www.instagram.com/marco_diazfl,1099816054,,odontologia3py,human,85,0,0,0,85,A
va_benitez,Vanessa Benitez,https://www.instagram.com/va_benitez,1102296733,,protectiondentalcenter,human,85,0,0,0,85,A
lilik_gabe,Liliana Galeano,https://www.instagram.com/lilik_gabe,1103594800,,protectiondentalcenter,human,85,0,0,0,85,A
olga_verde,Olga Verde,https://www.instagram.com/olga_verde,1105108348,,protectiondentalcenter,human,85,0,0,0,85,A
lizmar_coro,Liz Coronel,https://www.instagram.com/lizmar_coro,1107638895,,odontologia3py,human,85,0,0,0,85,A
san_pazok,Sandra Paz,https://www.instagram.com/san_pazok,1109329178,,protectiondentalcenter,human,85,0,0,0,85,A
calderini_clara,Clara Calderini,https://www.instagram.com/calderini_clara,1110510872,,odontospy,human,85,0,0,0,85,A
belen_florentin,Belen Florentin,https://www.instagram.com/belen_florentin,1110811928,,protectiondentalcenter,human,85,0,0,0,85,A
vic_borja,Victor Borja,https://www.instagram.com/vic_borja,1112559680,,protectiondentalcenter,human,85,0,0,0,85,A
samiira_nino,Samira Niño,https://www.instagram.com/samiira_nino,1113342077,,odontologia3py,human,85,0,0,0,85,A
esnoel_pereira,Noelia Pereira,https://www.instagram.com/esnoel_pereira,1115213499,,protectiondentalcenter,human,85,0,0,0,85,A
albi_mart,Alba Leticia,https://www.instagram.com/albi_mart,11162183738,,protectiondentalcenter,human,85,0,0,0,85,A
pame_estela,Pamela Estela,https://www.instagram.com/pame_estela,1116517160,,odontospy,human,85,0,0,0,85,A
patty_echeverria,Patty Echeverria,https://www.instagram.com/patty_echeverria,1118427123,,protectiondentalcenter,human,85,0,0,0,85,A
gil_oneida,Oneida Gil,https://www.instagram.com/gil_oneida,11202054321,,protectiondentalcenter,human,85,0,0,0,85,A
dalma_cobo,Dalma Cobo,https://www.instagram.com/dalma_cobo,1121032589,,protectiondentalcenter,human,85,0,0,0,85,A
angie_coronelfe,Angie Coronel,https://www.instagram.com/angie_coronelfe,1122586293,,protectiondentalcenter,human,85,0,0,0,85,A
celia_cabrera,Celia Cabrera,https://www.instagram.com/celia_cabrera,1122640713,,protectiondentalcenter,human,85,0,0,0,85,A
mirta_aguayo,Mirta Aguayo,https://www.instagram.com/mirta_aguayo,11230453828,,protectiondentalcenter,human,85,0,0,0,85,A
ivanna_gpd,Ivanna Pereira,https://www.instagram.com/ivanna_gpd,1126398471,,protectiondentalcenter,human,85,0,0,0,85,A
clau_calia,Clau Calia,https://www.instagram.com/clau_calia,1128924740,,odontologia3py,human,85,0,0,0,85,A
shir_jacquet,Shir Jacquet,https://www.instagram.com/shir_jacquet,1130263180,,odontospy,human,85,0,0,0,85,A
patricia_orrego,Patricia Orrego,https://www.instagram.com/patricia_orrego,1130475237,,protectiondentalcenter,human,85,0,0,0,85,A
marisol_pirela,Marisol Pirela,https://www.instagram.com/marisol_pirela,11307565790,,protectiondentalcenter,human,85,0,0,0,85,A
corretora_solange,Solange Teixeira,https://www.instagram.com/corretora_solange,1133182107,,protectiondentalcenter,human,85,0,0,0,85,A
deisi_romina,Deisi Romina,https://www.instagram.com/deisi_romina,11342309191,,protectiondentalcenter,human,85,0,0,0,85,A
kelin_malmen,Kelin Malmen,https://www.instagram.com/kelin_malmen,1134561973,,odontologia3py,human,85,0,0,0,85,A
gessi_britez,Silva Marie,https://www.instagram.com/gessi_britez,1137472010,,protectiondentalcenter,human,85,0,0,0,85,A
ruht_ayala,Ruht Ayala,https://www.instagram.com/ruht_ayala,1138319665,,protectiondentalcenter,human,85,0,0,0,85,A
kari_gisse,Karina Sostoa,https://www.instagram.com/kari_gisse,1139462922,,protectiondentalcenter,human,85,0,0,0,85,A
ed_jakome,Ed Jakome,https://www.instagram.com/ed_jakome,11409921173,,protectiondentalcenter,human,85,0,0,0,85,A
arelis_fonse,Arelis Fonseca,https://www.instagram.com/arelis_fonse,11454487186,,protectiondentalcenter,human,85,0,0,0,85,A
neni_amarilla,Neni Amarilla,https://www.instagram.com/neni_amarilla,1147073296,,protectiondentalcenter,human,85,0,0,0,85,A
sara_malfi,Malfitano Mika,https://www.instagram.com/sara_malfi,1148728348,,protectiondentalcenter,human,85,0,0,0,85,A
vane_evera,Vanessa Vera,https://www.instagram.com/vane_evera,1149477480,,protectiondentalcenter,human,85,0,0,0,85,A
yenny_minho,Yenny Miño,https://www.instagram.com/yenny_minho,1149616703,,protectiondentalcenter,human,85,0,0,0,85,A
lizzi_oliv,Lizzi Olivera,https://www.instagram.com/lizzi_oliv,1152552559,,protectiondentalcenter,human,85,0,0,0,85,A
myriam_talavera,Myriam Talavera,https://www.instagram.com/myriam_talavera,1154353369,,protectiondentalcenter,human,85,0,0,0,85,A
nany_montane,Partnership Realty,https://www.instagram.com/nany_montane,11546204657,,protectiondentalcenter,human,85,0,0,0,85,A
fleitas_marlin,Marlin Fleitas,https://www.instagram.com/fleitas_marlin,11549904020,,protectiondentalcenter,human,85,0,0,0,85,A
lilian_chavely,Chaveli Noguera,https://www.instagram.com/lilian_chavely,11554330036,,protectiondentalcenter,human,85,0,0,0,85,A
mmay_gomez,May Gomez,https://www.instagram.com/mmay_gomez,11560611718,,protectiondentalcenter,human,85,0,0,0,85,A
viivi_riveros,Vivi Riveros,https://www.instagram.com/viivi_riveros,1159094264,,protectiondentalcenter,human,85,0,0,0,85,A
dede_chaccour,Denise Chaccour,https://www.instagram.com/dede_chaccour,1159793138,,protectiondentalcenter,human,85,0,0,0,85,A
dahia_zayas,Zayas Dahiana,https://www.instagram.com/dahia_zayas,11624688909,,protectiondentalcenter,human,85,0,0,0,85,A
simonet_poletti,Simonet Insaurralde,https://www.instagram.com/simonet_poletti,11628160575,,odontospy,human,85,0,0,0,85,A
maureen_salmona,Maureen Salmona,https://www.instagram.com/maureen_salmona,1163943863,,protectiondentalcenter,human,85,0,0,0,85,A
adela_redes,Adela Redes,https://www.instagram.com/adela_redes,1164031610,,odontologia3py,human,85,0,0,0,85,A
lau_leguizamon,Lau Leguizamon,https://www.instagram.com/lau_leguizamon,1166531519,,odontospy,human,85,0,0,0,85,A
lidia_molinas,Lidia Molinas,https://www.instagram.com/lidia_molinas,1166659857,,odontologia3py,human,85,0,0,0,85,A
burgos_lila,Lila Burgos,https://www.instagram.com/burgos_lila,11672046206,,protectiondentalcenter,human,85,0,0,0,85,A
marinalujan_liz,Liz Marina,https://www.instagram.com/marinalujan_liz,1173224354,,protectiondentalcenter,human,85,0,0,0,85,A
anaa_lampert,Ana Lampert,https://www.instagram.com/anaa_lampert,1174062121,,odontologia3py,human,85,0,0,0,85,A
abi_rdd,Abi Rd,https://www.instagram.com/abi_rdd,1176384444,,odontologia3py,human,85,0,0,0,85,A
jannie_hurtig,Jannie Hurtig,https://www.instagram.com/jannie_hurtig,11769108575,,protectiondentalcenter,human,85,0,0,0,85,A
antonella_ocampos,Ocampos Antonella,https://www.instagram.com/antonella_ocampos,11796135872,,odontospy,human,85,0,0,0,85,A
russ_velarde,Russ Velarde,https://www.instagram.com/russ_velarde,1180021659,,protectiondentalcenter,human,85,0,0,0,85,A
jofre_jimena,Jimena Jofre,https://www.instagram.com/jofre_jimena,11804801225,,protectiondentalcenter,human,85,0,0,0,85,A
fischer_shyndi,Shyndi Fischer,https://www.instagram.com/fischer_shyndi,1181328823,,protectiondentalcenter,human,85,0,0,0,85,A
miri_arzamendia,Mirian Arzamendia,https://www.instagram.com/miri_arzamendia,1182053543,,odontologia3py,human,85,0,0,0,85,A
guiller_pessoa,Guillermo Pessoa,https://www.instagram.com/guiller_pessoa,1182290771,,odontospy,human,85,0,0,0,85,A
karen_aguilarc,Karen Aguilar,https://www.instagram.com/karen_aguilarc,1184058008,,protectiondentalcenter,human,85,0,0,0,85,A
patty_chavezramos,Patty Chavez,https://www.instagram.com/patty_chavezramos,1184284596,,odontologia3py,human,85,0,0,0,85,A
silvamaria_gomes,Maria Gomes,https://www.instagram.com/silvamaria_gomes,11856960970,,protectiondentalcenter,human,85,0,0,0,85,A
kelly_gallinar,Raquel Gallinar,https://www.instagram.com/kelly_gallinar,1189719247,,odontospy,human,85,0,0,0,85,A
nancyruiz_aguilera,Nancy Ruiz,https://www.instagram.com/nancyruiz_aguilera,1193178432,,protectiondentalcenter,human,85,0,0,0,85,A
cosmiatra_edith,Edith Perez,https://www.instagram.com/cosmiatra_edith,11953173719,,protectiondentalcenter,human,85,0,0,0,85,A
ro_cisanchez,Alba Sanchez,https://www.instagram.com/ro_cisanchez,1196861149,,protectiondentalcenter,human,85,0,0,0,85,A
bechii_rojas,Bechi Rojas,https://www.instagram.com/bechii_rojas,12078375633,,protectiondentalcenter,human,85,0,0,0,85,A
yoana_alfonzo,Yohana Alfonzo,https://www.instagram.com/yoana_alfonzo,1208865526,,protectiondentalcenter,human,85,0,0,0,85,A
zuny_rotela,Zu Rotela,https://www.instagram.com/zuny_rotela,1209027125,,odontospy,human,85,0,0,0,85,A
pame_sostoa,Gaby Sostoa,https://www.instagram.com/pame_sostoa,1209166050,,protectiondentalcenter,human,85,0,0,0,85,A
gess_ben,Gessica Benitez,https://www.instagram.com/gess_ben,1210294115,,protectiondentalcenter,human,85,0,0,0,85,A
luciana_cropollato,Luciana Cropollato,https://www.instagram.com/luciana_cropollato,12110163643,,protectiondentalcenter,human,85,0,0,0,85,A
bogado_vivi,Vivi Cardozo,https://www.instagram.com/bogado_vivi,1213327643,,odontospy,human,85,0,0,0,85,A
tamir_zeab,Tamir Zeab,https://www.instagram.com/tamir_zeab,1216096915,,odontologia3py,human,85,0,0,0,85,A
lumy_molinas,Luz Molinas,https://www.instagram.com/lumy_molinas,1217203002,,odontospy,human,85,0,0,0,85,A
marili_sillvaa,Marili Silva,https://www.instagram.com/marili_sillvaa,12188270173,,protectiondentalcenter,human,85,0,0,0,85,A
eli_benicent,Eliana Benitez,https://www.instagram.com/eli_benicent,1220737858,,protectiondentalcenter,human,85,0,0,0,85,A
vero_gori,Veronica Gori,https://www.instagram.com/vero_gori,1221012310,,protectiondentalcenter,human,85,0,0,0,85,A
rita_baez,Rita Baez,https://www.instagram.com/rita_baez,1223194727,,protectiondentalcenter,human,85,0,0,0,85,A
lagenzia_sml,Claudia Vernazza,https://www.instagram.com/lagenzia_sml,12247010924,,protectiondentalcenter,human,85,0,0,0,85,A
nadia_gimene,Nadia Gimenez,https://www.instagram.com/nadia_gimene,12257616130,,odontospy,human,85,0,0,0,85,A
cyndi_polti,Cyndi Polti,https://www.instagram.com/cyndi_polti,1226695307,,protectiondentalcenter,human,85,0,0,0,85,A
ro_ferre,Sanie Rocio,https://www.instagram.com/ro_ferre,1227248193,,protectiondentalcenter,human,85,0,0,0,85,A
roussy_aguss,Aguss Rossy,https://www.instagram.com/roussy_aguss,1232128603,,protectiondentalcenter,human,85,0,0,0,85,A
vilhegas_su,Susana Vilhegas,https://www.instagram.com/vilhegas_su,1234901774,,protectiondentalcenter,human,85,0,0,0,85,A
anatalia_areco,Areco Martinez,https://www.instagram.com/anatalia_areco,1234941145,,odontologia3py,human,85,0,0,0,85,A
ch_joa,Joanna Chacon,https://www.instagram.com/ch_joa,1236001736,,protectiondentalcenter,human,85,0,0,0,85,A
darlene_gabaglio,Darlene Gabaglio,https://www.instagram.com/darlene_gabaglio,1241385662,,protectiondentalcenter,human,85,0,0,0,85,A
maarie_villalba,Mariela Villalba,https://www.instagram.com/maarie_villalba,1243916535,,protectiondentalcenter,human,85,0,0,0,85,A
gise_melgarejo,Gise Melgarejo,https://www.instagram.com/gise_melgarejo,1246733913,,protectiondentalcenter,human,85,0,0,0,85,A
sylvie_gutknecht,Gutknecht Sylvie,https://www.instagram.com/sylvie_gutknecht,12498718566,,protectiondentalcenter,human,85,0,0,0,85,A
fati_vazqz,Fatima Vazquez,https://www.instagram.com/fati_vazqz,1249917511,,odontologia3py,human,85,0,0,0,85,A
ramirez_marijaz,Jazmin Ramirez,https://www.instagram.com/ramirez_marijaz,1250517389,,odontospy,human,85,0,0,0,85,A
carol_boggino,Carol Boggino,https://www.instagram.com/carol_boggino,12510812674,,protectiondentalcenter,human,85,0,0,0,85,A
maru_velilla,Maru Cristaldo,https://www.instagram.com/maru_velilla,1251702447,,odontologia3py,human,85,0,0,0,85,A
patty_vegam,Patricia Vega,https://www.instagram.com/patty_vegam,1254840789,,protectiondentalcenter,human,85,0,0,0,85,A
benitez_marilurde,Maria Benitez,https://www.instagram.com/benitez_marilurde,1256715766,,protectiondentalcenter,human,85,0,0,0,85,A
frutos_patricia,Patricia Frutos,https://www.instagram.com/frutos_patricia,1257011610,,protectiondentalcenter,human,85,0,0,0,85,A
rebe_godoy,Rebe Godoy,https://www.instagram.com/rebe_godoy,1257341699,,protectiondentalcenter,human,85,0,0,0,85,A
romina_benz,Romi Benitez,https://www.instagram.com/romina_benz,1257391253,,odontologia3py,human,85,0,0,0,85,A
crystel_caceres,Crystel Caceres,https://www.instagram.com/crystel_caceres,12587039549,,odontospy,human,85,0,0,0,85,A
rossy_encina,Rossy Encina,https://www.instagram.com/rossy_encina,1259405411,,protectiondentalcenter,human,85,0,0,0,85,A
gabicita_corrales,Gabriela Corrales,https://www.instagram.com/gabicita_corrales,12594296830,,protectiondentalcenter,human,85,0,0,0,85,A
taty_centurion,Beatriz Centurion,https://www.instagram.com/taty_centurion,1261826085,,odontologia3py,human,85,0,0,0,85,A
ahilin_figueredo,Ahilin Figueredo,https://www.instagram.com/ahilin_figueredo,1261833693,,protectiondentalcenter,human,85,0,0,0,85,A
dalma_vazquez,Dalma Vazquez,https://www.instagram.com/dalma_vazquez,1262726432,,odontospy,human,85,0,0,0,85,A
villanueva_vico,Vico Villanueva,https://www.instagram.com/villanueva_vico,1264030158,,odontologia3py,human,85,0,0,0,85,A
una_luuuz,Luz Diaz,https://www.instagram.com/una_luuuz,12673644623,,protectiondentalcenter,human,85,0,0,0,85,A
dorita_alegre,Dora Alegre,https://www.instagram.com/dorita_alegre,12674735372,,protectiondentalcenter,human,85,0,0,0,85,A
cristi_recalde,Cristina Recalde,https://www.instagram.com/cristi_recalde,1267790458,,odontologia3py,human,85,0,0,0,85,A
fabi_analia,Faby Rios,https://www.instagram.com/fabi_analia,1268232480,,protectiondentalcenter,human,85,0,0,0,85,A
kattya_toledo,Kattya Toledo,https://www.instagram.com/kattya_toledo,1269453106,,protectiondentalcenter,human,85,0,0,0,85,A
magi_benitez,Magali Benitez,https://www.instagram.com/magi_benitez,1270527075,,protectiondentalcenter,human,85,0,0,0,85,A
rivaldi_fabiola,Rivaldi Fabiola,https://www.instagram.com/rivaldi_fabiola,1271879555,,protectiondentalcenter,human,85,0,0,0,85,A
anahi_rojas,Anahi Rojas,https://www.instagram.com/anahi_rojas,1272649087,,protectiondentalcenter,human,85,0,0,0,85,A
claraaa_martinez,Martinez Clara,https://www.instagram.com/claraaa_martinez,12739084493,,protectiondentalcenter,human,85,0,0,0,85,A
anita_btz,Anita Benitez,https://www.instagram.com/anita_btz,1275582959,,protectiondentalcenter,human,85,0,0,0,85,A
maciel_deysi,Deysi Maciel,https://www.instagram.com/maciel_deysi,1278071959,,protectiondentalcenter,human,85,0,0,0,85,A
nancy_sella,Nancy Sellanes,https://www.instagram.com/nancy_sella,12782551467,,protectiondentalcenter,human,85,0,0,0,85,A
silvya_silvi,Silviaa Silvi,https://www.instagram.com/silvya_silvi,1279598141,,protectiondentalcenter,human,85,0,0,0,85,A
miti_caceres,Miti Caceres,https://www.instagram.com/miti_caceres,1281470605,,protectiondentalcenter,human,85,0,0,0,85,A
antoniomiranda_wrede,Antonio Miranda,https://www.instagram.com/antoniomiranda_wrede,1282014091,,odontospy,human,85,0,0,0,85,A
nancy_valdezn,Nuñez Nancy,https://www.instagram.com/nancy_valdezn,1283001842,,odontospy,human,85,0,0,0,85,A
paoo_ayala,Paola Ayala,https://www.instagram.com/paoo_ayala,1283424324,,protectiondentalcenter,human,85,0,0,0,85,A
tati_alcaraz,Tati Alcaraz,https://www.instagram.com/tati_alcaraz,1284024766,,protectiondentalcenter,human,85,0,0,0,85,A
meme_reboredo,Mercedes Reboredo,https://www.instagram.com/meme_reboredo,1284105098,,protectiondentalcenter,human,85,0,0,0,85,A
jena_carreiro,Jena Carreiro,https://www.instagram.com/jena_carreiro,1284656112,,protectiondentalcenter,human,85,0,0,0,85,A
antonucci_nina,Nina Antonucci,https://www.instagram.com/antonucci_nina,12864458470,,protectiondentalcenter,human,85,0,0,0,85,A
joha_fleitas,Johanna Fleitas,https://www.instagram.com/joha_fleitas,1287215964,,odontologia3py,human,85,0,0,0,85,A
norma_armoa,Norma Armoa,https://www.instagram.com/norma_armoa,1287363720,,odontospy,human,85,0,0,0,85,A
evelyn_gf,Evelyn Galeano,https://www.instagram.com/evelyn_gf,1287705186,,odontologia3py,human,85,0,0,0,85,A
almanzar_jacqueline,Jacqueline Almanzar,https://www.instagram.com/almanzar_jacqueline,12879303654,,protectiondentalcenter,human,85,0,0,0,85,A
oscar_mathiaz,Oscar Mathiaz,https://www.instagram.com/oscar_mathiaz,1291590342,,protectiondentalcenter,human,85,0,0,0,85,A
garcete_yessi,Garcete Yessi,https://www.instagram.com/garcete_yessi,1291834845,,odontologia3py,human,85,0,0,0,85,A
jenifer_grance,Jenifer Grance,https://www.instagram.com/jenifer_grance,1293291455,,protectiondentalcenter,human,85,0,0,0,85,A
porfi_esc,Porfiria Escurra,https://www.instagram.com/porfi_esc,1293291878,,protectiondentalcenter,human,85,0,0,0,85,A
katherine_buss,Katherine Buss,https://www.instagram.com/katherine_buss,1293574727,,odontospy,human,85,0,0,0,85,A
krol_var,Monica Vargas,https://www.instagram.com/krol_var,1294840167,,odontospy,human,85,0,0,0,85,A
silvia_bogarin,Silvi Lopez,https://www.instagram.com/silvia_bogarin,1295372541,,odontologia3py,human,85,0,0,0,85,A
salomon_vallena,Roberto Vallena,https://www.instagram.com/salomon_vallena,1297601254,,protectiondentalcenter,human,85,0,0,0,85,A
belu_vergara,Belu Vergara,https://www.instagram.com/belu_vergara,1298371071,,protectiondentalcenter,human,85,0,0,0,85,A
nadiia_garciia,Nadiia Garciia,https://www.instagram.com/nadiia_garciia,1299168948,,protectiondentalcenter,human,85,0,0,0,85,A
ara_aayala,Ara Ayala,https://www.instagram.com/ara_aayala,1299485386,,protectiondentalcenter,human,85,0,0,0,85,A
borja_enzo,Enzo Borjas,https://www.instagram.com/borja_enzo,1300814783,,odontospy,human,85,0,0,0,85,A
ezequiel_gimenezz,Ezequiel Gimenez,https://www.instagram.com/ezequiel_gimenezz,1300876757,,protectiondentalcenter,human,85,0,0,0,85,A
fabio_diiaz,Fabio Diaz,https://www.instagram.com/fabio_diiaz,1301258058,,odontologia3py,human,85,0,0,0,85,A
fede_nunes,Fede Nunes,https://www.instagram.com/fede_nunes,1302014793,,odontologia3py,human,85,0,0,0,85,A
bonet_jaz,Analia Bonet,https://www.instagram.com/bonet_jaz,13034465643,,odontospy,human,85,0,0,0,85,A
mk_liljim,Lilian Jimenez,https://www.instagram.com/mk_liljim,1303476543,,protectiondentalcenter,human,85,0,0,0,85,A
maga_mcaballero,Magali Martinez,https://www.instagram.com/maga_mcaballero,1303558980,,protectiondentalcenter,human,85,0,0,0,85,A
tiberiu_anghel,Tiberiu Anghel,https://www.instagram.com/tiberiu_anghel,1304286326,,protectiondentalcenter,human,85,0,0,0,85,A
paogab_jara,Paola Jara,https://www.instagram.com/paogab_jara,1306533787,,odontologia3py,human,85,0,0,0,85,A
pellegrini_tiziana,Tiziana Pellegrini,https://www.instagram.com/pellegrini_tiziana,13066251228,,protectiondentalcenter,human,85,0,0,0,85,A
ariadna_alaya,Adriana Ayala,https://www.instagram.com/ariadna_alaya,1309117859,,protectiondentalcenter,human,85,0,0,0,85,A
britez_france,Fran Britez,https://www.instagram.com/britez_france,1309172270,,protectiondentalcenter,human,85,0,0,0,85,A
marta_sabena,Marta Bosio,https://www.instagram.com/marta_sabena,13096822421,,protectiondentalcenter,human,85,0,0,0,85,A
su_aveiro,Susan Aveiro,https://www.instagram.com/su_aveiro,1310931002,,odontologia3py,human,85,0,0,0,85,A
eli_starelli,Eli Starelli,https://www.instagram.com/eli_starelli,1311669766,,odontologia3py,human,85,0,0,0,85,A
brisia_gomezmelchor,Camila Cienfuegos,https://www.instagram.com/brisia_gomezmelchor,1311820848,,protectiondentalcenter,human,85,0,0,0,85,A
criska_herrera,Criska Herrera,https://www.instagram.com/criska_herrera,1311976573,,odontologia3py,human,85,0,0,0,85,A
jas_lezcan,Jas Lezcano,https://www.instagram.com/jas_lezcan,13123302013,,protectiondentalcenter,human,85,0,0,0,85,A
morales_santanera,Mari Morales,https://www.instagram.com/morales_santanera,13142199729,,protectiondentalcenter,human,85,0,0,0,85,A
anita_kmpu,Gael Kmpuzano,https://www.instagram.com/anita_kmpu,1315400808,,protectiondentalcenter,human,85,0,0,0,85,A
luz_pintogalarza,Luz Pinto,https://www.instagram.com/luz_pintogalarza,1316272535,,odontospy,human,85,0,0,0,85,A
juanjo_feltes,Juanjo Feltes,https://www.instagram.com/juanjo_feltes,1316466138,,protectiondentalcenter,human,85,0,0,0,85,A
marlenegomez_sj,Marlene Gomez,https://www.instagram.com/marlenegomez_sj,13210967435,,protectiondentalcenter,human,85,0,0,0,85,A
paola_penayo,Paola Penayo,https://www.instagram.com/paola_penayo,1321921721,,protectiondentalcenter,human,85,0,0,0,85,A
ara_cerati,Araceli Vera,https://www.instagram.com/ara_cerati,1321947972,,protectiondentalcenter,human,85,0,0,0,85,A
carmencita_matto,Carmencita Gamarra,https://www.instagram.com/carmencita_matto,1321949130,,protectiondentalcenter,human,85,0,0,0,85,A
mojca_stonitsc,Mojca Stonitsc,https://www.instagram.com/mojca_stonitsc,13222845409,,protectiondentalcenter,human,85,0,0,0,85,A
perla_arriagada,Perla Arriagada,https://www.instagram.com/perla_arriagada,1324359720,,odontologia3py,human,85,0,0,0,85,A
marlene_chasipanta,Marlene Chasipanta,https://www.instagram.com/marlene_chasipanta,13244757922,,protectiondentalcenter,human,85,0,0,0,85,A
garce_nelly,Nelly Garcete,https://www.instagram.com/garce_nelly,1325049538,,protectiondentalcenter,human,85,0,0,0,85,A
martin_alech,Martin Chamorro,https://www.instagram.com/martin_alech,1325061102,,odontologia3py,human,85,0,0,0,85,A
tanja_annen,Tanja Annen,https://www.instagram.com/tanja_annen,1328133859,,protectiondentalcenter,human,85,0,0,0,85,A
ara_aguero,Araceli Aquino,https://www.instagram.com/ara_aguero,1328729878,,protectiondentalcenter,human,85,0,0,0,85,A
ronald_carvallo,Ronald Carvallo,https://www.instagram.com/ronald_carvallo,1329651098,,odontospy,human,85,0,0,0,85,A
ricar_serafini,Odracir Serafini,https://www.instagram.com/ricar_serafini,1332631827,,odontologia3py,human,85,0,0,0,85,A
bianca_loto,Bianca Jimenez,https://www.instagram.com/bianca_loto,13367126571,,protectiondentalcenter,human,85,0,0,0,85,A
patricia_piris,Patty Piris,https://www.instagram.com/patricia_piris,1337099964,,protectiondentalcenter,human,85,0,0,0,85,A
chinotti_isabela,Isabela Chinotti,https://www.instagram.com/chinotti_isabela,13372975686,,protectiondentalcenter,human,85,0,0,0,85,A
centurion_edu,Edu Centurion,https://www.instagram.com/centurion_edu,13373318148,,odontologia3py,human,85,0,0,0,85,A
vivian_zarza,Vivian Zarza,https://www.instagram.com/vivian_zarza,13378785763,,protectiondentalcenter,human,85,0,0,0,85,A
faeli_meza,Elizabeth Meza,https://www.instagram.com/faeli_meza,1338967923,,odontologia3py,human,85,0,0,0,85,A
recalde_norma,Norma Recalde,https://www.instagram.com/recalde_norma,1339030752,,protectiondentalcenter,human,85,0,0,0,85,A
belu_fretes,Belen Fretes,https://www.instagram.com/belu_fretes,1344235748,,odontologia3py,human,85,0,0,0,85,A
jaz_perezf,Jaz Perez,https://www.instagram.com/jaz_perezf,1344282745,,protectiondentalcenter,human,85,0,0,0,85,A
charito_schwarz,Rosario Schwarz,https://www.instagram.com/charito_schwarz,1346301169,,protectiondentalcenter,human,85,0,0,0,85,A
amali_cano,Amali Cano,https://www.instagram.com/amali_cano,1346622784,,protectiondentalcenter,human,85,0,0,0,85,A
sol_machadogo,Sol Machado,https://www.instagram.com/sol_machadogo,1348257936,,protectiondentalcenter,human,85,0,0,0,85,A
stefi_urbieta,Estefania Urbieta,https://www.instagram.com/stefi_urbieta,1350376366,,protectiondentalcenter,human,85,0,0,0,85,A
julisn_sant,Julian Sant,https://www.instagram.com/julisn_sant,13504124917,,protectiondentalcenter,human,85,0,0,0,85,A
marieli_pin,Elizabeth Pin,https://www.instagram.com/marieli_pin,13505796264,,odontospy,human,85,0,0,0,85,A
sonia_cuttier,Sonia Cuttier,https://www.instagram.com/sonia_cuttier,1350677514,,protectiondentalcenter,human,85,0,0,0,85,A
srta_miel,Srta Miel,https://www.instagram.com/srta_miel,1351374212,,protectiondentalcenter,human,85,0,0,0,85,A
liima_lia,Lia Lima,https://www.instagram.com/liima_lia,13522175565,,protectiondentalcenter,human,85,0,0,0,85,A
da_pascottini,Dario Pascottini,https://www.instagram.com/da_pascottini,13525041689,,odontologia3py,human,85,0,0,0,85,A
lourdes_cabanas,Lourdes Cabañas,https://www.instagram.com/lourdes_cabanas,1352638842,,protectiondentalcenter,human,85,0,0,0,85,A
cecilia_pereiram,Ceci Pereira,https://www.instagram.com/cecilia_pereiram,1353262432,,protectiondentalcenter,human,85,0,0,0,85,A
gaby_duazar,Gaby Duazar,https://www.instagram.com/gaby_duazar,1356811236,,protectiondentalcenter,human,85,0,0,0,85,A
ye_falcon,Yessica Riveros,https://www.instagram.com/ye_falcon,1357042470,,odontologia3py,human,85,0,0,0,85,A
yennifer_matto,Yennifer Piran,https://www.instagram.com/yennifer_matto,1357592125,,protectiondentalcenter,human,85,0,0,0,85,A
evelin_bogado,Evelyn Bogado,https://www.instagram.com/evelin_bogado,1358057350,,protectiondentalcenter,human,85,0,0,0,85,A
frijolito_bogado,Gustavo Bogado,https://www.instagram.com/frijolito_bogado,1360114102,,protectiondentalcenter,human,85,0,0,0,85,A
miap_ayala,Isabel Ayala,https://www.instagram.com/miap_ayala,1361294290,,protectiondentalcenter,human,85,0,0,0,85,A
oscarale_du,Du Os,https://www.instagram.com/oscarale_du,1361339326,,odontospy,human,85,0,0,0,85,A
tamy_lomaquis,Tamara Lomaquis,https://www.instagram.com/tamy_lomaquis,1362473787,,protectiondentalcenter,human,85,0,0,0,85,A
gutierrez_milu,Milu Gutierrez,https://www.instagram.com/gutierrez_milu,1362765978,,protectiondentalcenter,human,85,0,0,0,85,A
izilda_miguel,Izilda Miguel,https://www.instagram.com/izilda_miguel,1363222889,,protectiondentalcenter,human,85,0,0,0,85,A
nidia_sanabria,Nidia Sanabria,https://www.instagram.com/nidia_sanabria,1364316442,,protectiondentalcenter,human,85,0,0,0,85,A
galeano_ele,Elena Galeano,https://www.instagram.com/galeano_ele,1365140394,,odontologia3py,human,85,0,0,0,85,A
eniceia_arte,Eniceia Luchetti,https://www.instagram.com/eniceia_arte,1367003128,,protectiondentalcenter,human,85,0,0,0,85,A
arce_mirna,Mirna Arce,https://www.instagram.com/arce_mirna,1367394463,,protectiondentalcenter,human,85,0,0,0,85,A
servin_monse,Monserrath Servin,https://www.instagram.com/servin_monse,1370570619,,protectiondentalcenter,human,85,0,0,0,85,A
sonia_nunezmoreira,Sonia Moreira,https://www.instagram.com/sonia_nunezmoreira,1370651379,,protectiondentalcenter,human,85,0,0,0,85,A
ween_sanabriaa,Wendy Sanabria,https://www.instagram.com/ween_sanabriaa,1372092546,,odontologia3py,human,85,0,0,0,85,A
alcilea_wenderroski,Lea Wenderroski,https://www.instagram.com/alcilea_wenderroski,13738331976,,protectiondentalcenter,human,85,0,0,0,85,A
mirta_th,Mirtha Fariña,https://www.instagram.com/mirta_th,1374383667,,protectiondentalcenter,human,85,0,0,0,85,A
rosse_rivelli,Rosse Rivelli,https://www.instagram.com/rosse_rivelli,1374474527,,protectiondentalcenter,human,85,0,0,0,85,A
esec_esece,Sonya Candia,https://www.instagram.com/esec_esece,1376197759,,protectiondentalcenter,human,85,0,0,0,85,A
irma_wirschke,Irma Wirschke,https://www.instagram.com/irma_wirschke,13786042157,,protectiondentalcenter,human,85,0,0,0,85,A
karen_montaniapielcanela,Karen Montania,https://www.instagram.com/karen_montaniapielcanela,1381455848,,odontologia3py,human,85,0,0,0,85,A
gisse_casasnovas,Gisselle Casasnovas,https://www.instagram.com/gisse_casasnovas,1382185076,,protectiondentalcenter,human,85,0,0,0,85,A
lozano_mariam,Mariam Lozano,https://www.instagram.com/lozano_mariam,13833088870,,protectiondentalcenter,human,85,0,0,0,85,A
arturo_eibel,Arturo Eibel,https://www.instagram.com/arturo_eibel,1383488642,,odontospy,human,85,0,0,0,85,A
montserratt_ovelar,Ceci Ovelar,https://www.instagram.com/montserratt_ovelar,1386745708,,odontospy,human,85,0,0,0,85,A
ojeda_lorenita,Lore Ojeda,https://www.instagram.com/ojeda_lorenita,1387567460,,protectiondentalcenter,human,85,0,0,0,85,A
lore_lopezll,Lorena Lopez,https://www.instagram.com/lore_lopezll,1387823157,,protectiondentalcenter,human,85,0,0,0,85,A
belen_mirand,Anabelen Miranda,https://www.instagram.com/belen_mirand,1387984679,,protectiondentalcenter,human,85,0,0,0,85,A
nicole_battilana,Nicole Battilana,https://www.instagram.com/nicole_battilana,1388475755,,odontologia3py,human,85,0,0,0,85,A
mechi_ayalacabral,Mercedes Ayala,https://www.instagram.com/mechi_ayalacabral,1388631738,,protectiondentalcenter,human,85,0,0,0,85,A
nat_zelada,Nataly Zelada,https://www.instagram.com/nat_zelada,1389985811,,protectiondentalcenter,human,85,0,0,0,85,A
mora_nany,Nani Marquez,https://www.instagram.com/mora_nany,1391086109,,protectiondentalcenter,human,85,0,0,0,85,A
caro_bau,Carolina Baumann,https://www.instagram.com/caro_bau,1391300087,,protectiondentalcenter,human,85,0,0,0,85,A
maathii_vallejos,Vallejos Mathias,https://www.instagram.com/maathii_vallejos,1392254083,,protectiondentalcenter,human,85,0,0,0,85,A
ojeda_isma,Ismael Ojeda,https://www.instagram.com/ojeda_isma,13957829576,,protectiondentalcenter,human,85,0,0,0,85,A
izabela_insfalvar,Izabela Insfalvar,https://www.instagram.com/izabela_insfalvar,1396020816,,protectiondentalcenter,human,85,0,0,0,85,A
guisse_silva,Doris Silva,https://www.instagram.com/guisse_silva,1396617977,,odontospy,human,85,0,0,0,85,A
campos_graciela,Graciela Campos,https://www.instagram.com/campos_graciela,1396785237,,protectiondentalcenter,human,85,0,0,0,85,A
centrodealisadosy_algomas,Noe Amarilla,https://www.instagram.com/centrodealisadosy_algomas,13968651703,,protectiondentalcenter,human,85,0,0,0,85,A
arguello_cin,Cinthya Arguello,https://www.instagram.com/arguello_cin,1398811505,,protectiondentalcenter,human,85,0,0,0,85,A
romero_nathy,Nat Romero,https://www.instagram.com/romero_nathy,1399159646,,protectiondentalcenter,human,85,0,0,0,85,A
mendoza_clara,Clara Mendoza,https://www.instagram.com/mendoza_clara,1402674715,,protectiondentalcenter,human,85,0,0,0,85,A
katy_kboom,Julia Herrera,https://www.instagram.com/katy_kboom,1403810449,,protectiondentalcenter,human,85,0,0,0,85,A
cecii_cardozo,Cecilia Cardozo,https://www.instagram.com/cecii_cardozo,1403890394,,odontospy,human,85,0,0,0,85,A
gisselle_garcete,Gisselle Garcete,https://www.instagram.com/gisselle_garcete,1404324967,,odontologia3py,human,85,0,0,0,85,A
mohr_sindy,Sindy Mohr,https://www.instagram.com/mohr_sindy,14043898216,,odontospy,human,85,0,0,0,85,A
georg_trolin,Georg Trolin,https://www.instagram.com/georg_trolin,14054798073,,protectiondentalcenter,human,85,0,0,0,85,A
berta_berdejo,Berta Berdejo,https://www.instagram.com/berta_berdejo,14074876389,,protectiondentalcenter,human,85,0,0,0,85,A
eliete_grossl,Eliete Grossl,https://www.instagram.com/eliete_grossl,1410844998,,protectiondentalcenter,human,85,0,0,0,85,A
zezita_adolfo,Zezita Adolfo,https://www.instagram.com/zezita_adolfo,14108607543,,protectiondentalcenter,human,85,0,0,0,85,A
soledad_mosqueira,Soledad Mosqueira,https://www.instagram.com/soledad_mosqueira,1411279160,,odontospy,human,85,0,0,0,85,A
marifer_achu,Fernanda Achucarro,https://www.instagram.com/marifer_achu,1411869714,,odontospy,human,85,0,0,0,85,A
rosana_noguera,Rosana Noguera,https://www.instagram.com/rosana_noguera,1412054205,,odontologia3py,human,85,0,0,0,85,A
silviamarcela_rd,Silvia Marcela,https://www.instagram.com/silviamarcela_rd,1412168392,,odontologia3py,human,85,0,0,0,85,A
caceres_angie,Angie Caceres,https://www.instagram.com/caceres_angie,1412295221,,protectiondentalcenter,human,85,0,0,0,85,A
tania_farina,Tania Fariña,https://www.instagram.com/tania_farina,1412670194,,protectiondentalcenter,human,85,0,0,0,85,A
doremilia_bermudez,Doris Mora,https://www.instagram.com/doremilia_bermudez,1413446577,,protectiondentalcenter,human,85,0,0,0,85,A
veron_dario,Dario Veron,https://www.instagram.com/veron_dario,1414258384,,odontologia3py,human,85,0,0,0,85,A
fabian_noa,Fabian Noel,https://www.instagram.com/fabian_noa,1414332708,,protectiondentalcenter,human,85,0,0,0,85,A
esmar_vilmo,Estela Villalba,https://www.instagram.com/esmar_vilmo,1414843159,,protectiondentalcenter,human,85,0,0,0,85,A
yanina_cardenas,Yanina Cardenas,https://www.instagram.com/yanina_cardenas,1414942017,,protectiondentalcenter,human,85,0,0,0,85,A
villarrealguerrero_martha,Martha Villarreal,https://www.instagram.com/villarrealguerrero_martha,14165881719,,protectiondentalcenter,human,85,0,0,0,85,A
rozana_nunez,Rozana Nuñez,https://www.instagram.com/rozana_nunez,1416753536,,protectiondentalcenter,human,85,0,0,0,85,A
chikis_pc,Lizbeth Perez,https://www.instagram.com/chikis_pc,1417253781,,protectiondentalcenter,human,85,0,0,0,85,A
beatriz_lezca,Bea Lezcano,https://www.instagram.com/beatriz_lezca,1417815592,,odontospy,human,85,0,0,0,85,A
lari_lez,Larissa Lezcano,https://www.instagram.com/lari_lez,1418014328,,protectiondentalcenter,human,85,0,0,0,85,A
yiyi_velazquez,Rossana Velazquez,https://www.instagram.com/yiyi_velazquez,1418873370,,odontologia3py,human,85,0,0,0,85,A
annette_preis,Annette Preis,https://www.instagram.com/annette_preis,1419149598,,protectiondentalcenter,human,85,0,0,0,85,A
sara_zuiderwyk,Sara Zuiderwyk,https://www.instagram.com/sara_zuiderwyk,1419616233,,protectiondentalcenter,human,85,0,0,0,85,A
gar_sussana,Susana Garcia,https://www.instagram.com/gar_sussana,1419734968,,protectiondentalcenter,human,85,0,0,0,85,A
silvia_ciaschini,Silvia Ciaschini,https://www.instagram.com/silvia_ciaschini,14197788403,,protectiondentalcenter,human,85,0,0,0,85,A
mavi_ro,Mavi Rodriguez,https://www.instagram.com/mavi_ro,1420999553,,protectiondentalcenter,human,85,0,0,0,85,A
paoliita_gimenez,Paola Gimenez,https://www.instagram.com/paoliita_gimenez,1421008227,,protectiondentalcenter,human,85,0,0,0,85,A
luz_kntero,Luz Kntero,https://www.instagram.com/luz_kntero,1421832004,,odontologia3py,human,85,0,0,0,85,A
verito_cabrerapy,Veronica Cabrera,https://www.instagram.com/verito_cabrerapy,1421838201,,protectiondentalcenter,human,85,0,0,0,85,A
chinchu_galeano,Cynthia Galeano,https://www.instagram.com/chinchu_galeano,1422391473,,odontologia3py,human,85,0,0,0,85,A
johanita_farrua,Johanita Fer,https://www.instagram.com/johanita_farrua,1422446428,,protectiondentalcenter,human,85,0,0,0,85,A
jana_lugo,Jana Lugo,https://www.instagram.com/jana_lugo,1422616656,,protectiondentalcenter,human,85,0,0,0,85,A
mirtha_ireneee,Mirtha Rodriguez,https://www.instagram.com/mirtha_ireneee,14227573384,,protectiondentalcenter,human,85,0,0,0,85,A
natal_prad,Natalia Prado,https://www.instagram.com/natal_prad,1423110413,,protectiondentalcenter,human,85,0,0,0,85,A
lili_lenguaza,Liliana Lenguaza,https://www.instagram.com/lili_lenguaza,1423521246,,protectiondentalcenter,human,85,0,0,0,85,A
oviedo_lucero,Lucero Oviedo,https://www.instagram.com/oviedo_lucero,1423895105,,protectiondentalcenter,human,85,0,0,0,85,A
caballero_totti,Juan Caballero,https://www.instagram.com/caballero_totti,1423901730,,odontospy,human,85,0,0,0,85,A
perez_nathy,Nathy Perez,https://www.instagram.com/perez_nathy,1424364204,,protectiondentalcenter,human,85,0,0,0,85,A
nati_romar,Natalia Romero,https://www.instagram.com/nati_romar,1424497113,,odontospy,human,85,0,0,0,85,A
lida_aquino,Lida Aquino,https://www.instagram.com/lida_aquino,1426807433,,odontologia3py,human,85,0,0,0,85,A
nizama_mackovic,Nizama Mackovic,https://www.instagram.com/nizama_mackovic,1426817505,,protectiondentalcenter,human,85,0,0,0,85,A
fafy_alvarenga,Fany Alvarenga,https://www.instagram.com/fafy_alvarenga,1427955636,,protectiondentalcenter,human,85,0,0,0,85,A
jessii_noemii,Jessica Alvarenga,https://www.instagram.com/jessii_noemii,1428233969,,protectiondentalcenter,human,85,0,0,0,85,A
zully_marle,Zully Marlene,https://www.instagram.com/zully_marle,1429245562,,protectiondentalcenter,human,85,0,0,0,85,A
nicole_arzz,Nicol Arzamendia,https://www.instagram.com/nicole_arzz,1429470902,,protectiondentalcenter,human,85,0,0,0,85,A
rei_duarte,Rei Duarte,https://www.instagram.com/rei_duarte,14312698113,,odontologia3py,human,85,0,0,0,85,A
sole_velazquez,Sole Velazquez,https://www.instagram.com/sole_velazquez,1431983530,,protectiondentalcenter,human,85,0,0,0,85,A
tere_garcete,Tere Garcete,https://www.instagram.com/tere_garcete,1432066348,,odontospy,human,85,0,0,0,85,A
marcela_vela,Fanny Vela,https://www.instagram.com/marcela_vela,1432362518,,protectiondentalcenter,human,85,0,0,0,85,A
mariza_areco,Mariza Areco,https://www.instagram.com/mariza_areco,14326486497,,protectiondentalcenter,human,85,0,0,0,85,A
ramirez_eux,Mireya Ramirez,https://www.instagram.com/ramirez_eux,1432803408,,odontospy,human,85,0,0,0,85,A
garcia_sil,Sil Garcia,https://www.instagram.com/garcia_sil,1432915027,,protectiondentalcenter,human,85,0,0,0,85,A
liz_mabaez,Liz Baez,https://www.instagram.com/liz_mabaez,1433234836,,protectiondentalcenter,human,85,0,0,0,85,A
victor_gayazo,Victor Galloso,https://www.instagram.com/victor_gayazo,14338944071,,protectiondentalcenter,human,85,0,0,0,85,A
susy_jacquet,Susana Jacquet,https://www.instagram.com/susy_jacquet,1434446993,,protectiondentalcenter,human,85,0,0,0,85,A
vilma_mra,Vilma Rezende,https://www.instagram.com/vilma_mra,1434774493,,protectiondentalcenter,human,85,0,0,0,85,A
roh_pies,Rosangela Pies,https://www.instagram.com/roh_pies,14349673703,,protectiondentalcenter,human,85,0,0,0,85,A
amarilla_letty,Leticia Amarilla,https://www.instagram.com/amarilla_letty,1435348704,,odontospy,human,85,0,0,0,85,A
patty_talavera,Patty Talavera,https://www.instagram.com/patty_talavera,1436175950,,protectiondentalcenter,human,85,0,0,0,85,A
cin_aquinof,Cinthia Aquino,https://www.instagram.com/cin_aquinof,1436244077,,protectiondentalcenter,human,85,0,0,0,85,A
dianichi_lizi,Diana Dominguez,https://www.instagram.com/dianichi_lizi,1436678097,,odontologia3py,human,85,0,0,0,85,A
castanedasanchez_dania,Dania Castaañeda,https://www.instagram.com/castanedasanchez_dania,1436769086,,protectiondentalcenter,human,85,0,0,0,85,A
mr_sannicolas,Fernando Torres,https://www.instagram.com/mr_sannicolas,1438506474,,protectiondentalcenter,human,85,0,0,0,85,A
ivone_maciel,Ivone Maciel,https://www.instagram.com/ivone_maciel,1438526888,,protectiondentalcenter,human,85,0,0,0,85,A
albaa_mercadoo,Alba Mercado,https://www.instagram.com/albaa_mercadoo,1438633224,,protectiondentalcenter,human,85,0,0,0,85,A
lizzi_centurion,Liz Centurion,https://www.instagram.com/lizzi_centurion,1438690053,,odontospy,human,85,0,0,0,85,A
lel_uka,Lel Uka,https://www.instagram.com/lel_uka,1440142383,,protectiondentalcenter,human,85,0,0,0,85,A
gianni_veramarin,Giannina Vera,https://www.instagram.com/gianni_veramarin,1440474349,,odontologia3py,human,85,0,0,0,85,A
vivita_agui,Vivi Aguinagalde,https://www.instagram.com/vivita_agui,1441785943,,protectiondentalcenter,human,85,0,0,0,85,A
geremi_cantero,Geremi Cantero,https://www.instagram.com/geremi_cantero,1441918167,,odontospy,human,85,0,0,0,85,A
sofi_quinhonez,Sofia Quiñonez,https://www.instagram.com/sofi_quinhonez,1441929514,,protectiondentalcenter,human,85,0,0,0,85,A
yanii_britez,Yanii Britez,https://www.instagram.com/yanii_britez,1443104005,,protectiondentalcenter,human,85,0,0,0,85,A
lourdes_oterog,Lourdes Otero,https://www.instagram.com/lourdes_oterog,1444170515,,protectiondentalcenter,human,85,0,0,0,85,A
mabeli_mabeli,Mirta Mabel,https://www.instagram.com/mabeli_mabeli,1445423387,,protectiondentalcenter,human,85,0,0,0,85,A
astu_pimpo,Adriana Astudillo,https://www.instagram.com/astu_pimpo,1445602707,,protectiondentalcenter,human,85,0,0,0,85,A
domi_escurra,Domi Escurra,https://www.instagram.com/domi_escurra,1445776796,,protectiondentalcenter,human,85,0,0,0,85,A
lilian_nieto,Lilian Nieto,https://www.instagram.com/lilian_nieto,14468443090,,protectiondentalcenter,human,85,0,0,0,85,A
di_lattu,Diana Latourrette,https://www.instagram.com/di_lattu,1447507658,,odontospy,human,85,0,0,0,85,A
dediana_ayala,Diana Ayala,https://www.instagram.com/dediana_ayala,1447584917,,odontologia3py,human,85,0,0,0,85,A
dalva_konzen,Dalva Konzen,https://www.instagram.com/dalva_konzen,1447690783,,protectiondentalcenter,human,85,0,0,0,85,A
neny_jara,Jenny Jara,https://www.instagram.com/neny_jara,14481239556,,protectiondentalcenter,human,85,0,0,0,85,A
pame_ledesma,Pame Ledesma,https://www.instagram.com/pame_ledesma,1448863094,,odontologia3py,human,85,0,0,0,85,A
dey_romero,Deysi Romero,https://www.instagram.com/dey_romero,1449021015,,protectiondentalcenter,human,85,0,0,0,85,A
rosie_utahrealtor,Rosie Hunter,https://www.instagram.com/rosie_utahrealtor,14499244753,,protectiondentalcenter,human,85,0,0,0,85,A
lorena_merg,Lorena Mercado,https://www.instagram.com/lorena_merg,1450599661,,protectiondentalcenter,human,85,0,0,0,85,A
nanc_ylandin,Nancy Landin,https://www.instagram.com/nanc_ylandin,14508446372,,protectiondentalcenter,human,85,0,0,0,85,A
grisel_paredes,Grisel Paredes,https://www.instagram.com/grisel_paredes,1451156992,,protectiondentalcenter,human,85,0,0,0,85,A
adali_chavez,Adali Chavez,https://www.instagram.com/adali_chavez,1451276953,,protectiondentalcenter,human,85,0,0,0,85,A
lu_noria,Luciana Noria,https://www.instagram.com/lu_noria,1451384481,,odontologia3py,human,85,0,0,0,85,A
eliza_martirosyan,Eliza Martirosyan,https://www.instagram.com/eliza_martirosyan,145151289,,protectiondentalcenter,human,85,0,0,0,85,A
jessy_benitezmart,Jessy Benitez,https://www.instagram.com/jessy_benitezmart,1451932002,,odontologia3py,human,85,0,0,0,85,A
merce_alem,Merce Alem,https://www.instagram.com/merce_alem,14523066479,,odontospy,human,85,0,0,0,85,A
merryy_bell,Mery Bel,https://www.instagram.com/merryy_bell,1452426040,,protectiondentalcenter,human,85,0,0,0,85,A
angii_lidia,Lidia Contreras,https://www.instagram.com/angii_lidia,14532345876,,protectiondentalcenter,human,85,0,0,0,85,A
mancuello_andy,Andrea Mancuello,https://www.instagram.com/mancuello_andy,1453574969,,protectiondentalcenter,human,85,0,0,0,85,A
lily_riosco,Lily Rios,https://www.instagram.com/lily_riosco,1454161380,,protectiondentalcenter,human,85,0,0,0,85,A
mlndz_grisel,Grisel Melendez,https://www.instagram.com/mlndz_grisel,1455192109,,protectiondentalcenter,human,85,0,0,0,85,A
sulman_chacon,Bebesita Berberian,https://www.instagram.com/sulman_chacon,1456060394,,protectiondentalcenter,human,85,0,0,0,85,A
javi_alvarenga,Javier Alvarenga,https://www.instagram.com/javi_alvarenga,1456672277,,odontospy,human,85,0,0,0,85,A
achi_juan,Juan Benitez,https://www.instagram.com/achi_juan,1456983331,,protectiondentalcenter,human,85,0,0,0,85,A
villalba_vargas,Villalba Vargas,https://www.instagram.com/villalba_vargas,1458711138,,odontologia3py,human,85,0,0,0,85,A
bea_insua,Beatriz Orteman,https://www.instagram.com/bea_insua,1459333869,,protectiondentalcenter,human,85,0,0,0,85,A
nathy_nunez,Nathy Nuñez,https://www.instagram.com/nathy_nunez,1459472280,,protectiondentalcenter,human,85,0,0,0,85,A
rivarola_genesis,Genesis Rivarola,https://www.instagram.com/rivarola_genesis,1459520749,,odontospy,human,85,0,0,0,85,A
patty_osoriom,Patricia Osorio,https://www.instagram.com/patty_osoriom,1459995669,,odontologia3py,human,85,0,0,0,85,A
dori_samaniego,Dori Samaniego,https://www.instagram.com/dori_samaniego,1460012340,,protectiondentalcenter,human,85,0,0,0,85,A
coldman_lili,Colman Lili,https://www.instagram.com/coldman_lili,1460666643,,protectiondentalcenter,human,85,0,0,0,85,A
vanessa_otazo,Vanessa Otazo,https://www.instagram.com/vanessa_otazo,1461017744,,protectiondentalcenter,human,85,0,0,0,85,A
vivisolange_oviedo,Viviana Solange,https://www.instagram.com/vivisolange_oviedo,1461395469,,odontologia3py,human,85,0,0,0,85,A
remax_pankow,Añuzka Pankow,https://www.instagram.com/remax_pankow,1461945305,,protectiondentalcenter,human,85,0,0,0,85,A
ro_ariasosa,Ro Arias,https://www.instagram.com/ro_ariasosa,1462162758,,odontologia3py,human,85,0,0,0,85,A
mariel_loto,Mariel Agus,https://www.instagram.com/mariel_loto,1462518370,,protectiondentalcenter,human,85,0,0,0,85,A
blasida_garcete,Andrea Garcete,https://www.instagram.com/blasida_garcete,1464997511,,protectiondentalcenter,human,85,0,0,0,85,A
fa_samudio,Fabiana Palacios,https://www.instagram.com/fa_samudio,1465384290,,protectiondentalcenter,human,85,0,0,0,85,A
eli_oro,Ely Orozco,https://www.instagram.com/eli_oro,1465392054,,protectiondentalcenter,human,85,0,0,0,85,A
mery_esquivel,Mery Esquivel,https://www.instagram.com/mery_esquivel,1465477264,,protectiondentalcenter,human,85,0,0,0,85,A
lezcano_nadia,Nadia Lezcano,https://www.instagram.com/lezcano_nadia,1465835451,,odontospy,human,85,0,0,0,85,A
myrian_mga,Myrian Gonzalez,https://www.instagram.com/myrian_mga,1465838577,,protectiondentalcenter,human,85,0,0,0,85,A
nelo_guillen,Nelo Guillen,https://www.instagram.com/nelo_guillen,1466033263,,protectiondentalcenter,human,85,0,0,0,85,A
marle_alcaraz,Alcaraz Marlen,https://www.instagram.com/marle_alcaraz,1467020402,,protectiondentalcenter,human,85,0,0,0,85,A
yisselle_espinola,Yisselle Cabañas,https://www.instagram.com/yisselle_espinola,1467136541,,protectiondentalcenter,human,85,0,0,0,85,A
katherine_yegros,Katherine Yegros,https://www.instagram.com/katherine_yegros,1468399981,,protectiondentalcenter,human,85,0,0,0,85,A
fede_achu,Fede Achucarro,https://www.instagram.com/fede_achu,1469005986,,odontologia3py,human,85,0,0,0,85,A
pilar_rotela,Pilar Rotela,https://www.instagram.com/pilar_rotela,1469401323,,protectiondentalcenter,human,85,0,0,0,85,A
milea_pasteleria,Miryan Vallejos,https://www.instagram.com/milea_pasteleria,1470209996,,odontospy,human,85,0,0,0,85,A
cha_monik,Monica Cha,https://www.instagram.com/cha_monik,1470330255,,protectiondentalcenter,human,85,0,0,0,85,A
mariel_aquinomar,Mariel Aquino,https://www.instagram.com/mariel_aquinomar,14711119736,,odontologia3py,human,85,0,0,0,85,A
juulii_ojeda,Juli Ojeda,https://www.instagram.com/juulii_ojeda,1471905841,,protectiondentalcenter,human,85,0,0,0,85,A
marcia_noelia,Noelia Rios,https://www.instagram.com/marcia_noelia,1471949549,,odontologia3py,human,85,0,0,0,85,A
paaty_perezz,Paty Perez,https://www.instagram.com/paaty_perezz,1472086177,,odontospy,human,85,0,0,0,85,A
cidinha_cesario,Cidinha Cesario,https://www.instagram.com/cidinha_cesario,1473008690,,protectiondentalcenter,human,85,0,0,0,85,A
paola_batallanos,Rosa Batallanos,https://www.instagram.com/paola_batallanos,14745797623,,protectiondentalcenter,human,85,0,0,0,85,A
mabel_carballo,Salcedo Mabel,https://www.instagram.com/mabel_carballo,1474984509,,protectiondentalcenter,human,85,0,0,0,85,A
yubisay_emilia,Yubisay Pacheco,https://www.instagram.com/yubisay_emilia,1476108080,,protectiondentalcenter,human,85,0,0,0,85,A
bia_gimenezb,Bianca Gimenez,https://www.instagram.com/bia_gimenezb,1476112013,,protectiondentalcenter,human,85,0,0,0,85,A
troche_marlene,Marlene Troche,https://www.instagram.com/troche_marlene,1476554401,,protectiondentalcenter,human,85,0,0,0,85,A
mendoza_leny,Leny Mendoza,https://www.instagram.com/mendoza_leny,1477497305,,protectiondentalcenter,human,85,0,0,0,85,A
beatriz_fatty,Beatriz Mazari,https://www.instagram.com/beatriz_fatty,1477580029,,protectiondentalcenter,human,85,0,0,0,85,A
villalba_vale,Valentina Villalba,https://www.instagram.com/villalba_vale,1479078518,,odontospy,human,85,0,0,0,85,A
solange_follmann,Solange Follmann,https://www.instagram.com/solange_follmann,1479188362,,protectiondentalcenter,human,85,0,0,0,85,A
rous_sant,Rous Santos,https://www.instagram.com/rous_sant,1479347782,,protectiondentalcenter,human,85,0,0,0,85,A
azlin_caballero,Nil Caballero,https://www.instagram.com/azlin_caballero,1480080682,,protectiondentalcenter,human,85,0,0,0,85,A
troche_pame,Pame Troche,https://www.instagram.com/troche_pame,1480237494,,protectiondentalcenter,human,85,0,0,0,85,A
kari_romfle,Karina Romero,https://www.instagram.com/kari_romfle,1480344515,,odontospy,human,85,0,0,0,85,A
biby_castro,Biby Ojeda,https://www.instagram.com/biby_castro,1481375889,,protectiondentalcenter,human,85,0,0,0,85,A
silvanasanttos_mk,Silvana Santtos,https://www.instagram.com/silvanasanttos_mk,1482149955,,protectiondentalcenter,human,85,0,0,0,85,A
sindy_martsan,Sindy Martinez,https://www.instagram.com/sindy_martsan,1482624917,,protectiondentalcenter,human,85,0,0,0,85,A
daphne_fernley,Daphne Fernley,https://www.instagram.com/daphne_fernley,1483893778,,protectiondentalcenter,human,85,0,0,0,85,A
vanessa_grego,Vanessa Cristina,https://www.instagram.com/vanessa_grego,1483917440,,protectiondentalcenter,human,85,0,0,0,85,A
fabiolam_nunez,Fabiola Nuñez,https://www.instagram.com/fabiolam_nunez,1484032910,,protectiondentalcenter,human,85,0,0,0,85,A
martinez_amada,Amada Martinez,https://www.instagram.com/martinez_amada,1484648021,,protectiondentalcenter,human,85,0,0,0,85,A
myrian_arazatey,Myrian Arazatey,https://www.instagram.com/myrian_arazatey,1485084785,,odontologia3py,human,85,0,0,0,85,A
amfy_lily,Amira Elmakhzanje,https://www.instagram.com/amfy_lily,1485444828,,protectiondentalcenter,human,85,0,0,0,85,A
manu_espinozapy,Emanuel Espinoza,https://www.instagram.com/manu_espinozapy,1488856098,,odontologia3py,human,85,0,0,0,85,A
zuny_arce,Zuny Arce,https://www.instagram.com/zuny_arce,1489640735,,odontologia3py,human,85,0,0,0,85,A
rosalia_soto,Rosalia Soto,https://www.instagram.com/rosalia_soto,1490243426,,protectiondentalcenter,human,85,0,0,0,85,A
brisamar_garcia,Brisamar Garcia,https://www.instagram.com/brisamar_garcia,1490282203,,protectiondentalcenter,human,85,0,0,0,85,A
alon_carlos,Carlos Alonso,https://www.instagram.com/alon_carlos,1491578847,,odontologia3py,human,85,0,0,0,85,A
cindy_jazminocampos,Cindy Ocampos,https://www.instagram.com/cindy_jazminocampos,1492057384,,protectiondentalcenter,human,85,0,0,0,85,A
enmanuel_rotela,Enmanuel Rotela,https://www.instagram.com/enmanuel_rotela,14931074020,,protectiondentalcenter,human,85,0,0,0,85,A
vive_linha,Nelly Valenzuela,https://www.instagram.com/vive_linha,1493206170,,protectiondentalcenter,human,85,0,0,0,85,A
denaro_valeria,Valeria Denaro,https://www.instagram.com/denaro_valeria,14939775884,,protectiondentalcenter,human,85,0,0,0,85,A
deyanira_ninamc,Deyanira Malave,https://www.instagram.com/deyanira_ninamc,1494167085,,protectiondentalcenter,human,85,0,0,0,85,A
aracely_quezada,Aracely Quezada,https://www.instagram.com/aracely_quezada,1495452827,,protectiondentalcenter,human,85,0,0,0,85,A
vallejos_dahii,Dahiana Vallejos,https://www.instagram.com/vallejos_dahii,1500914489,,protectiondentalcenter,human,85,0,0,0,85,A
gabriiela_nunez,Gabriela Nuñez,https://www.instagram.com/gabriiela_nunez,1501919577,,odontospy,human,85,0,0,0,85,A
ojeda_saldivar,Monica Ojeda,https://www.instagram.com/ojeda_saldivar,1502178206,,protectiondentalcenter,human,85,0,0,0,85,A
jacy_gusmao,Jacyara Gusmao,https://www.instagram.com/jacy_gusmao,1502358470,,protectiondentalcenter,human,85,0,0,0,85,A
karen_jined,Karen Amarilla,https://www.instagram.com/karen_jined,1503665260,,odontologia3py,human,85,0,0,0,85,A
mariana_vacis,Mariana Vacis,https://www.instagram.com/mariana_vacis,1503696556,,protectiondentalcenter,human,85,0,0,0,85,A
lilian_genes,Lilian Genes,https://www.instagram.com/lilian_genes,1504088198,,odontospy,human,85,0,0,0,85,A
carrasco_diana,Diana Carrasco,https://www.instagram.com/carrasco_diana,1504168974,,protectiondentalcenter,human,85,0,0,0,85,A
elide_franco,Elii Acosta,https://www.instagram.com/elide_franco,1504651622,,protectiondentalcenter,human,85,0,0,0,85,A
marle_sandoes,Marlene Sandoval,https://www.instagram.com/marle_sandoes,1504757329,,protectiondentalcenter,human,85,0,0,0,85,A
rocio_pisco,Rocio Pinilla,https://www.instagram.com/rocio_pisco,1507566036,,protectiondentalcenter,human,85,0,0,0,85,A
norma_montania,Norma Montania,https://www.instagram.com/norma_montania,1508497847,,protectiondentalcenter,human,85,0,0,0,85,A
bambam_moreno,Ivan Moreno,https://www.instagram.com/bambam_moreno,1508642804,,odontospy,human,85,0,0,0,85,A
letu_gro,Leticia Gro,https://www.instagram.com/letu_gro,1508712626,,odontologia3py,human,85,0,0,0,85,A
auriro_vall,Romi Vallejos,https://www.instagram.com/auriro_vall,1510143859,,protectiondentalcenter,human,85,0,0,0,85,A
claudia_ruizsantos,Clau Ruiz,https://www.instagram.com/claudia_ruizsantos,1510217692,,protectiondentalcenter,human,85,0,0,0,85,A
tmr_slck,Timur Selcuk,https://www.instagram.com/tmr_slck,1510257512,,protectiondentalcenter,human,85,0,0,0,85,A
eugenia_becerra,Eugenia Becerra,https://www.instagram.com/eugenia_becerra,1511757561,,protectiondentalcenter,human,85,0,0,0,85,A
stefi_britez,Stefani Britez,https://www.instagram.com/stefi_britez,1512133769,,protectiondentalcenter,human,85,0,0,0,85,A
liz_cubilla,Liz Cubilla,https://www.instagram.com/liz_cubilla,1512371215,,odontologia3py,human,85,0,0,0,85,A
alfi_lamore,Alphie Mrn,https://www.instagram.com/alfi_lamore,1512802097,,protectiondentalcenter,human,85,0,0,0,85,A
judiith_cazal,Judith Cazal,https://www.instagram.com/judiith_cazal,1516023513,,protectiondentalcenter,human,85,0,0,0,85,A
ros_ricardi,Mariela Ricardi,https://www.instagram.com/ros_ricardi,1516029066,,protectiondentalcenter,human,85,0,0,0,85,A
jessy_cabral,Jessy Cabral,https://www.instagram.com/jessy_cabral,1517398955,,odontospy,human,85,0,0,0,85,A
angie_mereles,Angelica Mereles,https://www.instagram.com/angie_mereles,1519333104,,protectiondentalcenter,human,85,0,0,0,85,A
silvita_blanco,Silvita Benitez,https://www.instagram.com/silvita_blanco,1519358977,,protectiondentalcenter,human,85,0,0,0,85,A
santacruz_pame,Pame Santacruz,https://www.instagram.com/santacruz_pame,1519999867,,protectiondentalcenter,human,85,0,0,0,85,A
elias_figuerr,Elias Figueredo,https://www.instagram.com/elias_figuerr,1520049786,,odontologia3py,human,85,0,0,0,85,A
garcias_guerreros,Norellys Guerrero,https://www.instagram.com/garcias_guerreros,1521454413,,protectiondentalcenter,human,85,0,0,0,85,A
maaara_santos,Silmara Santos,https://www.instagram.com/maaara_santos,1522605135,,protectiondentalcenter,human,85,0,0,0,85,A
yenny_gonzaa,Yenny Gonzalez,https://www.instagram.com/yenny_gonzaa,1523399403,,protectiondentalcenter,human,85,0,0,0,85,A
ruben_brizuenha,Ruben Brizuenha,https://www.instagram.com/ruben_brizuenha,1523880951,,odontospy,human,85,0,0,0,85,A
rosi_benegas,Rossi Garcete,https://www.instagram.com/rosi_benegas,15249781573,,protectiondentalcenter,human,85,0,0,0,85,A
kiproula_varella,Kiproula Varella,https://www.instagram.com/kiproula_varella,1525358762,,protectiondentalcenter,human,85,0,0,0,85,A
jacqueline_vjfranco,Jacqueline Franco,https://www.instagram.com/jacqueline_vjfranco,1525517322,,protectiondentalcenter,human,85,0,0,0,85,A
glori_oc,Gloris Ocanto,https://www.instagram.com/glori_oc,15268623827,,protectiondentalcenter,human,85,0,0,0,85,A
beatriz_came,Claudia Came,https://www.instagram.com/beatriz_came,1527181179,,protectiondentalcenter,human,85,0,0,0,85,A
vasoula_efstratiou,Vasoula Efstratiou,https://www.instagram.com/vasoula_efstratiou,1528328208,,protectiondentalcenter,human,85,0,0,0,85,A
marcelo_velarde,Marcelo Velarde,https://www.instagram.com/marcelo_velarde,1528671476,,odontospy,human,85,0,0,0,85,A
julia_beasilva,Julia Silva,https://www.instagram.com/julia_beasilva,1528681613,,protectiondentalcenter,human,85,0,0,0,85,A
walky_gucci,Walky Bautista,https://www.instagram.com/walky_gucci,1528848462,,protectiondentalcenter,human,85,0,0,0,85,A
shirley_garcete,Garcete Shir,https://www.instagram.com/shirley_garcete,1530611483,,odontospy,human,85,0,0,0,85,A
luchy_villalba,Luz Villalba,https://www.instagram.com/luchy_villalba,1532154483,,odontologia3py,human,85,0,0,0,85,A
henriquez_yudy,Henriquez Yudy,https://www.instagram.com/henriquez_yudy,1532759777,,protectiondentalcenter,human,85,0,0,0,85,A
alis_ojeda,Aliss Ojeda,https://www.instagram.com/alis_ojeda,1534095820,,odontospy,human,85,0,0,0,85,A
merce_baez,Mercedes Baez,https://www.instagram.com/merce_baez,1534487557,,protectiondentalcenter,human,85,0,0,0,85,A
yil_candia,Yilda Candia,https://www.instagram.com/yil_candia,1534558666,,protectiondentalcenter,human,85,0,0,0,85,A
dolly_romerofb,Dolly Romero,https://www.instagram.com/dolly_romerofb,1534854619,,protectiondentalcenter,human,85,0,0,0,85,A
ysatys_moly,Mariel Moly,https://www.instagram.com/ysatys_moly,1534984737,,protectiondentalcenter,human,85,0,0,0,85,A
mm_mestre,Marcela Mestre,https://www.instagram.com/mm_mestre,1535235216,,protectiondentalcenter,human,85,0,0,0,85,A
rumilda_ferreira,Rumilda Ferreira,https://www.instagram.com/rumilda_ferreira,1535875224,,protectiondentalcenter,human,85,0,0,0,85,A
amity_alsop,Romy Sauli,https://www.instagram.com/amity_alsop,1536063759,,protectiondentalcenter,human,85,0,0,0,85,A
ange_benitez,Ange Benitez,https://www.instagram.com/ange_benitez,1536792305,,protectiondentalcenter,human,85,0,0,0,85,A
anawin_pardo,Anawin Pardo,https://www.instagram.com/anawin_pardo,1536839068,,protectiondentalcenter,human,85,0,0,0,85,A
ninfamarti_py,Ninfa Martin,https://www.instagram.com/ninfamarti_py,1537421772,,protectiondentalcenter,human,85,0,0,0,85,A
rochi_benitez,Rocio Benitez,https://www.instagram.com/rochi_benitez,1537435464,,protectiondentalcenter,human,85,0,0,0,85,A
oscar_cduarte,Oscar Duarte,https://www.instagram.com/oscar_cduarte,1538494205,,protectiondentalcenter,human,85,0,0,0,85,A
lula_calulaa,Danielaa Arrua,https://www.instagram.com/lula_calulaa,1538892226,,odontologia3py,human,85,0,0,0,85,A
lory_kcrs,Lory Caceres,https://www.instagram.com/lory_kcrs,1538931158,,protectiondentalcenter,human,85,0,0,0,85,A
vivi_estigarribia,Vivi Estigarribia,https://www.instagram.com/vivi_estigarribia,1540092360,,protectiondentalcenter,human,85,0,0,0,85,A
delvalle_lida,Delvalle Delvalle,https://www.instagram.com/delvalle_lida,15406637527,,protectiondentalcenter,human,85,0,0,0,85,A
eliane_ester,Eliane Simon,https://www.instagram.com/eliane_ester,1541841861,,protectiondentalcenter,human,85,0,0,0,85,A
solalide_rossana,Rossa Quiroga,https://www.instagram.com/solalide_rossana,1542301245,,protectiondentalcenter,human,85,0,0,0,85,A
magda_frutos,Magda Frutos,https://www.instagram.com/magda_frutos,1543021572,,protectiondentalcenter,human,85,0,0,0,85,A
avila_patricia,Patty Sanchez,https://www.instagram.com/avila_patricia,1543667656,,odontospy,human,85,0,0,0,85,A
lucero_delalba,Alba Mariel,https://www.instagram.com/lucero_delalba,1544257273,,odontologia3py,human,85,0,0,0,85,A
miriam_sartirana,Miriam Sartirana,https://www.instagram.com/miriam_sartirana,1544354289,,protectiondentalcenter,human,85,0,0,0,85,A
isilda_amaral,Isilda Amaral,https://www.instagram.com/isilda_amaral,1546161303,,protectiondentalcenter,human,85,0,0,0,85,A
maridel_benitez,Maridel Benitez,https://www.instagram.com/maridel_benitez,1546164817,,protectiondentalcenter,human,85,0,0,0,85,A
julieta_tellez,Julieta Alessandra,https://www.instagram.com/julieta_tellez,1547155210,,odontospy,human,85,0,0,0,85,A
fushia_garcia,Fushia Garcia,https://www.instagram.com/fushia_garcia,1547194915,,protectiondentalcenter,human,85,0,0,0,85,A
yuly_alen,Yuly Alen,https://www.instagram.com/yuly_alen,1548378026,,protectiondentalcenter,human,85,0,0,0,85,A
giuli_lopez,Giuli Lopez,https://www.instagram.com/giuli_lopez,1548386928,,odontologia3py,human,85,0,0,0,85,A
aldo_giran,Aldo Giran,https://www.instagram.com/aldo_giran,1548682801,,protectiondentalcenter,human,85,0,0,0,85,A
serra_junior,Junior Serra,https://www.instagram.com/serra_junior,1548941874,,odontologia3py,human,85,0,0,0,85,A
solange_alonsov,Camila Alonso,https://www.instagram.com/solange_alonsov,1550475086,,odontospy,human,85,0,0,0,85,A
male_guerre,Male Guerrero,https://www.instagram.com/male_guerre,1551617382,,protectiondentalcenter,human,85,0,0,0,85,A
lali_cabj,Lali Velazquez,https://www.instagram.com/lali_cabj,1552746296,,protectiondentalcenter,human,85,0,0,0,85,A
stefania_velezzzz,Stefania Velez,https://www.instagram.com/stefania_velezzzz,1553006596,,protectiondentalcenter,human,85,0,0,0,85,A
claudiamaza_art,Claudia Maza,https://www.instagram.com/claudiamaza_art,1553237333,,protectiondentalcenter,human,85,0,0,0,85,A
ferreira_alee,Alejandro Ferreira,https://www.instagram.com/ferreira_alee,1553339428,,protectiondentalcenter,human,85,0,0,0,85,A
perluchy_gonzalez,Perla Gonzalez,https://www.instagram.com/perluchy_gonzalez,1553531137,,protectiondentalcenter,human,85,0,0,0,85,A
eliana_gabyjo,Eliana Jara,https://www.instagram.com/eliana_gabyjo,1554153574,,protectiondentalcenter,human,85,0,0,0,85,A
ludmila_danon,Ludmila Danon,https://www.instagram.com/ludmila_danon,1554269411,,protectiondentalcenter,human,85,0,0,0,85,A
mereles_gus,Gustavo Mereles,https://www.instagram.com/mereles_gus,1554562161,,odontologia3py,human,85,0,0,0,85,A
nata_liavera,Natalia Vera,https://www.instagram.com/nata_liavera,15550392532,,protectiondentalcenter,human,85,0,0,0,85,A
nutripao_gonza,Paola Gonzalez,https://www.instagram.com/nutripao_gonza,1558531790,,protectiondentalcenter,human,85,0,0,0,85,A
bijaylaksmi_talukdar,Bijaylaksmi Talukdar,https://www.instagram.com/bijaylaksmi_talukdar,1559297816,,protectiondentalcenter,human,85,0,0,0,85,A
ada_venialgo,Ada Venialgo,https://www.instagram.com/ada_venialgo,1559777026,,protectiondentalcenter,human,85,0,0,0,85,A
ale_santander,Ale Santander,https://www.instagram.com/ale_santander,1559902021,,odontologia3py,human,85,0,0,0,85,A
benja_ortizzz,Benjamin Ortiz,https://www.instagram.com/benja_ortizzz,1560449532,,odontospy,human,85,0,0,0,85,A
shakira_marq,Shakira Marques,https://www.instagram.com/shakira_marq,1560763261,,odontospy,human,85,0,0,0,85,A
sky_dent,Sky Dent,https://www.instagram.com/sky_dent,15619318441,,odontologia3py,human,85,0,0,0,85,A
carmensita_ortiz,Carmensita Ortiz,https://www.instagram.com/carmensita_ortiz,1562793911,,protectiondentalcenter,human,85,0,0,0,85,A
ruth_sanguina,Ruth Sanguina,https://www.instagram.com/ruth_sanguina,1563398528,,protectiondentalcenter,human,85,0,0,0,85,A
tali_ayala,Natali Ayala,https://www.instagram.com/tali_ayala,1563618166,,odontologia3py,human,85,0,0,0,85,A
gaby_arnaboldi,Marta Arnaboldi,https://www.instagram.com/gaby_arnaboldi,1563730852,,odontologia3py,human,85,0,0,0,85,A
lili_aguirrem,Lilian Aguirre,https://www.instagram.com/lili_aguirrem,1563733448,,odontologia3py,human,85,0,0,0,85,A
tinamarino_anit,Tina Marino,https://www.instagram.com/tinamarino_anit,1564067143,,protectiondentalcenter,human,85,0,0,0,85,A
aaz_ayalaa,Arami Ayala,https://www.instagram.com/aaz_ayalaa,1564936975,,protectiondentalcenter,human,85,0,0,0,85,A
cris_equilibrio,Cristina Pinto,https://www.instagram.com/cris_equilibrio,1565679773,,protectiondentalcenter,human,85,0,0,0,85,A
luciana_consentida,Luciana Consentida,https://www.instagram.com/luciana_consentida,1566451981,,protectiondentalcenter,human,85,0,0,0,85,A
gi_portillo,Gisel Portillo,https://www.instagram.com/gi_portillo,1567336007,,protectiondentalcenter,human,85,0,0,0,85,A
anto_zapatinni,Antonella Zapattini,https://www.instagram.com/anto_zapatinni,1568930876,,protectiondentalcenter,human,85,0,0,0,85,A
yudelmis_lopez,Yudelmis Lopez,https://www.instagram.com/yudelmis_lopez,1569467070,,protectiondentalcenter,human,85,0,0,0,85,A
grissel_candia,Grissel Candia,https://www.instagram.com/grissel_candia,1571683011,,protectiondentalcenter,human,85,0,0,0,85,A
carina_iglesia,Carina Iglesia,https://www.instagram.com/carina_iglesia,1572373229,,protectiondentalcenter,human,85,0,0,0,85,A
ever_gomu,Ever Rejala,https://www.instagram.com/ever_gomu,1572530129,,odontologia3py,human,85,0,0,0,85,A
alma_hobecker,Alma Hobecker,https://www.instagram.com/alma_hobecker,1572566248,,odontologia3py,human,85,0,0,0,85,A
leticia_chamorro,Leticia Chamorro,https://www.instagram.com/leticia_chamorro,1575172893,,odontospy,human,85,0,0,0,85,A
vargas_angee,Vargas Angee,https://www.instagram.com/vargas_angee,1575899476,,protectiondentalcenter,human,85,0,0,0,85,A
esteban_diazmvp,Esteban Diaz,https://www.instagram.com/esteban_diazmvp,1576817436,,odontologia3py,human,85,0,0,0,85,A
leidy_galeanopy,Leidy Galeano,https://www.instagram.com/leidy_galeanopy,1576942477,,protectiondentalcenter,human,85,0,0,0,85,A
patty_mendieta,Patricia Mendieta,https://www.instagram.com/patty_mendieta,1577049060,,protectiondentalcenter,human,85,0,0,0,85,A
yamili_benitez,Jessica Benitez,https://www.instagram.com/yamili_benitez,1578476449,,odontologia3py,human,85,0,0,0,85,A
angelu_gonza,Angel Gonzalez,https://www.instagram.com/angelu_gonza,1579055642,,odontospy,human,85,0,0,0,85,A
eliane_cassemiro,Eliane Santos,https://www.instagram.com/eliane_cassemiro,1580093328,,protectiondentalcenter,human,85,0,0,0,85,A
amanda_velazqz,Amanda Velazquez,https://www.instagram.com/amanda_velazqz,1580410333,,odontologia3py,human,85,0,0,0,85,A
marina_rcarvalho,Marina Carvalho,https://www.instagram.com/marina_rcarvalho,1581105457,,protectiondentalcenter,human,85,0,0,0,85,A
sulay_perez,Sulay Perez,https://www.instagram.com/sulay_perez,1581139686,,protectiondentalcenter,human,85,0,0,0,85,A
luuz_martz,Luz Martinez,https://www.instagram.com/luuz_martz,1581214070,,protectiondentalcenter,human,85,0,0,0,85,A
alana_vilela,Alana Vilela,https://www.instagram.com/alana_vilela,1581652744,,protectiondentalcenter,human,85,0,0,0,85,A
patty_mezab,Patty Meza,https://www.instagram.com/patty_mezab,1581780506,,odontologia3py,human,85,0,0,0,85,A
fabi_tatenga,Fabi Flamenco,https://www.instagram.com/fabi_tatenga,1581997417,,protectiondentalcenter,human,85,0,0,0,85,A
ester_canete,Ester Cañete,https://www.instagram.com/ester_canete,1582983895,,protectiondentalcenter,human,85,0,0,0,85,A
nadiaa_rojas,Nadia Rojas,https://www.instagram.com/nadiaa_rojas,1583183630,,protectiondentalcenter,human,85,0,0,0,85,A
alile_fernandez,Alile Fernandez,https://www.instagram.com/alile_fernandez,1583347136,,protectiondentalcenter,human,85,0,0,0,85,A
virgii_paniagua,Virgi Paniagua,https://www.instagram.com/virgii_paniagua,1583885268,,protectiondentalcenter,human,85,0,0,0,85,A
mariangel_diazm,Mariangel Diaz,https://www.instagram.com/mariangel_diazm,1583932860,,protectiondentalcenter,human,85,0,0,0,85,A
isa_isagomez,Isa Gomez,https://www.instagram.com/isa_isagomez,1585179070,,protectiondentalcenter,human,85,0,0,0,85,A
mar_pekholtz,Mar Pekholtz,https://www.instagram.com/mar_pekholtz,1585295208,,protectiondentalcenter,human,85,0,0,0,85,A
riveros_cin,Gracy Riveros,https://www.instagram.com/riveros_cin,1586636657,,protectiondentalcenter,human,85,0,0,0,85,A
bian_deudan,Bianca Deudan,https://www.instagram.com/bian_deudan,1587304969,,odontologia3py,human,85,0,0,0,85,A
celeste_sfg,Celeste Florentin,https://www.instagram.com/celeste_sfg,1588220384,,protectiondentalcenter,human,85,0,0,0,85,A
male_aveiro,Malena Aveiro,https://www.instagram.com/male_aveiro,1589682551,,protectiondentalcenter,human,85,0,0,0,85,A
dano_baorgecod,Daniel Baorgecod,https://www.instagram.com/dano_baorgecod,1590387417,,protectiondentalcenter,human,85,0,0,0,85,A
ivonne_rolon,Alexandra Rolon,https://www.instagram.com/ivonne_rolon,1590803142,,odontologia3py,human,85,0,0,0,85,A
natu_estigarribia,Natalia Estigarribia,https://www.instagram.com/natu_estigarribia,1591822046,,protectiondentalcenter,human,85,0,0,0,85,A
gus_troche,Gustavo Troche,https://www.instagram.com/gus_troche,1592245089,,odontologia3py,human,85,0,0,0,85,A
mendez_sole,Vale Mendez,https://www.instagram.com/mendez_sole,1592330533,,odontospy,human,85,0,0,0,85,A
jime_huespe,Jimena Huespe,https://www.instagram.com/jime_huespe,1592350711,,odontospy,human,85,0,0,0,85,A
milka_bogariin,Milka Bogariin,https://www.instagram.com/milka_bogariin,1593108823,,protectiondentalcenter,human,85,0,0,0,85,A
kissy_chamorro,Kissy Chamorro,https://www.instagram.com/kissy_chamorro,1593755478,,protectiondentalcenter,human,85,0,0,0,85,A
maciel_gio,Misael Maciel,https://www.instagram.com/maciel_gio,1594527819,,protectiondentalcenter,human,85,0,0,0,85,A
salo_buena,Nathalia Buena,https://www.instagram.com/salo_buena,15950461794,,odontologia3py,human,85,0,0,0,85,A
doriett_amalia,Doriett Amalia,https://www.instagram.com/doriett_amalia,1595099907,,protectiondentalcenter,human,85,0,0,0,85,A
graciela_bogaado,Graciela Bogado,https://www.instagram.com/graciela_bogaado,1595583951,,protectiondentalcenter,human,85,0,0,0,85,A
blanky_tyrakowski,Blanky Tyrakowski,https://www.instagram.com/blanky_tyrakowski,1596127754,,protectiondentalcenter,human,85,0,0,0,85,A
anibalsilva_hrb,Anibal Silva,https://www.instagram.com/anibalsilva_hrb,1596203805,,odontospy,human,85,0,0,0,85,A
ma_godel,Ma Godel,https://www.instagram.com/ma_godel,1596236879,,protectiondentalcenter,human,85,0,0,0,85,A
paola_nerinabracam,Paola Nerina,https://www.instagram.com/paola_nerinabracam,1596909671,,protectiondentalcenter,human,85,0,0,0,85,A
blasi_fleitas,Blasida Fleitas,https://www.instagram.com/blasi_fleitas,1597843461,,odontologia3py,human,85,0,0,0,85,A
sneide_alcaraz,Sneide Alcaraz,https://www.instagram.com/sneide_alcaraz,1597919883,,odontologia3py,human,85,0,0,0,85,A
jor_villalba,Jor Villalba,https://www.instagram.com/jor_villalba,1598379807,,protectiondentalcenter,human,85,0,0,0,85,A
karencita_viveros,Karen Viveros,https://www.instagram.com/karencita_viveros,1600705095,,protectiondentalcenter,human,85,0,0,0,85,A
chuli_pinky,Chuli Pinky,https://www.instagram.com/chuli_pinky,1601212949,,odontospy,human,85,0,0,0,85,A
yadis_clinique,Yadira Olvera,https://www.instagram.com/yadis_clinique,16012951659,,protectiondentalcenter,human,85,0,0,0,85,A
dina_penha,Dina Peña,https://www.instagram.com/dina_penha,1601335251,,protectiondentalcenter,human,85,0,0,0,85,A
natalia_hopf,Natt Hopf,https://www.instagram.com/natalia_hopf,1602972616,,protectiondentalcenter,human,85,0,0,0,85,A
jara_san,Sandra Jara,https://www.instagram.com/jara_san,1603558401,,odontospy,human,85,0,0,0,85,A
mely_arevalos,Melissa Arevalos,https://www.instagram.com/mely_arevalos,1604361020,,protectiondentalcenter,human,85,0,0,0,85,A
ahuma_clau,Claudia Ahumada,https://www.instagram.com/ahuma_clau,1604702506,,protectiondentalcenter,human,85,0,0,0,85,A
valeria_segatto,Valeria Segatto,https://www.instagram.com/valeria_segatto,1604798408,,protectiondentalcenter,human,85,0,0,0,85,A
leidy_vanee,Leidy Benitez,https://www.instagram.com/leidy_vanee,1604871130,,protectiondentalcenter,human,85,0,0,0,85,A
edicleia_ribeiro,Edicleia Ribeiro,https://www.instagram.com/edicleia_ribeiro,1607355515,,protectiondentalcenter,human,85,0,0,0,85,A
dulcecapricho_paste,Rosmari Gimenez,https://www.instagram.com/dulcecapricho_paste,16083952615,,protectiondentalcenter,human,85,0,0,0,85,A
sole_acunha,Sole Acuña,https://www.instagram.com/sole_acunha,1609240343,,protectiondentalcenter,human,85,0,0,0,85,A
clarii_segovia,Clariita Segovia,https://www.instagram.com/clarii_segovia,1609304620,,odontospy,human,85,0,0,0,85,A
monserrath_cace,Monserrath Ortiz,https://www.instagram.com/monserrath_cace,1611190190,,odontologia3py,human,85,0,0,0,85,A
caro_alderette,Caro Alderette,https://www.instagram.com/caro_alderette,1612541225,,protectiondentalcenter,human,85,0,0,0,85,A
rondelli_tomi,Tomi Rondelli,https://www.instagram.com/rondelli_tomi,1612733853,,protectiondentalcenter,human,85,0,0,0,85,A
cami_kribchuk,Camila Kribchuk,https://www.instagram.com/cami_kribchuk,1615256901,,protectiondentalcenter,human,85,0,0,0,85,A
pam_zarza,Pamela Zarza,https://www.instagram.com/pam_zarza,1617579723,,odontologia3py,human,85,0,0,0,85,A
estela_larrea,Estela Larrea,https://www.instagram.com/estela_larrea,1618987817,,protectiondentalcenter,human,85,0,0,0,85,A
lili_saleb,Lili Saleb,https://www.instagram.com/lili_saleb,1621238241,,protectiondentalcenter,human,85,0,0,0,85,A
alex_saldivarg,Gimenez Alex,https://www.instagram.com/alex_saldivarg,1621392869,,odontologia3py,human,85,0,0,0,85,A
yakan_sbl,Sibel Yakan,https://www.instagram.com/yakan_sbl,1622346660,,protectiondentalcenter,human,85,0,0,0,85,A
nancy_mgi,Nancy Glez,https://www.instagram.com/nancy_mgi,1623385029,,protectiondentalcenter,human,85,0,0,0,85,A
alba_mvarela,Alba Varela,https://www.instagram.com/alba_mvarela,1624874941,,protectiondentalcenter,human,85,0,0,0,85,A
fio_canferr,Fiorela Ferreira,https://www.instagram.com/fio_canferr,1625009187,,odontologia3py,human,85,0,0,0,85,A
luz_luzro,Luz Rojas,https://www.instagram.com/luz_luzro,1625569256,,protectiondentalcenter,human,85,0,0,0,85,A
anto_elou,Anto Garcia,https://www.instagram.com/anto_elou,1625868539,,protectiondentalcenter,human,85,0,0,0,85,A
neli_ovelar,Nelida Ovelar,https://www.instagram.com/neli_ovelar,1626366586,,protectiondentalcenter,human,85,0,0,0,85,A
bruna_valg,Bruna Valeria,https://www.instagram.com/bruna_valg,1626507237,,protectiondentalcenter,human,85,0,0,0,85,A
ysbell_dur,Ysbell Duran,https://www.instagram.com/ysbell_dur,1627124813,,protectiondentalcenter,human,85,0,0,0,85,A
leite_julio,Julio Leite,https://www.instagram.com/leite_julio,1627861067,,odontospy,human,85,0,0,0,85,A
ely_yegros,Elizabeth Yegros,https://www.instagram.com/ely_yegros,1627967204,,protectiondentalcenter,human,85,0,0,0,85,A
ali_larrosa,Alicia Larrosa,https://www.instagram.com/ali_larrosa,1628137245,,protectiondentalcenter,human,85,0,0,0,85,A
echeverry_clau,Claudia Echeverry,https://www.instagram.com/echeverry_clau,1628324715,,protectiondentalcenter,human,85,0,0,0,85,A
jaz_soves,Jazmin Miranda,https://www.instagram.com/jaz_soves,1631983789,,protectiondentalcenter,human,85,0,0,0,85,A
luciacardozo_kuarzo,Lucia Cardozo,https://www.instagram.com/luciacardozo_kuarzo,1635817078,,odontologia3py,human,85,0,0,0,85,A
arturo_prantl,Arturo Prantl,https://www.instagram.com/arturo_prantl,1635827008,,protectiondentalcenter,human,85,0,0,0,85,A
willan_mireles,Willian Mireles,https://www.instagram.com/willan_mireles,1637068627,,protectiondentalcenter,human,85,0,0,0,85,A
galeano_carmen,Carmen Galeano,https://www.instagram.com/galeano_carmen,1637366475,,protectiondentalcenter,human,85,0,0,0,85,A
sarabia_vivi,Vivi Sarabia,https://www.instagram.com/sarabia_vivi,1637602246,,protectiondentalcenter,human,85,0,0,0,85,A
angel_mesias,Angel Vallejos,https://www.instagram.com/angel_mesias,1638149832,,protectiondentalcenter,human,85,0,0,0,85,A
dal_ortizs,Dal Silva,https://www.instagram.com/dal_ortizs,1638450233,,protectiondentalcenter,human,85,0,0,0,85,A
romi_arot,Romi Arotzarena,https://www.instagram.com/romi_arot,1639241128,,protectiondentalcenter,human,85,0,0,0,85,A
insfran_varela,Edgar Insfran,https://www.instagram.com/insfran_varela,1639784881,,protectiondentalcenter,human,85,0,0,0,85,A
magdaemilia_vergara,Emilia Vergara,https://www.instagram.com/magdaemilia_vergara,1639897321,,protectiondentalcenter,human,85,0,0,0,85,A
caro_cucao,Carolina Gomez,https://www.instagram.com/caro_cucao,16407895337,,protectiondentalcenter,human,85,0,0,0,85,A
hollywood_pamaw,Pam Hussey,https://www.instagram.com/hollywood_pamaw,16414642204,,protectiondentalcenter,human,85,0,0,0,85,A
ruthy_cabrera,Ruthy Cabrera,https://www.instagram.com/ruthy_cabrera,1642761780,,protectiondentalcenter,human,85,0,0,0,85,A
gabriel_stad,Gabriel Stadñik,https://www.instagram.com/gabriel_stad,1644464292,,odontospy,human,85,0,0,0,85,A
juan_roaok,Juan Roa,https://www.instagram.com/juan_roaok,1644897513,,odontospy,human,85,0,0,0,85,A
danna_arias,Patricia Arias,https://www.instagram.com/danna_arias,1645294708,,protectiondentalcenter,human,85,0,0,0,85,A
patito_faricarmona,Patito Fariña,https://www.instagram.com/patito_faricarmona,1645821574,,protectiondentalcenter,human,85,0,0,0,85,A
ruben_dpintos,Rubens Pintos,https://www.instagram.com/ruben_dpintos,1646004692,,odontologia3py,human,85,0,0,0,85,A
arcaa_maria,Maria Arca,https://www.instagram.com/arcaa_maria,1646545750,,protectiondentalcenter,human,85,0,0,0,85,A
jose_lopezzx,Jose Lopez,https://www.instagram.com/jose_lopezzx,1648712224,,odontologia3py,human,85,0,0,0,85,A
nathalia_alonso,Nathy Alonso,https://www.instagram.com/nathalia_alonso,1650971344,,protectiondentalcenter,human,85,0,0,0,85,A
willian_enciso,Willian Enciso,https://www.instagram.com/willian_enciso,1652001253,,odontologia3py,human,85,0,0,0,85,A
nely_nonzalez,Nely Gonzalez,https://www.instagram.com/nely_nonzalez,1652462690,,protectiondentalcenter,human,85,0,0,0,85,A
patrici_sofia,Patricia Henriquez,https://www.instagram.com/patrici_sofia,1652681555,,protectiondentalcenter,human,85,0,0,0,85,A
basilisa_villalba,Basilisa Villalba,https://www.instagram.com/basilisa_villalba,1652805654,,odontologia3py,human,85,0,0,0,85,A
jacqueline_cstruway,Jackie Struway,https://www.instagram.com/jacqueline_cstruway,1654246000,,protectiondentalcenter,human,85,0,0,0,85,A
edgar_ocampos,Edgar Ocampos,https://www.instagram.com/edgar_ocampos,1654388588,,protectiondentalcenter,human,85,0,0,0,85,A
dio_fleitass,Daniel Fleitas,https://www.instagram.com/dio_fleitass,1654765711,,protectiondentalcenter,human,85,0,0,0,85,A
arami_talavera,Ara Talavera,https://www.instagram.com/arami_talavera,1655750357,,protectiondentalcenter,human,85,0,0,0,85,A
cele_palazon,Cele Palazon,https://www.instagram.com/cele_palazon,1655872430,,protectiondentalcenter,human,85,0,0,0,85,A
delily_dulcespy,Beatriz Ramirez,https://www.instagram.com/delily_dulcespy,16568714963,,odontologia3py,human,85,0,0,0,85,A
natha_achar,Nathy Achar,https://www.instagram.com/natha_achar,1657211583,,protectiondentalcenter,human,85,0,0,0,85,A
miriansandoval_ms,Mirian Sandoval,https://www.instagram.com/miriansandoval_ms,1657430751,,protectiondentalcenter,human,85,0,0,0,85,A
paola_pistilli,Paola Pistilli,https://www.instagram.com/paola_pistilli,1657433118,,protectiondentalcenter,human,85,0,0,0,85,A
bogado_yann,Bogado Yann,https://www.instagram.com/bogado_yann,1658208390,,protectiondentalcenter,human,85,0,0,0,85,A
latana_den,Tere Dentice,https://www.instagram.com/latana_den,16585087521,,odontologia3py,human,85,0,0,0,85,A
estely_araujo,Estely Araujo,https://www.instagram.com/estely_araujo,1660870719,,protectiondentalcenter,human,85,0,0,0,85,A
angie_rondini,Angie Rondini,https://www.instagram.com/angie_rondini,1661820315,,protectiondentalcenter,human,85,0,0,0,85,A
cyn_galeanoo,Mabel Galeano,https://www.instagram.com/cyn_galeanoo,1662159186,,protectiondentalcenter,human,85,0,0,0,85,A
rocio_moyotl,Rocio Rosas,https://www.instagram.com/rocio_moyotl,1662188512,,protectiondentalcenter,human,85,0,0,0,85,A
gheby_escalante,Gheby Escalante,https://www.instagram.com/gheby_escalante,1662768389,,protectiondentalcenter,human,85,0,0,0,85,A
judyd_fran,Judyd Franco,https://www.instagram.com/judyd_fran,1664222462,,protectiondentalcenter,human,85,0,0,0,85,A
aras_anilorac,Sara Montenegro,https://www.instagram.com/aras_anilorac,1665147282,,odontologia3py,human,85,0,0,0,85,A
yvytu_vilu,Marlene Villalba,https://www.instagram.com/yvytu_vilu,1665335069,,protectiondentalcenter,human,85,0,0,0,85,A
mora_mabel,Mabel Mora,https://www.instagram.com/mora_mabel,1667577807,,protectiondentalcenter,human,85,0,0,0,85,A
touria_benchakroun,Touria Benchekroun,https://www.instagram.com/touria_benchakroun,16678169756,,protectiondentalcenter,human,85,0,0,0,85,A
celida_calderoli,Celida Calderoli,https://www.instagram.com/celida_calderoli,1669930725,,odontologia3py,human,85,0,0,0,85,A
pab_ve,Patricia Vera,https://www.instagram.com/pab_ve,16735348090,,protectiondentalcenter,human,85,0,0,0,85,A
vicky_gomezp,Victoria Gomez,https://www.instagram.com/vicky_gomezp,1675056027,,protectiondentalcenter,human,85,0,0,0,85,A
luly_arevalos,Arevalos Luly,https://www.instagram.com/luly_arevalos,1675734451,,protectiondentalcenter,human,85,0,0,0,85,A
cueto_yeni,Yenifer Ruiz,https://www.instagram.com/cueto_yeni,1681564725,,odontospy,human,85,0,0,0,85,A
steefany_cantero,Stefany Cantero,https://www.instagram.com/steefany_cantero,1684155865,,protectiondentalcenter,human,85,0,0,0,85,A
ferreira_francy,Francisca Ferreira,https://www.instagram.com/ferreira_francy,1684551405,,odontospy,human,85,0,0,0,85,A
arrua_gloria,Gloria Arrua,https://www.instagram.com/arrua_gloria,1687527067,,odontologia3py,human,85,0,0,0,85,A
francisca_recalde,Francisca Recalde,https://www.instagram.com/francisca_recalde,1687820141,,odontologia3py,human,85,0,0,0,85,A
aguilar_elsie,Elsa Aguilar,https://www.instagram.com/aguilar_elsie,1689357267,,protectiondentalcenter,human,85,0,0,0,85,A
rocio_lisboa,Rocio Vergara,https://www.instagram.com/rocio_lisboa,1689675308,,protectiondentalcenter,human,85,0,0,0,85,A
mauri_vielman,Mauricio Vielman,https://www.instagram.com/mauri_vielman,1689874442,,odontologia3py,human,85,0,0,0,85,A
gonzalez_joan,Yoana Gonzalez,https://www.instagram.com/gonzalez_joan,1690867028,,protectiondentalcenter,human,85,0,0,0,85,A
cecilia_carroz,Cecilia Carroz,https://www.instagram.com/cecilia_carroz,1691024423,,protectiondentalcenter,human,85,0,0,0,85,A
nara_mariel,Nicole Amarilla,https://www.instagram.com/nara_mariel,1691058498,,odontologia3py,human,85,0,0,0,85,A
felipe_ropon,David Ropphon,https://www.instagram.com/felipe_ropon,1691110833,,odontologia3py,human,85,0,0,0,85,A
anavi_llagra,Ana Villagra,https://www.instagram.com/anavi_llagra,16915282414,,protectiondentalcenter,human,85,0,0,0,85,A
rosmery_candia,Rosmery Candia,https://www.instagram.com/rosmery_candia,1691733319,,protectiondentalcenter,human,85,0,0,0,85,A
ley_gamarra,Leyla Gamarra,https://www.instagram.com/ley_gamarra,1691783820,,protectiondentalcenter,human,85,0,0,0,85,A
ever_santa,Ever Santacruz,https://www.instagram.com/ever_santa,1693773881,,odontologia3py,human,85,0,0,0,85,A
may_bernalv,Mayra Bernal,https://www.instagram.com/may_bernalv,1694553056,,protectiondentalcenter,human,85,0,0,0,85,A
lee_loreiro,Leticia Loreiro,https://www.instagram.com/lee_loreiro,1695464340,,odontospy,human,85,0,0,0,85,A
ada_amarillaa,Ada Amarilla,https://www.instagram.com/ada_amarillaa,1695664578,,protectiondentalcenter,human,85,0,0,0,85,A
aldakkak_samarr,Samar Dakkak,https://www.instagram.com/aldakkak_samarr,16975467670,,protectiondentalcenter,human,85,0,0,0,85,A
viviayala_love,Vivi Ayala,https://www.instagram.com/viviayala_love,1697555428,,protectiondentalcenter,human,85,0,0,0,85,A
lizza_cardozo,Lizza Cardozo,https://www.instagram.com/lizza_cardozo,1697829736,,odontospy,human,85,0,0,0,85,A
lili_chapa,Liliana Chaparro,https://www.instagram.com/lili_chapa,1698089884,,protectiondentalcenter,human,85,0,0,0,85,A
nicol_danei,Nicol Danei,https://www.instagram.com/nicol_danei,1698304902,,protectiondentalcenter,human,85,0,0,0,85,A
unam_fesc,Peran Estrada,https://www.instagram.com/unam_fesc,1698537988,,protectiondentalcenter,human,85,0,0,0,85,A
corina_verab,Corina Vera,https://www.instagram.com/corina_verab,1699401949,,odontologia3py,human,85,0,0,0,85,A
juanny_pereyra,Juanny Pereyra,https://www.instagram.com/juanny_pereyra,1699656411,,odontologia3py,human,85,0,0,0,85,A
claudita_lancheros,Claudia Lancheros,https://www.instagram.com/claudita_lancheros,1700795980,,protectiondentalcenter,human,85,0,0,0,85,A
bhatti_mis,Misbah Tahir,https://www.instagram.com/bhatti_mis,1702667625,,protectiondentalcenter,human,85,0,0,0,85,A
aury_avalos,Aurora Avalos,https://www.instagram.com/aury_avalos,1704678351,,protectiondentalcenter,human,85,0,0,0,85,A
domi_samudio,Domi Samudio,https://www.instagram.com/domi_samudio,1708470600,,protectiondentalcenter,human,85,0,0,0,85,A
elizabet_estigarribia,Lucia Gonzalez,https://www.instagram.com/elizabet_estigarribia,1709495755,,protectiondentalcenter,human,85,0,0,0,85,A
lu_gonzaleez,Lu Gonzalez,https://www.instagram.com/lu_gonzaleez,1710061176,,odontospy,human,85,0,0,0,85,A
raquel_chirife,Raquel Chirife,https://www.instagram.com/raquel_chirife,1711458734,,odontospy,human,85,0,0,0,85,A
castillo_carolc,Carol Castillo,https://www.instagram.com/castillo_carolc,1712617803,,protectiondentalcenter,human,85,0,0,0,85,A
eliane_schmidmeier,Eliane Schmidmeier,https://www.instagram.com/eliane_schmidmeier,17151774108,,protectiondentalcenter,human,85,0,0,0,85,A
manu_verall,Emanuel Vera,https://www.instagram.com/manu_verall,1715247377,,odontospy,human,85,0,0,0,85,A
caro_tullo,Carolina Tullo,https://www.instagram.com/caro_tullo,1716692968,,odontologia3py,human,85,0,0,0,85,A
mechi_dure,Mechi Mariño,https://www.instagram.com/mechi_dure,1718994739,,odontologia3py,human,85,0,0,0,85,A
soshan_susan,Susana Garcia,https://www.instagram.com/soshan_susan,1720614920,,protectiondentalcenter,human,85,0,0,0,85,A
inch_roa,Angie Roa,https://www.instagram.com/inch_roa,1721145296,,odontologia3py,human,85,0,0,0,85,A
musumeci_sara,Sarah Jay,https://www.instagram.com/musumeci_sara,17228649168,,protectiondentalcenter,human,85,0,0,0,85,A
jacky_estilista,Jacky Falsiroli,https://www.instagram.com/jacky_estilista,1724242445,,protectiondentalcenter,human,85,0,0,0,85,A
lorena_pacher,Lorena Pacher,https://www.instagram.com/lorena_pacher,1725031588,,protectiondentalcenter,human,85,0,0,0,85,A
vickyacuna_martinez,Blanca Acuña,https://www.instagram.com/vickyacuna_martinez,1725164855,,odontospy,human,85,0,0,0,85,A
jemifer_fer,Jemifer Fernandez,https://www.instagram.com/jemifer_fer,1725687480,,protectiondentalcenter,human,85,0,0,0,85,A
cleide_bioquimica,Cleide Maria,https://www.instagram.com/cleide_bioquimica,1726905963,,protectiondentalcenter,human,85,0,0,0,85,A
carolina_tamis,Carolina Tamis,https://www.instagram.com/carolina_tamis,1726925828,,odontospy,human,85,0,0,0,85,A
magui_britez,Magali Britez,https://www.instagram.com/magui_britez,1728364260,,odontologia3py,human,85,0,0,0,85,A
magri_molas,Magri Molas,https://www.instagram.com/magri_molas,1735124096,,protectiondentalcenter,human,85,0,0,0,85,A
ameera_elmsiry,Ameera Elmessiry,https://www.instagram.com/ameera_elmsiry,1736302963,,protectiondentalcenter,human,85,0,0,0,85,A
mothibedi_nkabane,Mothibedi Nkabane,https://www.instagram.com/mothibedi_nkabane,1739400885,,protectiondentalcenter,human,85,0,0,0,85,A
rosi_rebora,Rosi Rebora,https://www.instagram.com/rosi_rebora,1739602153,,protectiondentalcenter,human,85,0,0,0,85,A
jeessika_araujo,Jessika Araujo,https://www.instagram.com/jeessika_araujo,1742346102,,odontologia3py,human,85,0,0,0,85,A
carissa_wofford,Carissa Wofford,https://www.instagram.com/carissa_wofford,1742531469,,protectiondentalcenter,human,85,0,0,0,85,A
lau_algarin,Laura Algarin,https://www.instagram.com/lau_algarin,1745014563,,protectiondentalcenter,human,85,0,0,0,85,A
lugia_aguilera,Lugia Aguilera,https://www.instagram.com/lugia_aguilera,17453935920,,protectiondentalcenter,human,85,0,0,0,85,A
yohaniita_reyes,Yohaniita Reyes,https://www.instagram.com/yohaniita_reyes,1745726590,,protectiondentalcenter,human,85,0,0,0,85,A
blanca_ays,Blanca Aguirre,https://www.instagram.com/blanca_ays,1746210958,,protectiondentalcenter,human,85,0,0,0,85,A
flecha_fred,Fredy Flecha,https://www.instagram.com/flecha_fred,1750253708,,odontologia3py,human,85,0,0,0,85,A
dora_aristizabal,Dora Aristizabal,https://www.instagram.com/dora_aristizabal,1750645709,,protectiondentalcenter,human,85,0,0,0,85,A
jdg_morel,Jorge Morel,https://www.instagram.com/jdg_morel,1750705586,,protectiondentalcenter,human,85,0,0,0,85,A
analiz_nu,Ana Liz,https://www.instagram.com/analiz_nu,1751042327,,odontospy,human,85,0,0,0,85,A
dal_ba,Dalba Rojas,https://www.instagram.com/dal_ba,175170561,,odontospy,human,85,0,0,0,85,A
liliana_zarzav,Liliana Zarza,https://www.instagram.com/liliana_zarzav,1752825750,,protectiondentalcenter,human,85,0,0,0,85,A
natu_fisio,Nathalia Saucedo,https://www.instagram.com/natu_fisio,17552299577,,odontospy,human,85,0,0,0,85,A
isabel_leguizamon,Ysabel Leguizamon,https://www.instagram.com/isabel_leguizamon,1755630661,,protectiondentalcenter,human,85,0,0,0,85,A
cyntia_serratti,Cyntia Serratti,https://www.instagram.com/cyntia_serratti,1756676757,,protectiondentalcenter,human,85,0,0,0,85,A
clau_chaparro,Claudia Chaparro,https://www.instagram.com/clau_chaparro,1759188356,,odontospy,human,85,0,0,0,85,A
raquel_gaete,Raquel Gaete,https://www.instagram.com/raquel_gaete,1759233036,,protectiondentalcenter,human,85,0,0,0,85,A
katiana_britez,Katiana Britez,https://www.instagram.com/katiana_britez,1759248079,,protectiondentalcenter,human,85,0,0,0,85,A
neto_tome,Neto Tome,https://www.instagram.com/neto_tome,1764858043,,protectiondentalcenter,human,85,0,0,0,85,A
natii_sotelo,Natalia Sotelo,https://www.instagram.com/natii_sotelo,1765055643,,protectiondentalcenter,human,85,0,0,0,85,A
hector_fabianpy,Hector Chavez,https://www.instagram.com/hector_fabianpy,1765242829,,protectiondentalcenter,human,85,0,0,0,85,A
sintia_britez,Sintia Britez,https://www.instagram.com/sintia_britez,1765460478,,protectiondentalcenter,human,85,0,0,0,85,A
wan_ayelem,Wanda Ayelem,https://www.instagram.com/wan_ayelem,17667131538,,protectiondentalcenter,human,85,0,0,0,85,A
lujan_gomezln,Lujan Gomez,https://www.instagram.com/lujan_gomezln,1768546960,,odontospy,human,85,0,0,0,85,A
lizita_pereira,Liza Pereira,https://www.instagram.com/lizita_pereira,1771705975,,protectiondentalcenter,human,85,0,0,0,85,A
magie_noriegav,Magie Noriega,https://www.instagram.com/magie_noriegav,17767763324,,protectiondentalcenter,human,85,0,0,0,85,A
adis_corvalan,Adis Corvalan,https://www.instagram.com/adis_corvalan,1779065502,,protectiondentalcenter,human,85,0,0,0,85,A
marle_vernazza,Marle Vernazza,https://www.instagram.com/marle_vernazza,1779379000,,protectiondentalcenter,human,85,0,0,0,85,A
sicinia_quintana,Sicinia Quintana,https://www.instagram.com/sicinia_quintana,1779934004,,protectiondentalcenter,human,85,0,0,0,85,A
emilce_noe,Esmilce Cardozo,https://www.instagram.com/emilce_noe,1780283487,,protectiondentalcenter,human,85,0,0,0,85,A
stefania_penayook,Stefania Penayo,https://www.instagram.com/stefania_penayook,1780354319,,odontologia3py,human,85,0,0,0,85,A
marciley_costaa,Marciley Gregorio,https://www.instagram.com/marciley_costaa,17811346104,,protectiondentalcenter,human,85,0,0,0,85,A
sophie_lacr,Sophie Lac,https://www.instagram.com/sophie_lacr,1782586388,,protectiondentalcenter,human,85,0,0,0,85,A
virgy_pb,Virginia Parra,https://www.instagram.com/virgy_pb,1782767914,,protectiondentalcenter,human,85,0,0,0,85,A
figueredo_mirian,Mirian Figueredo,https://www.instagram.com/figueredo_mirian,1784925013,,protectiondentalcenter,human,85,0,0,0,85,A
lisy_fe,Fely Velazquez,https://www.instagram.com/lisy_fe,1786125701,,protectiondentalcenter,human,85,0,0,0,85,A
katherin_sk,Katherin Torres,https://www.instagram.com/katherin_sk,1786858318,,protectiondentalcenter,human,85,0,0,0,85,A
ma_gidi,Maritza Espinosa,https://www.instagram.com/ma_gidi,1790477548,,protectiondentalcenter,human,85,0,0,0,85,A
clara_galindez,Clara Galindez,https://www.instagram.com/clara_galindez,1792177146,,protectiondentalcenter,human,85,0,0,0,85,A
uli_cynthia,Cynthia Uli,https://www.instagram.com/uli_cynthia,17924039727,,odontologia3py,human,85,0,0,0,85,A
yesi_mohdz,Yesenia Mondragon,https://www.instagram.com/yesi_mohdz,1793655051,,protectiondentalcenter,human,85,0,0,0,85,A
mirna_par,Mirna Paredes,https://www.instagram.com/mirna_par,1793814346,,protectiondentalcenter,human,85,0,0,0,85,A
leti_galea,Leticia Galeano,https://www.instagram.com/leti_galea,1796782725,,protectiondentalcenter,human,85,0,0,0,85,A
isa_esteticista,Isa Jahn,https://www.instagram.com/isa_esteticista,1798115981,,protectiondentalcenter,human,85,0,0,0,85,A
ma_lesegovia,Magdalena Segovia,https://www.instagram.com/ma_lesegovia,1798438437,,odontospy,human,85,0,0,0,85,A
maribel_ozuna,Mary Ozuna,https://www.instagram.com/maribel_ozuna,1799975918,,odontospy,human,85,0,0,0,85,A
cano_lady,Paola Cano,https://www.instagram.com/cano_lady,1800380284,,odontospy,human,85,0,0,0,85,A
iris_villgon,Villgon Iris,https://www.instagram.com/iris_villgon,1802523078,,protectiondentalcenter,human,85,0,0,0,85,A
sabrinaaa_marques,Sabrina Marques,https://www.instagram.com/sabrinaaa_marques,1803433492,,protectiondentalcenter,human,85,0,0,0,85,A
lujancita_ortiz,Lujancita Ortiz,https://www.instagram.com/lujancita_ortiz,1803809312,,protectiondentalcenter,human,85,0,0,0,85,A
neyfy_rangel,Neyfy Rangel,https://www.instagram.com/neyfy_rangel,1804741818,,protectiondentalcenter,human,85,0,0,0,85,A
rossita_gimen,Rossita Gimenez,https://www.instagram.com/rossita_gimen,1806753788,,odontospy,human,85,0,0,0,85,A
hernan_rff,Hernan Ferreira,https://www.instagram.com/hernan_rff,1806764737,,odontospy,human,85,0,0,0,85,A
lourdesb_lopez,Lourdes Lopez,https://www.instagram.com/lourdesb_lopez,1806825576,,protectiondentalcenter,human,85,0,0,0,85,A
soledade_ventura,Dejanira Soledade,https://www.instagram.com/soledade_ventura,1806971146,,protectiondentalcenter,human,85,0,0,0,85,A
cyntia_nu,Cyntia Nuñez,https://www.instagram.com/cyntia_nu,1807926264,,protectiondentalcenter,human,85,0,0,0,85,A
pao_lloret,Paola Lloret,https://www.instagram.com/pao_lloret,1808614973,,odontospy,human,85,0,0,0,85,A
jade_canete,Jazmin Canete,https://www.instagram.com/jade_canete,1808763065,,protectiondentalcenter,human,85,0,0,0,85,A
jennii_jx,Jenni Lugo,https://www.instagram.com/jennii_jx,1808986809,,protectiondentalcenter,human,85,0,0,0,85,A
jb_pena,Julia Baumann,https://www.instagram.com/jb_pena,1810558369,,protectiondentalcenter,human,85,0,0,0,85,A
rosalba_moray,Rosalba Moray,https://www.instagram.com/rosalba_moray,18128642856,,odontospy,human,85,0,0,0,85,A
cecilia_cohene,Ceci Cohene,https://www.instagram.com/cecilia_cohene,1813317984,,protectiondentalcenter,human,85,0,0,0,85,A
damian_duff,Damian Jara,https://www.instagram.com/damian_duff,181383456,,protectiondentalcenter,human,85,0,0,0,85,A
jas_giandi,Jas Giandinotto,https://www.instagram.com/jas_giandi,1814707362,,odontologia3py,human,85,0,0,0,85,A
nicoleta_calinoiu,Nico Calinoiu,https://www.instagram.com/nicoleta_calinoiu,1814946524,,protectiondentalcenter,human,85,0,0,0,85,A
leti_duartee,Leti Duarte,https://www.instagram.com/leti_duartee,1815049603,,odontospy,human,85,0,0,0,85,A
santy_delvalle,Santi Delvalle,https://www.instagram.com/santy_delvalle,1817912149,,odontologia3py,human,85,0,0,0,85,A
sosa_neida,Sosa Neida,https://www.instagram.com/sosa_neida,1818632529,,protectiondentalcenter,human,85,0,0,0,85,A
jhedell_miami,Jhedell Santos,https://www.instagram.com/jhedell_miami,1818826297,,protectiondentalcenter,human,85,0,0,0,85,A
as_lablue,Ali Solis,https://www.instagram.com/as_lablue,1818930679,,protectiondentalcenter,human,85,0,0,0,85,A
cynalcarazmake_up,Cynthia Alcaraz,https://www.instagram.com/cynalcarazmake_up,1819140298,,protectiondentalcenter,human,85,0,0,0,85,A
san_mendietam,San Mendieta,https://www.instagram.com/san_mendietam,1819242429,,odontologia3py,human,85,0,0,0,85,A
evita_benitez,Evita Benitez,https://www.instagram.com/evita_benitez,1820711270,,protectiondentalcenter,human,85,0,0,0,85,A
gri_rivero,Griselda Rivero,https://www.instagram.com/gri_rivero,1820858238,,protectiondentalcenter,human,85,0,0,0,85,A
dalila_ribeiro,Dalila Ribeiro,https://www.instagram.com/dalila_ribeiro,182086661,,protectiondentalcenter,human,85,0,0,0,85,A
steinhawer_sana,Sana Steinhawer,https://www.instagram.com/steinhawer_sana,1820912787,,protectiondentalcenter,human,85,0,0,0,85,A
yeni_fbc,Yenifer Benitez,https://www.instagram.com/yeni_fbc,1821072663,,protectiondentalcenter,human,85,0,0,0,85,A
mario_insfran,Mario Insfran,https://www.instagram.com/mario_insfran,1823516265,,odontologia3py,human,85,0,0,0,85,A
celiia_moran,Celia Moran,https://www.instagram.com/celiia_moran,1823721988,,protectiondentalcenter,human,85,0,0,0,85,A
tibisay_molina,Tibisay Molina,https://www.instagram.com/tibisay_molina,1823889596,,protectiondentalcenter,human,85,0,0,0,85,A
heleni_nunez,Elenita Avalos,https://www.instagram.com/heleni_nunez,1825302125,,protectiondentalcenter,human,85,0,0,0,85,A
naye_bedom,Naye Bedoya,https://www.instagram.com/naye_bedom,1825411653,,odontospy,human,85,0,0,0,85,A
lary_casco,Larissa Casco,https://www.instagram.com/lary_casco,1826252367,,odontospy,human,85,0,0,0,85,A
coronel_juani,Juani Coronel,https://www.instagram.com/coronel_juani,1827865926,,odontologia3py,human,85,0,0,0,85,A
estela_arrondo,Estela Arrondo,https://www.instagram.com/estela_arrondo,1831291814,,protectiondentalcenter,human,85,0,0,0,85,A
carol_sardi,Carolina Ayala,https://www.instagram.com/carol_sardi,1831559836,,protectiondentalcenter,human,85,0,0,0,85,A
blanca_mramirez,Blanca Ramirez,https://www.instagram.com/blanca_mramirez,1831562067,,protectiondentalcenter,human,85,0,0,0,85,A
mariafaus_gimenez,Maria Gimenez,https://www.instagram.com/mariafaus_gimenez,1831706267,,protectiondentalcenter,human,85,0,0,0,85,A
adams_gonzalez,Adams Gonzalez,https://www.instagram.com/adams_gonzalez,1832339527,,odontospy,human,85,0,0,0,85,A
malu_ugarte,Malu Ugarte,https://www.instagram.com/malu_ugarte,1832685454,,protectiondentalcenter,human,85,0,0,0,85,A
lauren_kraft,Lauren Kraft,https://www.instagram.com/lauren_kraft,18370755,,protectiondentalcenter,human,85,0,0,0,85,A
pauly_alva,Pauly Alvarenga,https://www.instagram.com/pauly_alva,1837945502,,odontospy,human,85,0,0,0,85,A
wissem_agg,Wissem Agg,https://www.instagram.com/wissem_agg,18408807146,,protectiondentalcenter,human,85,0,0,0,85,A
san_corassini,Sandra Corassini,https://www.instagram.com/san_corassini,18411117864,,protectiondentalcenter,human,85,0,0,0,85,A
antonio_duartec,Antonio Duarte,https://www.instagram.com/antonio_duartec,18615359497,,protectiondentalcenter,human,85,0,0,0,85,A
margaritarosa_interiores,Margui Rosi,https://www.instagram.com/margaritarosa_interiores,18735765233,,protectiondentalcenter,human,85,0,0,0,85,A
male_acevedo,Marlene Acevedo,https://www.instagram.com/male_acevedo,188388570,,protectiondentalcenter,human,85,0,0,0,85,A
curamapu_propiedades,Curamapu Propiedades,https://www.instagram.com/curamapu_propiedades,18900762142,,protectiondentalcenter,human,85,0,0,0,85,A
augusta_landi,Augusta Landi,https://www.instagram.com/augusta_landi,1901815367,,protectiondentalcenter,human,85,0,0,0,85,A
arthuro_aponte,Arthuro Ciclista,https://www.instagram.com/arthuro_aponte,1903016318,,odontospy,human,85,0,0,0,85,A
sabine_weigert,Sabine Weigert,https://www.instagram.com/sabine_weigert,1903477560,,protectiondentalcenter,human,85,0,0,0,85,A
jo_josita,Jo Josita,https://www.instagram.com/jo_josita,1903823562,,protectiondentalcenter,human,85,0,0,0,85,A
thomen_cl,Claudia Thomen,https://www.instagram.com/thomen_cl,1904140617,,protectiondentalcenter,human,85,0,0,0,85,A
lili_ayalamar,Lili Martinez,https://www.instagram.com/lili_ayalamar,1906063663,,odontospy,human,85,0,0,0,85,A
lili_duartem,Lilian Duarte,https://www.instagram.com/lili_duartem,1907893056,,protectiondentalcenter,human,85,0,0,0,85,A
roberth_dj,Robert Fer,https://www.instagram.com/roberth_dj,190965267,,protectiondentalcenter,human,85,0,0,0,85,A
mabel_peretti,Beatriz Bertero,https://www.instagram.com/mabel_peretti,1910130667,,protectiondentalcenter,human,85,0,0,0,85,A
solano_liz,Lichy Solano,https://www.instagram.com/solano_liz,1910705468,,protectiondentalcenter,human,85,0,0,0,85,A
ruth_gayoso,Ruth Gayoso,https://www.instagram.com/ruth_gayoso,1910818001,,odontospy,human,85,0,0,0,85,A
candy_noguera,Candy Noguera,https://www.instagram.com/candy_noguera,1910843456,,odontologia3py,human,85,0,0,0,85,A
rosi_arevalos,Rosana Arevalos,https://www.instagram.com/rosi_arevalos,1911897886,,protectiondentalcenter,human,85,0,0,0,85,A
bero_alhelo,Ibrahim Alhelo,https://www.instagram.com/bero_alhelo,19119643047,,protectiondentalcenter,human,85,0,0,0,85,A
yuruhan_teffy,Azuca Yuruhan,https://www.instagram.com/yuruhan_teffy,1912871098,,protectiondentalcenter,human,85,0,0,0,85,A
delasnieves_araujo,Tania Araujo,https://www.instagram.com/delasnieves_araujo,1912969177,,protectiondentalcenter,human,85,0,0,0,85,A
gamarra_natalia,Natalia Gamarra,https://www.instagram.com/gamarra_natalia,1913107156,,odontospy,human,85,0,0,0,85,A
carito_santafe,Karolay Sequeda,https://www.instagram.com/carito_santafe,1914180750,,protectiondentalcenter,human,85,0,0,0,85,A
raquel_mitjans,Raquel Mitjans,https://www.instagram.com/raquel_mitjans,1916613964,,protectiondentalcenter,human,85,0,0,0,85,A
toto_vergueiro,Luis Vergueiro,https://www.instagram.com/toto_vergueiro,1918516762,,odontospy,human,85,0,0,0,85,A
sari_lovera,Sara Lovera,https://www.instagram.com/sari_lovera,1918679135,,protectiondentalcenter,human,85,0,0,0,85,A
ferreira_lind,Lindsay Ferreira,https://www.instagram.com/ferreira_lind,1918877026,,protectiondentalcenter,human,85,0,0,0,85,A
preciosa_vera,Juana Vera,https://www.instagram.com/preciosa_vera,1922017783,,odontologia3py,human,85,0,0,0,85,A
tommydu_arte,Tomas Duarte,https://www.instagram.com/tommydu_arte,1923690393,,odontologia3py,human,85,0,0,0,85,A
norma_jramos,Norma Ramos,https://www.instagram.com/norma_jramos,1924891909,,protectiondentalcenter,human,85,0,0,0,85,A
selina_griesser,Selina Griesser,https://www.instagram.com/selina_griesser,1925494285,,protectiondentalcenter,human,85,0,0,0,85,A
magdalena_ortizz,Magdalena Ortiz,https://www.instagram.com/magdalena_ortizz,19282013643,,odontospy,human,85,0,0,0,85,A
alin_herrera,Alin Herrera,https://www.instagram.com/alin_herrera,1928937054,,protectiondentalcenter,human,85,0,0,0,85,A
giulii_avalos,Giuli Avalos,https://www.instagram.com/giulii_avalos,192924318,,protectiondentalcenter,human,85,0,0,0,85,A
sara_zacharuk,Sara Zacharuk,https://www.instagram.com/sara_zacharuk,19295922486,,protectiondentalcenter,human,85,0,0,0,85,A
colman_karen,Karen Colman,https://www.instagram.com/colman_karen,1929735530,,protectiondentalcenter,human,85,0,0,0,85,A
just_biancanow,Bianca Mclean,https://www.instagram.com/just_biancanow,1931853792,,protectiondentalcenter,human,85,0,0,0,85,A
daniela_morandi,Daniela Morandi,https://www.instagram.com/daniela_morandi,1933761521,,protectiondentalcenter,human,85,0,0,0,85,A
ra_sanchezo,Raquel Sanchez,https://www.instagram.com/ra_sanchezo,1936232456,,protectiondentalcenter,human,85,0,0,0,85,A
luzia_kozlonski,Luzia Kozlonski,https://www.instagram.com/luzia_kozlonski,1936278031,,protectiondentalcenter,human,85,0,0,0,85,A
lencina_florencia,Florencia Lencina,https://www.instagram.com/lencina_florencia,1937069594,,protectiondentalcenter,human,85,0,0,0,85,A
moreno_famili,Mary Moreno,https://www.instagram.com/moreno_famili,1938454729,,protectiondentalcenter,human,85,0,0,0,85,A
lolo_solange,Lolo Lolo,https://www.instagram.com/lolo_solange,1939466989,,protectiondentalcenter,human,85,0,0,0,85,A
lau_rivasss,Laura Rivas,https://www.instagram.com/lau_rivasss,1939918530,,protectiondentalcenter,human,85,0,0,0,85,A
fleitas_soledad,Soledad Fleitas,https://www.instagram.com/fleitas_soledad,1942585639,,odontologia3py,human,85,0,0,0,85,A
noly_lopez,Noelia Lopez,https://www.instagram.com/noly_lopez,1943259940,,protectiondentalcenter,human,85,0,0,0,85,A
gissel_patino,Gissel Patiño,https://www.instagram.com/gissel_patino,1943364813,,protectiondentalcenter,human,85,0,0,0,85,A
gi_gavilan,Gi Gavilan,https://www.instagram.com/gi_gavilan,1948675980,,odontologia3py,human,85,0,0,0,85,A
chelita_baca,Chelita Baca,https://www.instagram.com/chelita_baca,19490163,,protectiondentalcenter,human,85,0,0,0,85,A
imelda_melygarcia,Mely Garcia,https://www.instagram.com/imelda_melygarcia,1950285839,,protectiondentalcenter,human,85,0,0,0,85,A
silvi_canete,Silvia Cañete,https://www.instagram.com/silvi_canete,19513091657,,protectiondentalcenter,human,85,0,0,0,85,A
sannie_nathalia,Sannie Nathalia,https://www.instagram.com/sannie_nathalia,1956818357,,protectiondentalcenter,human,85,0,0,0,85,A
disnalda_chavez,Disnalda Chavez,https://www.instagram.com/disnalda_chavez,1957250418,,odontospy,human,85,0,0,0,85,A
luz_marielro,Luz Rodriguez,https://www.instagram.com/luz_marielro,1957307714,,protectiondentalcenter,human,85,0,0,0,85,A
alle_allealle,Alle Alle,https://www.instagram.com/alle_allealle,19573406949,,protectiondentalcenter,human,85,0,0,0,85,A
yani_tineo,Tineo Yani,https://www.instagram.com/yani_tineo,1957368228,,protectiondentalcenter,human,85,0,0,0,85,A
ruth_fortuna,Ruth Fortuna,https://www.instagram.com/ruth_fortuna,1957686471,,protectiondentalcenter,human,85,0,0,0,85,A
lili_mereles,Lili Mereles,https://www.instagram.com/lili_mereles,1958020746,,protectiondentalcenter,human,85,0,0,0,85,A
sheilalima_fsa,Sheyla Lima,https://www.instagram.com/sheilalima_fsa,1958181652,,protectiondentalcenter,human,85,0,0,0,85,A
leida_roa,Leida Roa,https://www.instagram.com/leida_roa,1960457543,,protectiondentalcenter,human,85,0,0,0,85,A
lau_pi,Lau Pi,https://www.instagram.com/lau_pi,1961692614,,protectiondentalcenter,human,85,0,0,0,85,A
oskar_yegros,Oskr Yegros,https://www.instagram.com/oskar_yegros,1964586406,,odontologia3py,human,85,0,0,0,85,A
loscoloresde_marcela,Marcela Lazcano,https://www.instagram.com/loscoloresde_marcela,1964886417,,protectiondentalcenter,human,85,0,0,0,85,A
nano_amarilla,Nano Amarilla,https://www.instagram.com/nano_amarilla,1966057899,,protectiondentalcenter,human,85,0,0,0,85,A
peli_zua,Lourdes Suarez,https://www.instagram.com/peli_zua,1966438897,,protectiondentalcenter,human,85,0,0,0,85,A
meri_bz,Meri Benitez,https://www.instagram.com/meri_bz,1966495236,,protectiondentalcenter,human,85,0,0,0,85,A
fannyadela_mr,Fanny Adela,https://www.instagram.com/fannyadela_mr,1967319726,,odontologia3py,human,85,0,0,0,85,A
pau_abu,Paula Abujatum,https://www.instagram.com/pau_abu,1967731028,,protectiondentalcenter,human,85,0,0,0,85,A
karen_curtido,Karen Curtido,https://www.instagram.com/karen_curtido,1968116717,,protectiondentalcenter,human,85,0,0,0,85,A
amitiel_baalbal,Amitiel Baalbal,https://www.instagram.com/amitiel_baalbal,1968241983,,protectiondentalcenter,human,85,0,0,0,85,A
charishilton_seguros,Charo Bautista,https://www.instagram.com/charishilton_seguros,1968864002,,protectiondentalcenter,human,85,0,0,0,85,A
ramos_derlis,Derlis Ramos,https://www.instagram.com/ramos_derlis,1970115633,,odontologia3py,human,85,0,0,0,85,A
beae_beae,Bma Bea,https://www.instagram.com/beae_beae,1970777133,,protectiondentalcenter,human,85,0,0,0,85,A
joha_jflo,Johana Florenciañez,https://www.instagram.com/joha_jflo,1972097595,,odontospy,human,85,0,0,0,85,A
karenportillo_vega,Karen Vega,https://www.instagram.com/karenportillo_vega,1973517770,,protectiondentalcenter,human,85,0,0,0,85,A
nenis_delatorre,Nenis Delatorre,https://www.instagram.com/nenis_delatorre,1973924580,,protectiondentalcenter,human,85,0,0,0,85,A
samu_aranda,Samu Aranda,https://www.instagram.com/samu_aranda,197399885,,odontologia3py,human,85,0,0,0,85,A
arminda_mesquita,Arminda Mesquita,https://www.instagram.com/arminda_mesquita,1974204176,,protectiondentalcenter,human,85,0,0,0,85,A
clau_marecos,Claudia Marecos,https://www.instagram.com/clau_marecos,1974539305,,protectiondentalcenter,human,85,0,0,0,85,A
teresa_garcete,Vivian Garcete,https://www.instagram.com/teresa_garcete,1975427385,,odontologia3py,human,85,0,0,0,85,A
rosi_gonz,Rosisela Gonz,https://www.instagram.com/rosi_gonz,1975748393,,protectiondentalcenter,human,85,0,0,0,85,A
maciel_lourdes,Lourdes Maciel,https://www.instagram.com/maciel_lourdes,1976584994,,odontospy,human,85,0,0,0,85,A
martinez_juank,Juank Martinez,https://www.instagram.com/martinez_juank,1976904442,,odontospy,human,85,0,0,0,85,A
marleny_tellez,Marlen Tellez,https://www.instagram.com/marleny_tellez,1977112175,,protectiondentalcenter,human,85,0,0,0,85,A
graciela_aricaye,Graciela Aricaye,https://www.instagram.com/graciela_aricaye,1978496141,,odontospy,human,85,0,0,0,85,A
ruth_canhete,Ruth Cañete,https://www.instagram.com/ruth_canhete,197880479,,odontospy,human,85,0,0,0,85,A
duarte_mathias,Mathias Duarte,https://www.instagram.com/duarte_mathias,1979271156,,odontologia3py,human,85,0,0,0,85,A
yolidia_alcaraz,Yoli Alcaraz,https://www.instagram.com/yolidia_alcaraz,1980450974,,protectiondentalcenter,human,85,0,0,0,85,A
paty_zelada,Patricia Zelada,https://www.instagram.com/paty_zelada,1981655971,,protectiondentalcenter,human,85,0,0,0,85,A
verenisse_coronel,Verenisse Coronel,https://www.instagram.com/verenisse_coronel,1981950796,,protectiondentalcenter,human,85,0,0,0,85,A
mariela_paredes,Mariela Paredes,https://www.instagram.com/mariela_paredes,1983894965,,protectiondentalcenter,human,85,0,0,0,85,A
gla_aguirre,Gladys Aguirre,https://www.instagram.com/gla_aguirre,1984811093,,protectiondentalcenter,human,85,0,0,0,85,A
eugenia_patino,Euge Patiño,https://www.instagram.com/eugenia_patino,1985116375,,protectiondentalcenter,human,85,0,0,0,85,A
gladys_britez,Gladys Britez,https://www.instagram.com/gladys_britez,1987024389,,protectiondentalcenter,human,85,0,0,0,85,A
jessi_nizza,Jessica Nizza,https://www.instagram.com/jessi_nizza,1987235783,,protectiondentalcenter,human,85,0,0,0,85,A
neu_jess,Jessica Neuman,https://www.instagram.com/neu_jess,1987312635,,protectiondentalcenter,human,85,0,0,0,85,A
glad_lzcano,Gladys Lezcano,https://www.instagram.com/glad_lzcano,1988200201,,protectiondentalcenter,human,85,0,0,0,85,A
filimonova_ludmila,Ludmila Filimonova,https://www.instagram.com/filimonova_ludmila,198852136,,protectiondentalcenter,human,85,0,0,0,85,A
martav_leon,Marta Leon,https://www.instagram.com/martav_leon,1991078319,,protectiondentalcenter,human,85,0,0,0,85,A
gale_luu,Lulu Galeano,https://www.instagram.com/gale_luu,1991923867,,protectiondentalcenter,human,85,0,0,0,85,A
molinari_anna,Ana Molinari,https://www.instagram.com/molinari_anna,1991964286,,odontospy,human,85,0,0,0,85,A
criss_per,Criss Pereira,https://www.instagram.com/criss_per,199293518,,protectiondentalcenter,human,85,0,0,0,85,A
lina_riella,Lina Areco,https://www.instagram.com/lina_riella,1993274086,,protectiondentalcenter,human,85,0,0,0,85,A
romi_lir,Romina Oviedo,https://www.instagram.com/romi_lir,1994906614,,protectiondentalcenter,human,85,0,0,0,85,A
ara_cubas,Aracely Cubas,https://www.instagram.com/ara_cubas,1996263128,,protectiondentalcenter,human,85,0,0,0,85,A
estela_lesmo,Estela Lesmo,https://www.instagram.com/estela_lesmo,2002584893,,protectiondentalcenter,human,85,0,0,0,85,A
rojas_sayu,Sayumi Rojas,https://www.instagram.com/rojas_sayu,2004663145,,odontospy,human,85,0,0,0,85,A
josef_villasantir,Josefina Villasanti,https://www.instagram.com/josef_villasantir,2006222386,,odontologia3py,human,85,0,0,0,85,A
raquel_mansy,Laura Mansilla,https://www.instagram.com/raquel_mansy,2010180205,,protectiondentalcenter,human,85,0,0,0,85,A
jasna_gospic,Jasna Gospic,https://www.instagram.com/jasna_gospic,2011362913,,protectiondentalcenter,human,85,0,0,0,85,A
oscar_mereles,Oscar Mereles,https://www.instagram.com/oscar_mereles,2011379205,,protectiondentalcenter,human,85,0,0,0,85,A
maraya_nkalada,Maraya Nkalada,https://www.instagram.com/maraya_nkalada,2011735236,,protectiondentalcenter,human,85,0,0,0,85,A
naty_valdezl,Naty Valdez,https://www.instagram.com/naty_valdezl,2012186540,,protectiondentalcenter,human,85,0,0,0,85,A
sivi_men,Silvana Mendoza,https://www.instagram.com/sivi_men,201251479,,protectiondentalcenter,human,85,0,0,0,85,A
raulo_delgado,Raul Delgado,https://www.instagram.com/raulo_delgado,2012528981,,protectiondentalcenter,human,85,0,0,0,85,A
irina_churaeva,Irina Churaeva,https://www.instagram.com/irina_churaeva,2013776762,,protectiondentalcenter,human,85,0,0,0,85,A
patyy_martines,Patty Martinez,https://www.instagram.com/patyy_martines,2014235407,,odontologia3py,human,85,0,0,0,85,A
aracelli_ramos,Aracelli Ramos,https://www.instagram.com/aracelli_ramos,2016074618,,protectiondentalcenter,human,85,0,0,0,85,A
noguera_richard,Richard Noguera,https://www.instagram.com/noguera_richard,2016286805,,protectiondentalcenter,human,85,0,0,0,85,A
fatima_duarute,Fatima Duarte,https://www.instagram.com/fatima_duarute,2017656415,,protectiondentalcenter,human,85,0,0,0,85,A
gianny_cmm,Gianny Mora,https://www.instagram.com/gianny_cmm,2021333998,,protectiondentalcenter,human,85,0,0,0,85,A
shiir_pereira,Shirley Pereira,https://www.instagram.com/shiir_pereira,2022411249,,protectiondentalcenter,human,85,0,0,0,85,A
saybel_gaona,Saybel Gaona,https://www.instagram.com/saybel_gaona,2022738652,,odontospy,human,85,0,0,0,85,A
fiorella_franco,Fiorella Franco,https://www.instagram.com/fiorella_franco,202545209,,odontologia3py,human,85,0,0,0,85,A
moralesgiselle_elizabeth,Giselle Morales,https://www.instagram.com/moralesgiselle_elizabeth,2025462023,,protectiondentalcenter,human,85,0,0,0,85,A
rojas_rossyy,Rossy Rojas,https://www.instagram.com/rojas_rossyy,2025491486,,odontologia3py,human,85,0,0,0,85,A
salmi_ramirez,Salmi Ramirez,https://www.instagram.com/salmi_ramirez,2026603634,,protectiondentalcenter,human,85,0,0,0,85,A
aguilera_blanca,Blanca Aguilera,https://www.instagram.com/aguilera_blanca,2027610491,,protectiondentalcenter,human,85,0,0,0,85,A
roman_anchy,Anchy Roman,https://www.instagram.com/roman_anchy,2028703395,,protectiondentalcenter,human,85,0,0,0,85,A
ani_duarteperalta,Ani Duarte,https://www.instagram.com/ani_duarteperalta,2028975384,,protectiondentalcenter,human,85,0,0,0,85,A
patty_grijalva,Patty Grigan,https://www.instagram.com/patty_grijalva,2030535472,,protectiondentalcenter,human,85,0,0,0,85,A
espinoza_maru,Maru Espinoza,https://www.instagram.com/espinoza_maru,2032512412,,protectiondentalcenter,human,85,0,0,0,85,A
auxi_gonzalez,Auxi Gonzalez,https://www.instagram.com/auxi_gonzalez,2033210651,,protectiondentalcenter,human,85,0,0,0,85,A
moni_molina,Moni Molina,https://www.instagram.com/moni_molina,203400031,,odontologia3py,human,85,0,0,0,85,A
chayito_hernandezr,Chayito Hernandez,https://www.instagram.com/chayito_hernandezr,2036528690,,protectiondentalcenter,human,85,0,0,0,85,A
tania_insfran,Tania Insfran,https://www.instagram.com/tania_insfran,203725695,,odontologia3py,human,85,0,0,0,85,A
antonia_bogado,Anto Bogado,https://www.instagram.com/antonia_bogado,2037307562,,odontospy,human,85,0,0,0,85,A
kin_laura,Lele Kin,https://www.instagram.com/kin_laura,2038416654,,protectiondentalcenter,human,85,0,0,0,85,A
joanne_mattsson,Joanne Mattsson,https://www.instagram.com/joanne_mattsson,2039914986,,protectiondentalcenter,human,85,0,0,0,85,A
pl_rey,Patricia Reynoso,https://www.instagram.com/pl_rey,2042161783,,protectiondentalcenter,human,85,0,0,0,85,A
lyd_sal,Ly Sal,https://www.instagram.com/lyd_sal,204294069,,protectiondentalcenter,human,85,0,0,0,85,A
tabatha_castillo,Tabatha Castillo,https://www.instagram.com/tabatha_castillo,2043745601,,protectiondentalcenter,human,85,0,0,0,85,A
tere_zandavalli,Tere Zandavalli,https://www.instagram.com/tere_zandavalli,2043797864,,protectiondentalcenter,human,85,0,0,0,85,A
fathy_segov,Fathy Segovia,https://www.instagram.com/fathy_segov,2045482565,,protectiondentalcenter,human,85,0,0,0,85,A
coco_aguilar,Coco Aguilar,https://www.instagram.com/coco_aguilar,2046853448,,odontospy,human,85,0,0,0,85,A
veroesther_go,Veronica Gomez,https://www.instagram.com/veroesther_go,2048514134,,protectiondentalcenter,human,85,0,0,0,85,A
antonela_segovia,Antonela Segovia,https://www.instagram.com/antonela_segovia,2050661108,,odontologia3py,human,85,0,0,0,85,A
melany_mikitiuk,Melani Mikitiuk,https://www.instagram.com/melany_mikitiuk,2051634576,,protectiondentalcenter,human,85,0,0,0,85,A
ochoa_gladys,Gladys Ochoa,https://www.instagram.com/ochoa_gladys,2051657993,,protectiondentalcenter,human,85,0,0,0,85,A
lizania_cardozo,Lizania Cardozo,https://www.instagram.com/lizania_cardozo,2052172486,,odontologia3py,human,85,0,0,0,85,A
yeni_arzamendia,Yenifer Arzamendia,https://www.instagram.com/yeni_arzamendia,2052907715,,protectiondentalcenter,human,85,0,0,0,85,A
te_oviedo,Teresa Oviedo,https://www.instagram.com/te_oviedo,2052946369,,protectiondentalcenter,human,85,0,0,0,85,A
lety_lazo,Letty Lazo,https://www.instagram.com/lety_lazo,2055488820,,protectiondentalcenter,human,85,0,0,0,85,A
amy_levey,Amy Levey,https://www.instagram.com/amy_levey,2057502268,,protectiondentalcenter,human,85,0,0,0,85,A
davidd_mendoza,David Mendoza,https://www.instagram.com/davidd_mendoza,2058046496,,odontospy,human,85,0,0,0,85,A
vivii_esquivel,Vivii Esquivel,https://www.instagram.com/vivii_esquivel,2058309902,,protectiondentalcenter,human,85,0,0,0,85,A
aleli_recalde,Aleli Recalde,https://www.instagram.com/aleli_recalde,2059474516,,odontospy,human,85,0,0,0,85,A
nataliahenao_disenodecejas,Natalia Henao,https://www.instagram.com/nataliahenao_disenodecejas,2059740672,,protectiondentalcenter,human,85,0,0,0,85,A
ramiro_sempertegui,Ram Semper,https://www.instagram.com/ramiro_sempertegui,2060976489,,protectiondentalcenter,human,85,0,0,0,85,A
marina_gauto,Marina Gauto,https://www.instagram.com/marina_gauto,2062912619,,protectiondentalcenter,human,85,0,0,0,85,A
marive_ole,Veronica Ojeda,https://www.instagram.com/marive_ole,2067528669,,odontologia3py,human,85,0,0,0,85,A
lizcarol_lugo,Liz Almada,https://www.instagram.com/lizcarol_lugo,2067888662,,protectiondentalcenter,human,85,0,0,0,85,A
marile_colman,Mari Colman,https://www.instagram.com/marile_colman,2071212787,,protectiondentalcenter,human,85,0,0,0,85,A
cecilia_guanes,Cecilia Guanes,https://www.instagram.com/cecilia_guanes,207344560,,protectiondentalcenter,human,85,0,0,0,85,A
cecy_mujica,Ceci Mujica,https://www.instagram.com/cecy_mujica,2074377351,,odontologia3py,human,85,0,0,0,85,A
davalos_edith,Edith Davalos,https://www.instagram.com/davalos_edith,2075267365,,odontospy,human,85,0,0,0,85,A
jaquelin_centurion,Jaquelin Centurion,https://www.instagram.com/jaquelin_centurion,20755449209,,protectiondentalcenter,human,85,0,0,0,85,A
delly_giraldo,Delly Giraldo,https://www.instagram.com/delly_giraldo,2077345393,,protectiondentalcenter,human,85,0,0,0,85,A
faty_paniagua,Faty Paniagua,https://www.instagram.com/faty_paniagua,2077496046,,protectiondentalcenter,human,85,0,0,0,85,A
mereles_williams,Williams Mereles,https://www.instagram.com/mereles_williams,2078267175,,protectiondentalcenter,human,85,0,0,0,85,A
escalante_eduardo,Eduardo Escalante,https://www.instagram.com/escalante_eduardo,2079363598,,odontologia3py,human,85,0,0,0,85,A
saeed_shama,Shama Saeed,https://www.instagram.com/saeed_shama,2080332552,,protectiondentalcenter,human,85,0,0,0,85,A
ruty_levy,Ruty Levy,https://www.instagram.com/ruty_levy,2081412499,,protectiondentalcenter,human,85,0,0,0,85,A
karlacastillejo_floridarealtor,Carla Castillejo,https://www.instagram.com/karlacastillejo_floridarealtor,208209042,,protectiondentalcenter,human,85,0,0,0,85,A
mirtha_centurion,Mirtha Centurion,https://www.instagram.com/mirtha_centurion,2083073615,,protectiondentalcenter,human,85,0,0,0,85,A
gisele_mencia,Gisele Mencia,https://www.instagram.com/gisele_mencia,208511159,,odontologia3py,human,85,0,0,0,85,A
anita_bernal,Ana Bernal,https://www.instagram.com/anita_bernal,208568724,,protectiondentalcenter,human,85,0,0,0,85,A
jeli_diaz,Jelitza Diaz,https://www.instagram.com/jeli_diaz,2086272742,,protectiondentalcenter,human,85,0,0,0,85,A
ruthy_conge,Ruth Alicia,https://www.instagram.com/ruthy_conge,2087610728,,odontologia3py,human,85,0,0,0,85,A
mirtha_fleitas,Mirtha Fleitas,https://www.instagram.com/mirtha_fleitas,208849123,,protectiondentalcenter,human,85,0,0,0,85,A
odalys_triana,Odalys Triana,https://www.instagram.com/odalys_triana,20896799806,,protectiondentalcenter,human,85,0,0,0,85,A
anki_mareco,Anki Mareco,https://www.instagram.com/anki_mareco,2089844469,,protectiondentalcenter,human,85,0,0,0,85,A
gializ_bella,Gia Gonzalez,https://www.instagram.com/gializ_bella,2090332420,,protectiondentalcenter,human,85,0,0,0,85,A
male_villas,Male Villas,https://www.instagram.com/male_villas,2091284208,,protectiondentalcenter,human,85,0,0,0,85,A
oviedo_graciela,Graciela Oviedo,https://www.instagram.com/oviedo_graciela,2091293705,,protectiondentalcenter,human,85,0,0,0,85,A
bony_py,Hector Ojeda,https://www.instagram.com/bony_py,209355245,,protectiondentalcenter,human,85,0,0,0,85,A
milciades_irala,Miller Irala,https://www.instagram.com/milciades_irala,2093792371,,protectiondentalcenter,human,85,0,0,0,85,A
vane_leivag,Vane Leiva,https://www.instagram.com/vane_leivag,209407393,,odontologia3py,human,85,0,0,0,85,A
rommy_traversi,Rommy Traversi,https://www.instagram.com/rommy_traversi,2094189703,,protectiondentalcenter,human,85,0,0,0,85,A
pamela_frutos,Pamela Frutos,https://www.instagram.com/pamela_frutos,2095416851,,protectiondentalcenter,human,85,0,0,0,85,A
mahinur_berilgen,Mahinur Berilgen,https://www.instagram.com/mahinur_berilgen,2095704354,,protectiondentalcenter,human,85,0,0,0,85,A
angiee_samaniego,Angie Samaniego,https://www.instagram.com/angiee_samaniego,2095741152,,protectiondentalcenter,human,85,0,0,0,85,A
rocio_segoviac,Rocio Segovia,https://www.instagram.com/rocio_segoviac,2096508457,,protectiondentalcenter,human,85,0,0,0,85,A
daniela_paolino,Daniela Paolino,https://www.instagram.com/daniela_paolino,2096703993,,protectiondentalcenter,human,85,0,0,0,85,A
parola_vega,Parola Vega,https://www.instagram.com/parola_vega,2099242092,,protectiondentalcenter,human,85,0,0,0,85,A
meli_qg,Melissa Quiñonez,https://www.instagram.com/meli_qg,2100630353,,protectiondentalcenter,human,85,0,0,0,85,A
willian_taboada,Willian Taboada,https://www.instagram.com/willian_taboada,2100910600,,odontologia3py,human,85,0,0,0,85,A
tania_yilena,Yilena Hernandez,https://www.instagram.com/tania_yilena,2103217905,,protectiondentalcenter,human,85,0,0,0,85,A
berenice_monje,Berenice Monje,https://www.instagram.com/berenice_monje,2105120712,,protectiondentalcenter,human,85,0,0,0,85,A
bibiana_capuzzuca,Bibiana Capuzzuca,https://www.instagram.com/bibiana_capuzzuca,2105737445,,protectiondentalcenter,human,85,0,0,0,85,A
robledo_laura,Laura Robledo,https://www.instagram.com/robledo_laura,2106114254,,protectiondentalcenter,human,85,0,0,0,85,A
lida_vera,Lida Vera,https://www.instagram.com/lida_vera,2106600280,,protectiondentalcenter,human,85,0,0,0,85,A
checha_periale,Cecilia Periale,https://www.instagram.com/checha_periale,2107944887,,protectiondentalcenter,human,85,0,0,0,85,A
clara_rivaldi,Clara Rivaldi,https://www.instagram.com/clara_rivaldi,2108126193,,protectiondentalcenter,human,85,0,0,0,85,A
lissett_wittgreen,Lissett Wittgreen,https://www.instagram.com/lissett_wittgreen,2109714079,,protectiondentalcenter,human,85,0,0,0,85,A
soniaa_hv,Sonia Vazquez,https://www.instagram.com/soniaa_hv,2109923181,,odontologia3py,human,85,0,0,0,85,A
mar_enlaplaya,Marcela Montealegre,https://www.instagram.com/mar_enlaplaya,21122752110,,protectiondentalcenter,human,85,0,0,0,85,A
salfer_nat,Natalia Salinas,https://www.instagram.com/salfer_nat,2113081638,,protectiondentalcenter,human,85,0,0,0,85,A
grisel_acuna,Grisel Acuña,https://www.instagram.com/grisel_acuna,2114154806,,protectiondentalcenter,human,85,0,0,0,85,A
jaquelin_montiel,Jaquelin Montiel,https://www.instagram.com/jaquelin_montiel,2114450968,,protectiondentalcenter,human,85,0,0,0,85,A
an_rojasss,Andrea Rojas,https://www.instagram.com/an_rojasss,21153344758,,protectiondentalcenter,human,85,0,0,0,85,A
grisy_cv,Gris Toriz,https://www.instagram.com/grisy_cv,2116650145,,protectiondentalcenter,human,85,0,0,0,85,A
aranda_paty,Paty Aranda,https://www.instagram.com/aranda_paty,2117805524,,odontospy,human,85,0,0,0,85,A
sonia_charmy,Sonya Molina,https://www.instagram.com/sonia_charmy,2118197185,,protectiondentalcenter,human,85,0,0,0,85,A
mel_tejerina,Melvy Paredes,https://www.instagram.com/mel_tejerina,2118252867,,protectiondentalcenter,human,85,0,0,0,85,A
servin_fabi,Fabi Servin,https://www.instagram.com/servin_fabi,2119976780,,protectiondentalcenter,human,85,0,0,0,85,A
eve_haudenschild,Eveliin Haudenschild,https://www.instagram.com/eve_haudenschild,2120151088,,protectiondentalcenter,human,85,0,0,0,85,A
danyela_fabrizio,Daniela Mendoza,https://www.instagram.com/danyela_fabrizio,2122005740,,protectiondentalcenter,human,85,0,0,0,85,A
betty_did,Beatriz Torres,https://www.instagram.com/betty_did,2122641490,,protectiondentalcenter,human,85,0,0,0,85,A
vero_romaguera,Vero Romaguera,https://www.instagram.com/vero_romaguera,21228749120,,odontologia3py,human,85,0,0,0,85,A
quiro_marce,Marcela Quiroga,https://www.instagram.com/quiro_marce,21250719470,,protectiondentalcenter,human,85,0,0,0,85,A
lili_valenzuelaa,Liliana Valenzuela,https://www.instagram.com/lili_valenzuelaa,2125799635,,protectiondentalcenter,human,85,0,0,0,85,A
marle_nu,Marlene Nuñez,https://www.instagram.com/marle_nu,2127517771,,protectiondentalcenter,human,85,0,0,0,85,A
sosa_gab,Gabriel Sosa,https://www.instagram.com/sosa_gab,2127618225,,odontologia3py,human,85,0,0,0,85,A
nathy_encisomz,Nathalia Enciso,https://www.instagram.com/nathy_encisomz,2128444943,,protectiondentalcenter,human,85,0,0,0,85,A
sergio_sanchezfit,Sergio Sanchez,https://www.instagram.com/sergio_sanchezfit,21288084345,,protectiondentalcenter,human,85,0,0,0,85,A
guglielmi_filomena,Flora Guglielmi,https://www.instagram.com/guglielmi_filomena,21297707751,,protectiondentalcenter,human,85,0,0,0,85,A
valeria_garcete,Valeria Garcete,https://www.instagram.com/valeria_garcete,2130056192,,protectiondentalcenter,human,85,0,0,0,85,A
atelie_gracaalmeidaa,Graca Almeida,https://www.instagram.com/atelie_gracaalmeidaa,21309597698,,protectiondentalcenter,human,85,0,0,0,85,A
cristina_signorino,Cristina Signorino,https://www.instagram.com/cristina_signorino,213097629,,odontologia3py,human,85,0,0,0,85,A
nora_rosado,Nora Pink,https://www.instagram.com/nora_rosado,2131022431,,protectiondentalcenter,human,85,0,0,0,85,A
mi_mima,Mima Mi,https://www.instagram.com/mi_mima,2134527071,,protectiondentalcenter,human,85,0,0,0,85,A
anto_tulio,Anto Tulio,https://www.instagram.com/anto_tulio,2134546975,,protectiondentalcenter,human,85,0,0,0,85,A
santiago_ocampos,Santiago Ocampos,https://www.instagram.com/santiago_ocampos,2137907359,,odontospy,human,85,0,0,0,85,A
gonul_canga,Gonul Canga,https://www.instagram.com/gonul_canga,2138045922,,protectiondentalcenter,human,85,0,0,0,85,A
ru_salinas,Ruben Salinas,https://www.instagram.com/ru_salinas,2138059504,,protectiondentalcenter,human,85,0,0,0,85,A
evelyn_tabilo,Evelyn Tabilo,https://www.instagram.com/evelyn_tabilo,21380977914,,protectiondentalcenter,human,85,0,0,0,85,A
idu_cv,Idania Catania,https://www.instagram.com/idu_cv,2139054308,,protectiondentalcenter,human,85,0,0,0,85,A
carol_tattiana,Carol Aguero,https://www.instagram.com/carol_tattiana,2142620430,,protectiondentalcenter,human,85,0,0,0,85,A
marisza_prieto,Prieto Marisza,https://www.instagram.com/marisza_prieto,2142748931,,protectiondentalcenter,human,85,0,0,0,85,A
lucia_feliixx,Lucia Felix,https://www.instagram.com/lucia_feliixx,21429958982,,protectiondentalcenter,human,85,0,0,0,85,A
cuenca_alej,Cuenca Alejandra,https://www.instagram.com/cuenca_alej,21430351358,,odontospy,human,85,0,0,0,85,A
nonohamigurumi_copiapo,Norett Herrera,https://www.instagram.com/nonohamigurumi_copiapo,21451443210,,protectiondentalcenter,human,85,0,0,0,85,A
lala_satoff,Nadia Satoff,https://www.instagram.com/lala_satoff,214538240,,odontologia3py,human,85,0,0,0,85,A
lau_mallorquin,Laura Mallorquin,https://www.instagram.com/lau_mallorquin,214587983,,odontologia3py,human,85,0,0,0,85,A
na_butros,Nano Ibrahim,https://www.instagram.com/na_butros,2150786145,,protectiondentalcenter,human,85,0,0,0,85,A
lizeth_oderal,Lizeth Oderal,https://www.instagram.com/lizeth_oderal,2153928774,,protectiondentalcenter,human,85,0,0,0,85,A
leti_msosa,Leticia Martinez,https://www.instagram.com/leti_msosa,2154169370,,protectiondentalcenter,human,85,0,0,0,85,A
vivi_espinoza,Vivian Espinoza,https://www.instagram.com/vivi_espinoza,215808821,,odontologia3py,human,85,0,0,0,85,A
mica_gomezv,Mica Gomez,https://www.instagram.com/mica_gomezv,2158415931,,protectiondentalcenter,human,85,0,0,0,85,A
cab_marlene,Marle Mendoza,https://www.instagram.com/cab_marlene,2161314133,,protectiondentalcenter,human,85,0,0,0,85,A
jahi_kaewprasert,Jahi Kaewprasert,https://www.instagram.com/jahi_kaewprasert,2162783499,,protectiondentalcenter,human,85,0,0,0,85,A
cecilia_astigarraga,Cecilia Astigarraga,https://www.instagram.com/cecilia_astigarraga,2164065682,,odontologia3py,human,85,0,0,0,85,A
vess_mancuello,Vessna Mancuello,https://www.instagram.com/vess_mancuello,2164687655,,odontospy,human,85,0,0,0,85,A
paris_johan,Johanna Nuñez,https://www.instagram.com/paris_johan,2167186350,,protectiondentalcenter,human,85,0,0,0,85,A
lim_trinidad,Lim Trinidad,https://www.instagram.com/lim_trinidad,21678243790,,odontospy,human,85,0,0,0,85,A
leti_zaldivar,Leti Zaldivar,https://www.instagram.com/leti_zaldivar,217164315,,protectiondentalcenter,human,85,0,0,0,85,A
pam_zalazar,Pamela Zalazar,https://www.instagram.com/pam_zalazar,2174204240,,protectiondentalcenter,human,85,0,0,0,85,A
naty_arrua,Natalia Arrua,https://www.instagram.com/naty_arrua,2175902700,,odontospy,human,85,0,0,0,85,A
neuman_evelyn,Evelyn Neuman,https://www.instagram.com/neuman_evelyn,2177368175,,protectiondentalcenter,human,85,0,0,0,85,A
lorenoe_ok,Lorena Lezcano,https://www.instagram.com/lorenoe_ok,2178746298,,odontologia3py,human,85,0,0,0,85,A
ru_josefina,Rusella Jimenez,https://www.instagram.com/ru_josefina,2178826995,,protectiondentalcenter,human,85,0,0,0,85,A
marisela_bosco,Marisela Gonzalez,https://www.instagram.com/marisela_bosco,2178994081,,protectiondentalcenter,human,85,0,0,0,85,A
mareco_vicky,Vicky Mareco,https://www.instagram.com/mareco_vicky,2182681310,,odontologia3py,human,85,0,0,0,85,A
noegui_clst,Noemi Guillen,https://www.instagram.com/noegui_clst,2182789208,,odontologia3py,human,85,0,0,0,85,A
dani_vior,Daniel Villagra,https://www.instagram.com/dani_vior,2182840846,,protectiondentalcenter,human,85,0,0,0,85,A
raquii_montiel,Raquii Valdez,https://www.instagram.com/raquii_montiel,2183074373,,protectiondentalcenter,human,85,0,0,0,85,A
hildereyes_tl,Hildelisa Reyes,https://www.instagram.com/hildereyes_tl,21854583314,,protectiondentalcenter,human,85,0,0,0,85,A
gleyciane_csilvaa,Gleyssy Silva,https://www.instagram.com/gleyciane_csilvaa,21881484943,,protectiondentalcenter,human,85,0,0,0,85,A
estefiacosta_fox,Estefania Acosta,https://www.instagram.com/estefiacosta_fox,218997558,,protectiondentalcenter,human,85,0,0,0,85,A
rouss_roser,Roser Rouss,https://www.instagram.com/rouss_roser,2191091671,,protectiondentalcenter,human,85,0,0,0,85,A
pazro_das,Lola Rodas,https://www.instagram.com/pazro_das,21925883506,,protectiondentalcenter,human,85,0,0,0,85,A
gb_eliii,Leidy Egb,https://www.instagram.com/gb_eliii,219383076,,protectiondentalcenter,human,85,0,0,0,85,A
tania_pankow,Tania Pankow,https://www.instagram.com/tania_pankow,2194119863,,protectiondentalcenter,human,85,0,0,0,85,A
evelyn_sofy,Sofy Diaz,https://www.instagram.com/evelyn_sofy,2194122853,,protectiondentalcenter,human,85,0,0,0,85,A
luis_lopezooo,Luis Lopez,https://www.instagram.com/luis_lopezooo,2197753552,,protectiondentalcenter,human,85,0,0,0,85,A
mariel_cantero,Mariela Cantero,https://www.instagram.com/mariel_cantero,2198029785,,protectiondentalcenter,human,85,0,0,0,85,A
clizia_mosca,Clizia Mosca,https://www.instagram.com/clizia_mosca,2198272700,,protectiondentalcenter,human,85,0,0,0,85,A
pattybelen_irala,Patty Irala,https://www.instagram.com/pattybelen_irala,2198874102,,odontologia3py,human,85,0,0,0,85,A
vere_morel,Morel Vere,https://www.instagram.com/vere_morel,2200573882,,protectiondentalcenter,human,85,0,0,0,85,A
quintana_betsy,Betsy Quintana,https://www.instagram.com/quintana_betsy,22031905272,,protectiondentalcenter,human,85,0,0,0,85,A
lilia_bermudez,Lilia Bermudez,https://www.instagram.com/lilia_bermudez,2203971528,,protectiondentalcenter,human,85,0,0,0,85,A
mimi_alvarezr,Mimi Alvarez,https://www.instagram.com/mimi_alvarezr,2205280859,,protectiondentalcenter,human,85,0,0,0,85,A
nc_sant,Cn Santana,https://www.instagram.com/nc_sant,220530167,,protectiondentalcenter,human,85,0,0,0,85,A
analia_marl,Analia Caballero,https://www.instagram.com/analia_marl,2205512923,,odontologia3py,human,85,0,0,0,85,A
chris_brizuela,Christian Brizuela,https://www.instagram.com/chris_brizuela,2207133504,,odontospy,human,85,0,0,0,85,A
francis_mode,Francis Mode,https://www.instagram.com/francis_mode,2210039367,,protectiondentalcenter,human,85,0,0,0,85,A
lili_chavezzz,Lili Chavez,https://www.instagram.com/lili_chavezzz,2210275868,,protectiondentalcenter,human,85,0,0,0,85,A
luisa_belly,Arabelly Roque,https://www.instagram.com/luisa_belly,2210466310,,protectiondentalcenter,human,85,0,0,0,85,A
ricarte_claudia,Claudia Ricarte,https://www.instagram.com/ricarte_claudia,2213081053,,protectiondentalcenter,human,85,0,0,0,85,A
acosta_villasboa,Diego Acosta,https://www.instagram.com/acosta_villasboa,2213123941,,protectiondentalcenter,human,85,0,0,0,85,A
nancy_riosss,Nancy Rios,https://www.instagram.com/nancy_riosss,2213923627,,protectiondentalcenter,human,85,0,0,0,85,A
cris_parodi,Cris Parodi,https://www.instagram.com/cris_parodi,2214218807,,protectiondentalcenter,human,85,0,0,0,85,A
silvanaa_anjos,Silvana Anjos,https://www.instagram.com/silvanaa_anjos,22155296658,,protectiondentalcenter,human,85,0,0,0,85,A
cin_avalos,Cinthia Avalos,https://www.instagram.com/cin_avalos,2216056576,,odontologia3py,human,85,0,0,0,85,A
sesi_romero,Sesi Romero,https://www.instagram.com/sesi_romero,2216424841,,protectiondentalcenter,human,85,0,0,0,85,A
yany_gamarra,Yanina Gamarra,https://www.instagram.com/yany_gamarra,22187715490,,protectiondentalcenter,human,85,0,0,0,85,A
jissela_peralta,Jissela Peralta,https://www.instagram.com/jissela_peralta,2219101374,,odontospy,human,85,0,0,0,85,A
pastor_gabriela,Gabriela Pastor,https://www.instagram.com/pastor_gabriela,2219303440,,protectiondentalcenter,human,85,0,0,0,85,A
becker_perla,Perla Becker,https://www.instagram.com/becker_perla,2219527884,,odontologia3py,human,85,0,0,0,85,A
jhoni_diazm,Jonathan Diaz,https://www.instagram.com/jhoni_diazm,2220862826,,odontospy,human,85,0,0,0,85,A
diaz_zullyyy,Zully Diaz,https://www.instagram.com/diaz_zullyyy,2222177165,,protectiondentalcenter,human,85,0,0,0,85,A
adina_neres,Adina Neres,https://www.instagram.com/adina_neres,222255692,,protectiondentalcenter,human,85,0,0,0,85,A
romy_querey,Romy Querey,https://www.instagram.com/romy_querey,2224563973,,protectiondentalcenter,human,85,0,0,0,85,A
cata_fretes,Cata Fretes,https://www.instagram.com/cata_fretes,2224866210,,odontologia3py,human,85,0,0,0,85,A
cano_hugodaniel,Daniel Cano,https://www.instagram.com/cano_hugodaniel,22249983869,,protectiondentalcenter,human,85,0,0,0,85,A
mercado_susana,Susana Mercado,https://www.instagram.com/mercado_susana,2225873403,,protectiondentalcenter,human,85,0,0,0,85,A
matias_garrido,Matias Garrido,https://www.instagram.com/matias_garrido,222592809,,odontologia3py,human,85,0,0,0,85,A
solchu_gar,Sol Garcia,https://www.instagram.com/solchu_gar,2227470072,,odontospy,human,85,0,0,0,85,A
danielle_flamant,Danielle Flamant,https://www.instagram.com/danielle_flamant,2229426694,,protectiondentalcenter,human,85,0,0,0,85,A
tonygaona_rad,Tony Gaona,https://www.instagram.com/tonygaona_rad,2231161738,,odontospy,human,85,0,0,0,85,A
alma_moragas,Alma Moragas,https://www.instagram.com/alma_moragas,2231813966,,protectiondentalcenter,human,85,0,0,0,85,A
elvi_caceres,Elvi Caceres,https://www.instagram.com/elvi_caceres,2232035790,,protectiondentalcenter,human,85,0,0,0,85,A
nina_persempre,Anna Misuraca,https://www.instagram.com/nina_persempre,223337727,,protectiondentalcenter,human,85,0,0,0,85,A
lorebea_franco,Lore Caballero,https://www.instagram.com/lorebea_franco,2236477081,,odontospy,human,85,0,0,0,85,A
vicky_ortizgui,Victoria Ortiz,https://www.instagram.com/vicky_ortizgui,223723898,,odontospy,human,85,0,0,0,85,A
eridania_bisono,Eridania Bisono,https://www.instagram.com/eridania_bisono,2237721858,,protectiondentalcenter,human,85,0,0,0,85,A
bebushk_martinez,Cinthia Martinez,https://www.instagram.com/bebushk_martinez,2238164401,,protectiondentalcenter,human,85,0,0,0,85,A
lela_sanco,Lela Sanco,https://www.instagram.com/lela_sanco,2238173019,,protectiondentalcenter,human,85,0,0,0,85,A
vicki_anhazco,Vicki Anhazco,https://www.instagram.com/vicki_anhazco,2238437226,,protectiondentalcenter,human,85,0,0,0,85,A
anto_brizuelaa,Anto Brizuela,https://www.instagram.com/anto_brizuelaa,2238473224,,protectiondentalcenter,human,85,0,0,0,85,A
sarit_tayar,Sarit Tayar,https://www.instagram.com/sarit_tayar,2239588651,,protectiondentalcenter,human,85,0,0,0,85,A
yssabel_burgos,Ysabel Burgos,https://www.instagram.com/yssabel_burgos,2241200294,,protectiondentalcenter,human,85,0,0,0,85,A
ugly_mat,Mathew Frutos,https://www.instagram.com/ugly_mat,2242244332,,protectiondentalcenter,human,85,0,0,0,85,A
monyy_almeida,Simone Almeida,https://www.instagram.com/monyy_almeida,2242403817,,protectiondentalcenter,human,85,0,0,0,85,A
liz_toledovillagra,Liz Toledo,https://www.instagram.com/liz_toledovillagra,2242948352,,protectiondentalcenter,human,85,0,0,0,85,A
lari_gayozoq,Fanny Gayozo,https://www.instagram.com/lari_gayozoq,2243038663,,odontospy,human,85,0,0,0,85,A
milena_alvrz,Milena Alvarez,https://www.instagram.com/milena_alvrz,2243130315,,odontologia3py,human,85,0,0,0,85,A
riquelme_milki,Milka Riquelme,https://www.instagram.com/riquelme_milki,2244106083,,protectiondentalcenter,human,85,0,0,0,85,A
mitch_oficial,Mitchell Serrano,https://www.instagram.com/mitch_oficial,2244367430,,odontologia3py,human,85,0,0,0,85,A
sandoval_cele,Celeste Sandoval,https://www.instagram.com/sandoval_cele,2244747592,,odontologia3py,human,85,0,0,0,85,A
analu_recalde,Ana Recalde,https://www.instagram.com/analu_recalde,2247583976,,protectiondentalcenter,human,85,0,0,0,85,A
ricarda_meza,Ricarda Meza,https://www.instagram.com/ricarda_meza,22483697400,,protectiondentalcenter,human,85,0,0,0,85,A
isme_perez,Ismenia Perez,https://www.instagram.com/isme_perez,224887545,,protectiondentalcenter,human,85,0,0,0,85,A
ara_goiris,Araceli Goiris,https://www.instagram.com/ara_goiris,2249302527,,protectiondentalcenter,human,85,0,0,0,85,A
carol_balma,Carol Pineda,https://www.instagram.com/carol_balma,2251254731,,protectiondentalcenter,human,85,0,0,0,85,A
natalia_chobotar,Nataliya Chobotar,https://www.instagram.com/natalia_chobotar,2251516690,,protectiondentalcenter,human,85,0,0,0,85,A
mo_nikaxx,Mo Nika,https://www.instagram.com/mo_nikaxx,2251577841,,protectiondentalcenter,human,85,0,0,0,85,A
trujillo_marie,Elizabeth Trujillo,https://www.instagram.com/trujillo_marie,225562589,,protectiondentalcenter,human,85,0,0,0,85,A
nina_cento,Cento Antonietta,https://www.instagram.com/nina_cento,2256776904,,protectiondentalcenter,human,85,0,0,0,85,A
krn_aq,Kren Acuna,https://www.instagram.com/krn_aq,225699235,,protectiondentalcenter,human,85,0,0,0,85,A
gissell_galeano,Gissell Galeano,https://www.instagram.com/gissell_galeano,2258145166,,protectiondentalcenter,human,85,0,0,0,85,A
ceci_beltrand,Ceci Beltran,https://www.instagram.com/ceci_beltrand,2258198328,,protectiondentalcenter,human,85,0,0,0,85,A
pasquy_nicastro,Pasqualina Nicastro,https://www.instagram.com/pasquy_nicastro,2258584068,,protectiondentalcenter,human,85,0,0,0,85,A
avila_luciana,Luciana Avila,https://www.instagram.com/avila_luciana,2260538277,,protectiondentalcenter,human,85,0,0,0,85,A
ariel_chena,Ariel Chena,https://www.instagram.com/ariel_chena,2260661915,,odontospy,human,85,0,0,0,85,A
cyn_palacioss,Cynthia Palacios,https://www.instagram.com/cyn_palacioss,226110606,,protectiondentalcenter,human,85,0,0,0,85,A
anyely_villalba,Angie Villalba,https://www.instagram.com/anyely_villalba,2261143770,,protectiondentalcenter,human,85,0,0,0,85,A
marthus_arroca,Arroca Marta,https://www.instagram.com/marthus_arroca,2261293260,,protectiondentalcenter,human,85,0,0,0,85,A
naby_cb,Nabila Brun,https://www.instagram.com/naby_cb,226151420,,protectiondentalcenter,human,85,0,0,0,85,A
daniela_giannone,Daniela Giannone,https://www.instagram.com/daniela_giannone,2264356547,,protectiondentalcenter,human,85,0,0,0,85,A
kegmis_nino,Kegmis Niño,https://www.instagram.com/kegmis_nino,2266446060,,protectiondentalcenter,human,85,0,0,0,85,A
pakize_havuc,Pakize Havuc,https://www.instagram.com/pakize_havuc,2267028070,,protectiondentalcenter,human,85,0,0,0,85,A
mariana_maghiar,Maghiar Mariana,https://www.instagram.com/mariana_maghiar,2267254585,,protectiondentalcenter,human,85,0,0,0,85,A
ahyrini_chaparro,Ahyrini Chaparro,https://www.instagram.com/ahyrini_chaparro,2268985046,,protectiondentalcenter,human,85,0,0,0,85,A
liza_frutos,Liza Frutos,https://www.instagram.com/liza_frutos,2270057328,,odontologia3py,human,85,0,0,0,85,A
anlu_almiron,Anlu Almiron,https://www.instagram.com/anlu_almiron,2270282168,,protectiondentalcenter,human,85,0,0,0,85,A
zabala_gisela,Gisela Zabala,https://www.instagram.com/zabala_gisela,2270561245,,protectiondentalcenter,human,85,0,0,0,85,A
tannya_casariego,Tannya Casariego,https://www.instagram.com/tannya_casariego,2270807097,,protectiondentalcenter,human,85,0,0,0,85,A
cleooliveira_fit,Cleonice Oliveira,https://www.instagram.com/cleooliveira_fit,2270834023,,protectiondentalcenter,human,85,0,0,0,85,A
zav_vida,Vida Zavala,https://www.instagram.com/zav_vida,2272589610,,protectiondentalcenter,human,85,0,0,0,85,A
maryorie_amaro,Maryorie Amaro,https://www.instagram.com/maryorie_amaro,2279514746,,protectiondentalcenter,human,85,0,0,0,85,A
martita_vega,Marta Vega,https://www.instagram.com/martita_vega,228283312,,odontologia3py,human,85,0,0,0,85,A
cris_insau,Cris Insaurralde,https://www.instagram.com/cris_insau,2283548526,,protectiondentalcenter,human,85,0,0,0,85,A
briana_lalcantar,Briana Alcantarr,https://www.instagram.com/briana_lalcantar,2287894862,,protectiondentalcenter,human,85,0,0,0,85,A
carolina_levin,Carolina Levin,https://www.instagram.com/carolina_levin,2291015202,,protectiondentalcenter,human,85,0,0,0,85,A
kathia_betancourt,Kathia Betancourt,https://www.instagram.com/kathia_betancourt,2291178089,,protectiondentalcenter,human,85,0,0,0,85,A
ma_ody,Maria Ovelar,https://www.instagram.com/ma_ody,2291864449,,protectiondentalcenter,human,85,0,0,0,85,A
natthy_romero,Liz Romero,https://www.instagram.com/natthy_romero,2293910216,,odontospy,human,85,0,0,0,85,A
perla_gavilan,Perla Gavilan,https://www.instagram.com/perla_gavilan,2296099625,,odontospy,human,85,0,0,0,85,A
vane_vilella,Vane Vilella,https://www.instagram.com/vane_vilella,2296670865,,protectiondentalcenter,human,85,0,0,0,85,A
tonhi_romero,Anto Romero,https://www.instagram.com/tonhi_romero,2297780586,,protectiondentalcenter,human,85,0,0,0,85,A
perozo_freddy,Freddy Perozo,https://www.instagram.com/perozo_freddy,22987563710,,odontologia3py,human,85,0,0,0,85,A
liza_orella,Martha Orella,https://www.instagram.com/liza_orella,230102178,,protectiondentalcenter,human,85,0,0,0,85,A
ioana_curta,Ioana Curta,https://www.instagram.com/ioana_curta,2303149119,,protectiondentalcenter,human,85,0,0,0,85,A
lucy_britos,Lucia Britos,https://www.instagram.com/lucy_britos,2304132054,,odontologia3py,human,85,0,0,0,85,A
rochi_gonz,Rochi Gonzalez,https://www.instagram.com/rochi_gonz,2304192949,,protectiondentalcenter,human,85,0,0,0,85,A
sany_lezcano,Sany Lezcano,https://www.instagram.com/sany_lezcano,23044829239,,odontospy,human,85,0,0,0,85,A
molinas_lizbeth,Lizbeth Molinas,https://www.instagram.com/molinas_lizbeth,23055831577,,protectiondentalcenter,human,85,0,0,0,85,A
candia_rocio,Luki Candia,https://www.instagram.com/candia_rocio,2305818173,,protectiondentalcenter,human,85,0,0,0,85,A
marly_encina,Marly Encina,https://www.instagram.com/marly_encina,2307807951,,protectiondentalcenter,human,85,0,0,0,85,A
nil_rotela,Nilda Rotela,https://www.instagram.com/nil_rotela,2308202893,,protectiondentalcenter,human,85,0,0,0,85,A
antonia_aguiargi,Antonia Aguiar,https://www.instagram.com/antonia_aguiargi,2308465435,,protectiondentalcenter,human,85,0,0,0,85,A
aliende_jessy,Jessy Aliende,https://www.instagram.com/aliende_jessy,2308547085,,protectiondentalcenter,human,85,0,0,0,85,A
belen_centurionp,Belen Centurion,https://www.instagram.com/belen_centurionp,2310888424,,odontospy,human,85,0,0,0,85,A
alba_eliam,Alba Ramos,https://www.instagram.com/alba_eliam,2311015172,,protectiondentalcenter,human,85,0,0,0,85,A
karina_azuaga,Karina Azuaga,https://www.instagram.com/karina_azuaga,2313296663,,protectiondentalcenter,human,85,0,0,0,85,A
danijela_art,Danijela Blagojevic,https://www.instagram.com/danijela_art,2314258265,,protectiondentalcenter,human,85,0,0,0,85,A
ocaro_lopez,Olivia Lopez,https://www.instagram.com/ocaro_lopez,2315387198,,protectiondentalcenter,human,85,0,0,0,85,A
perlaa_griss,Perla Benitez,https://www.instagram.com/perlaa_griss,2315527282,,protectiondentalcenter,human,85,0,0,0,85,A
alexita_romerios,Alexandra Romero,https://www.instagram.com/alexita_romerios,231732581,,protectiondentalcenter,human,85,0,0,0,85,A
marecos_marie,Marie Marecos,https://www.instagram.com/marecos_marie,2319182423,,odontologia3py,human,85,0,0,0,85,A
yuli_ocampos,Yuli Ocampos,https://www.instagram.com/yuli_ocampos,2321041796,,protectiondentalcenter,human,85,0,0,0,85,A
arq_cyntorrest,Cynthia Torres,https://www.instagram.com/arq_cyntorrest,2324035112,,protectiondentalcenter,human,85,0,0,0,85,A
cristia_martinss,Cristia Martins,https://www.instagram.com/cristia_martinss,2324041257,,protectiondentalcenter,human,85,0,0,0,85,A
mirta_coronel,Mirta Coronel,https://www.instagram.com/mirta_coronel,2325557909,,protectiondentalcenter,human,85,0,0,0,85,A
sosa_ysabel,Ysabel Sosa,https://www.instagram.com/sosa_ysabel,2325829716,,odontospy,human,85,0,0,0,85,A
avalos_kely,Kely Avalos,https://www.instagram.com/avalos_kely,2325915876,,odontologia3py,human,85,0,0,0,85,A
lorena_kuriluk,Lorena Kuriluk,https://www.instagram.com/lorena_kuriluk,2327546791,,odontologia3py,human,85,0,0,0,85,A
ferreira_irma,Irma Ferreira,https://www.instagram.com/ferreira_irma,2327817076,,protectiondentalcenter,human,85,0,0,0,85,A
gomez_yanny,Gomez Yanny,https://www.instagram.com/gomez_yanny,2328291253,,odontospy,human,85,0,0,0,85,A
eli_villasboa,Eli Villasboa,https://www.instagram.com/eli_villasboa,23286316966,,protectiondentalcenter,human,85,0,0,0,85,A
richard_watler,Richard Watler,https://www.instagram.com/richard_watler,2328987991,,protectiondentalcenter,human,85,0,0,0,85,A
jade_jonas,Suheil Bracetti,https://www.instagram.com/jade_jonas,232919984,,protectiondentalcenter,human,85,0,0,0,85,A
lili_insfran,Lili Insfran,https://www.instagram.com/lili_insfran,23294999388,,protectiondentalcenter,human,85,0,0,0,85,A
bohemian_riquelmemir,Enopu Lencia,https://www.instagram.com/bohemian_riquelmemir,2329926758,,protectiondentalcenter,human,85,0,0,0,85,A
saldivar_yissela,Yissela Saldivar,https://www.instagram.com/saldivar_yissela,2330575272,,protectiondentalcenter,human,85,0,0,0,85,A
silke_bestmann,Silke Bestmann,https://www.instagram.com/silke_bestmann,23329119822,,protectiondentalcenter,human,85,0,0,0,85,A
jelsi_bogado,Jelsi Bogado,https://www.instagram.com/jelsi_bogado,23340492478,,protectiondentalcenter,human,85,0,0,0,85,A
leo_gonzalezch,Favio Naranjo,https://www.instagram.com/leo_gonzalezch,2334352590,,protectiondentalcenter,human,85,0,0,0,85,A
silvita_scarcella,Silvia Scarcella,https://www.instagram.com/silvita_scarcella,2336119364,,protectiondentalcenter,human,85,0,0,0,85,A
marite_arevalos,Marite Arevalos,https://www.instagram.com/marite_arevalos,2336249586,,protectiondentalcenter,human,85,0,0,0,85,A
napolitano_cristina,Cristina Napolitano,https://www.instagram.com/napolitano_cristina,2337350340,,protectiondentalcenter,human,85,0,0,0,85,A
gisselle_xxh,Elle Alonzo,https://www.instagram.com/gisselle_xxh,2340817049,,protectiondentalcenter,human,85,0,0,0,85,A
farina_cesar,Cesar Fariña,https://www.instagram.com/farina_cesar,2340928958,,protectiondentalcenter,human,85,0,0,0,85,A
esra_aygin,Esra Aygin,https://www.instagram.com/esra_aygin,234304477,,protectiondentalcenter,human,85,0,0,0,85,A
tamara_ahuad,Tamara Ahuad,https://www.instagram.com/tamara_ahuad,2343666220,,protectiondentalcenter,human,85,0,0,0,85,A
sabry_andino,Sabry Andino,https://www.instagram.com/sabry_andino,234647472,,protectiondentalcenter,human,85,0,0,0,85,A
xime_perines,Ximena Perines,https://www.instagram.com/xime_perines,2349349159,,protectiondentalcenter,human,85,0,0,0,85,A
carita_sucia,Ana Molero,https://www.instagram.com/carita_sucia,2349883862,,protectiondentalcenter,human,85,0,0,0,85,A
cecilia_cecere,Cecilia Cecere,https://www.instagram.com/cecilia_cecere,2350088713,,protectiondentalcenter,human,85,0,0,0,85,A
liz_lesme,Liz Lesme,https://www.instagram.com/liz_lesme,2358464717,,protectiondentalcenter,human,85,0,0,0,85,A
merche_penalba,Merche Peñalba,https://www.instagram.com/merche_penalba,2359194484,,protectiondentalcenter,human,85,0,0,0,85,A
marcia_nique,Marcia Ramos,https://www.instagram.com/marcia_nique,2359333827,,protectiondentalcenter,human,85,0,0,0,85,A
marilena_uda,Marilena Uda,https://www.instagram.com/marilena_uda,2359610708,,protectiondentalcenter,human,85,0,0,0,85,A
mir_villasboa,Mirna Villasboa,https://www.instagram.com/mir_villasboa,236811490,,protectiondentalcenter,human,85,0,0,0,85,A
pauli_servin,Paulina Servin,https://www.instagram.com/pauli_servin,2369650733,,protectiondentalcenter,human,85,0,0,0,85,A
vanessita_balbue,Vane Balbuena,https://www.instagram.com/vanessita_balbue,2369672664,,protectiondentalcenter,human,85,0,0,0,85,A
natalialopez_super,Natalia Lopez,https://www.instagram.com/natalialopez_super,23702382670,,protectiondentalcenter,human,85,0,0,0,85,A
nil_insgonz,Nil Insgonz,https://www.instagram.com/nil_insgonz,2370590978,,protectiondentalcenter,human,85,0,0,0,85,A
tania_echenique,Tania Echenique,https://www.instagram.com/tania_echenique,237323746,,protectiondentalcenter,human,85,0,0,0,85,A
miriam_jurkova,Miriam Jurkova,https://www.instagram.com/miriam_jurkova,2373799017,,protectiondentalcenter,human,85,0,0,0,85,A
shirley_noeliaa,Shirley Miño,https://www.instagram.com/shirley_noeliaa,2373861342,,protectiondentalcenter,human,85,0,0,0,85,A
merita_pacuku,Rita Pacuku,https://www.instagram.com/merita_pacuku,2376837477,,protectiondentalcenter,human,85,0,0,0,85,A
evelyn_jml,Jessica Milla,https://www.instagram.com/evelyn_jml,2379773111,,protectiondentalcenter,human,85,0,0,0,85,A
norma_cubillalo,Norma Cubilla,https://www.instagram.com/norma_cubillalo,23804144088,,odontospy,human,85,0,0,0,85,A
ar_liam,Lia Araujo,https://www.instagram.com/ar_liam,239543131,,odontologia3py,human,85,0,0,0,85,A
ibanez_claudita,Claudia Ibañez,https://www.instagram.com/ibanez_claudita,2403033417,,protectiondentalcenter,human,85,0,0,0,85,A
aranda_jess,Jessica Aranda,https://www.instagram.com/aranda_jess,2403884050,,odontospy,human,85,0,0,0,85,A
oxsana_lukaschewitsch,Oksana Lukaschewitsch,https://www.instagram.com/oxsana_lukaschewitsch,24071547990,,protectiondentalcenter,human,85,0,0,0,85,A
mareki_arias,Mareki Arias,https://www.instagram.com/mareki_arias,243534816,,odontospy,human,85,0,0,0,85,A
kaaguy_memby,Walter Martinez,https://www.instagram.com/kaaguy_memby,2439293083,,protectiondentalcenter,human,85,0,0,0,85,A
ali_gam,Alice Gamarra,https://www.instagram.com/ali_gam,244444538,,odontospy,human,85,0,0,0,85,A
roa_presas,Eli Presas,https://www.instagram.com/roa_presas,245256837,,odontologia3py,human,85,0,0,0,85,A
ivana_brizuela,Ivana Brizuela,https://www.instagram.com/ivana_brizuela,2458971086,,protectiondentalcenter,human,85,0,0,0,85,A
patyc_cabrera,Patty Cabrera,https://www.instagram.com/patyc_cabrera,2459524311,,odontologia3py,human,85,0,0,0,85,A
portillo_zulma,Zulma Portillo,https://www.instagram.com/portillo_zulma,2459767193,,protectiondentalcenter,human,85,0,0,0,85,A
ross_battilana,Ross Battilana,https://www.instagram.com/ross_battilana,24661409503,,protectiondentalcenter,human,85,0,0,0,85,A
arsenia_marin,Arsenia Marin,https://www.instagram.com/arsenia_marin,24808261303,,protectiondentalcenter,human,85,0,0,0,85,A
bel_alva,Bel Alvariza,https://www.instagram.com/bel_alva,248355123,,odontologia3py,human,85,0,0,0,85,A
delujan_ozuna,Delujan Alfonzo,https://www.instagram.com/delujan_ozuna,24883181664,,odontospy,human,85,0,0,0,85,A
arce_liz,Liz Arce,https://www.instagram.com/arce_liz,248899863,,protectiondentalcenter,human,85,0,0,0,85,A
tam_sanabria,Tamara Sanabria,https://www.instagram.com/tam_sanabria,249034067,,protectiondentalcenter,human,85,0,0,0,85,A
sol_sotello,Sol Zotello,https://www.instagram.com/sol_sotello,2490588216,,protectiondentalcenter,human,85,0,0,0,85,A
shyrley_dure,Shyrley Dure,https://www.instagram.com/shyrley_dure,249069532,,protectiondentalcenter,human,85,0,0,0,85,A
raf_pirozzi,Raffaele Pirozzi,https://www.instagram.com/raf_pirozzi,24995893566,,protectiondentalcenter,human,85,0,0,0,85,A
dianit_galeco,Diana Galeano,https://www.instagram.com/dianit_galeco,25008187322,,protectiondentalcenter,human,85,0,0,0,85,A
silvana_beatriz,Silvana Beatriz,https://www.instagram.com/silvana_beatriz,251189874,,protectiondentalcenter,human,85,0,0,0,85,A
kaa_palacios,Karen Palacios,https://www.instagram.com/kaa_palacios,251199871,,protectiondentalcenter,human,85,0,0,0,85,A
mcm_chaves,Mirian Chaves,https://www.instagram.com/mcm_chaves,2513909655,,protectiondentalcenter,human,85,0,0,0,85,A
kattya_evreinoff,Kattya Natasha,https://www.instagram.com/kattya_evreinoff,251492619,,odontospy,human,85,0,0,0,85,A
olivita_vega,Oli Vega,https://www.instagram.com/olivita_vega,2518318539,,protectiondentalcenter,human,85,0,0,0,85,A
ayalita_lili,Lilian Ayala,https://www.instagram.com/ayalita_lili,2519905868,,protectiondentalcenter,human,85,0,0,0,85,A
emilio_orbino,Emilio Orbino,https://www.instagram.com/emilio_orbino,2520656902,,odontospy,human,85,0,0,0,85,A
mimusa_mk,Elvira Ruiz,https://www.instagram.com/mimusa_mk,25207444372,,protectiondentalcenter,human,85,0,0,0,85,A
noelia_velazco,Noelia Velazco,https://www.instagram.com/noelia_velazco,252682773,,protectiondentalcenter,human,85,0,0,0,85,A
steffi_bogado,Steffi Bogado,https://www.instagram.com/steffi_bogado,2529516636,,protectiondentalcenter,human,85,0,0,0,85,A
griselda_falcoo,Griselda Falco,https://www.instagram.com/griselda_falcoo,2534791436,,protectiondentalcenter,human,85,0,0,0,85,A
lauri_nm,Lauri Nuñez,https://www.instagram.com/lauri_nm,2539370780,,protectiondentalcenter,human,85,0,0,0,85,A
anabella_velastiqui,Anabella Velastiqui,https://www.instagram.com/anabella_velastiqui,2541356198,,protectiondentalcenter,human,85,0,0,0,85,A
by_veronikaespinoza,Veronika Espinoza,https://www.instagram.com/by_veronikaespinoza,25460312185,,protectiondentalcenter,human,85,0,0,0,85,A
maciel_andy,Andrea Maciel,https://www.instagram.com/maciel_andy,255311184,,odontologia3py,human,85,0,0,0,85,A
pereira_luma,Marina Irala,https://www.instagram.com/pereira_luma,2554305965,,protectiondentalcenter,human,85,0,0,0,85,A
yady_jv,Jimenez Yady,https://www.instagram.com/yady_jv,2555386934,,protectiondentalcenter,human,85,0,0,0,85,A
grigri_maciel,Grigri Ma,https://www.instagram.com/grigri_maciel,2555454933,,protectiondentalcenter,human,85,0,0,0,85,A
claupa_cos,Clau Cos,https://www.instagram.com/claupa_cos,255848178,,odontologia3py,human,85,0,0,0,85,A
khunn_yim,Anna Yim,https://www.instagram.com/khunn_yim,25748625342,,protectiondentalcenter,human,85,0,0,0,85,A
maxlab_atc,Max Lab,https://www.instagram.com/maxlab_atc,2579839936,,protectiondentalcenter,human,85,0,0,0,85,A
cabrera_lilyy,Liily Cabrera,https://www.instagram.com/cabrera_lilyy,2581532776,,odontospy,human,85,0,0,0,85,A
naty_sal,Veronica Aguero,https://www.instagram.com/naty_sal,258201274,,odontologia3py,human,85,0,0,0,85,A
cami_bachem,Cami Bachem,https://www.instagram.com/cami_bachem,258279567,,protectiondentalcenter,human,85,0,0,0,85,A
gisselle_viera,Sady Viera,https://www.instagram.com/gisselle_viera,2582918397,,protectiondentalcenter,human,85,0,0,0,85,A
alexutza_here,Alexandra Tirziu,https://www.instagram.com/alexutza_here,25942393897,,protectiondentalcenter,human,85,0,0,0,85,A
paoli_vera,Paola Vera,https://www.instagram.com/paoli_vera,260087511,,protectiondentalcenter,human,85,0,0,0,85,A
mirsan_mar,Mirena Sandoval,https://www.instagram.com/mirsan_mar,260231638,,protectiondentalcenter,human,85,0,0,0,85,A
jessabel_irala,Karen Jessabel,https://www.instagram.com/jessabel_irala,2611109661,,protectiondentalcenter,human,85,0,0,0,85,A
monges_nadia,Nadia Monges,https://www.instagram.com/monges_nadia,261372328,,protectiondentalcenter,human,85,0,0,0,85,A
seguros_jujuy,Alicia Linares,https://www.instagram.com/seguros_jujuy,26201675088,,protectiondentalcenter,human,85,0,0,0,85,A
lenni_ramos,Lenni Ramos,https://www.instagram.com/lenni_ramos,26203675,,protectiondentalcenter,human,85,0,0,0,85,A
gi_fleitas,Gisselle Fleitas,https://www.instagram.com/gi_fleitas,262059412,,odontologia3py,human,85,0,0,0,85,A
majo_grassi,Majo Grassi,https://www.instagram.com/majo_grassi,26244563040,,protectiondentalcenter,human,85,0,0,0,85,A
stanislava_ang,Stanislava Angelova,https://www.instagram.com/stanislava_ang,2626402977,,protectiondentalcenter,human,85,0,0,0,85,A
simoni_bianca,Bianca Simoni,https://www.instagram.com/simoni_bianca,26270082424,,protectiondentalcenter,human,85,0,0,0,85,A
romeliadiaz_oficial,Romelia Diaz,https://www.instagram.com/romeliadiaz_oficial,26275658355,,protectiondentalcenter,human,85,0,0,0,85,A
remmy_hinojos,Remmy Hinojos,https://www.instagram.com/remmy_hinojos,2630737864,,protectiondentalcenter,human,85,0,0,0,85,A
marielena_vergara,Marielena Vergara,https://www.instagram.com/marielena_vergara,263333944,,protectiondentalcenter,human,85,0,0,0,85,A
gabrielamiranda_lm,Gabriela Miranda,https://www.instagram.com/gabrielamiranda_lm,2640778209,,protectiondentalcenter,human,85,0,0,0,85,A
inda_nina,Inda Garcia,https://www.instagram.com/inda_nina,264816099,,protectiondentalcenter,human,85,0,0,0,85,A
analia_arambulo,Analia Arambulo,https://www.instagram.com/analia_arambulo,26492330813,,odontospy,human,85,0,0,0,85,A
maneerat_chansrisao,Mani Chansri,https://www.instagram.com/maneerat_chansrisao,26526200416,,protectiondentalcenter,human,85,0,0,0,85,A
rafael_grandett,Rafael Grandett,https://www.instagram.com/rafael_grandett,2658311532,,protectiondentalcenter,human,85,0,0,0,85,A
karol_marqui,Cynthia Martinez,https://www.instagram.com/karol_marqui,266199735,,odontologia3py,human,85,0,0,0,85,A
lababy_detroya,Katismary Valencia,https://www.instagram.com/lababy_detroya,26658837900,,protectiondentalcenter,human,85,0,0,0,85,A
mechi_cespedes,Mercedes Cespedes,https://www.instagram.com/mechi_cespedes,2673553550,,odontologia3py,human,85,0,0,0,85,A
morinigo_anibal,Anibal Morinigo,https://www.instagram.com/morinigo_anibal,2673708626,,protectiondentalcenter,human,85,0,0,0,85,A
segovia_martha,Martha Segovia,https://www.instagram.com/segovia_martha,2674189366,,odontologia3py,human,85,0,0,0,85,A
ara_cubaa,Araceli Cuba,https://www.instagram.com/ara_cubaa,26749693127,,protectiondentalcenter,human,85,0,0,0,85,A
kriz_cano,Krizty Gcia,https://www.instagram.com/kriz_cano,267748837,,protectiondentalcenter,human,85,0,0,0,85,A
luli_almada,Lourdes Almada,https://www.instagram.com/luli_almada,268434094,,protectiondentalcenter,human,85,0,0,0,85,A
mariela_krolina,Carolina Gonzalez,https://www.instagram.com/mariela_krolina,2685387734,,protectiondentalcenter,human,85,0,0,0,85,A
rochy_esca,Rocio Escalante,https://www.instagram.com/rochy_esca,268607445,,odontospy,human,85,0,0,0,85,A
kike_jdg,Enrique Davalos,https://www.instagram.com/kike_jdg,268691148,,protectiondentalcenter,human,85,0,0,0,85,A
jaz_salinasm,Jaz Salinas,https://www.instagram.com/jaz_salinasm,268992795,,protectiondentalcenter,human,85,0,0,0,85,A
marcev_ramirez,Marcela Ramirez,https://www.instagram.com/marcev_ramirez,269029969,,protectiondentalcenter,human,85,0,0,0,85,A
luz_marlym,Luz Samudio,https://www.instagram.com/luz_marlym,26950149147,,odontologia3py,human,85,0,0,0,85,A
via_aquino,Vianca Aquino,https://www.instagram.com/via_aquino,269583376,,protectiondentalcenter,human,85,0,0,0,85,A
yesssi_yeyei,Yeyei Perezponce,https://www.instagram.com/yesssi_yeyei,26970733201,,protectiondentalcenter,human,85,0,0,0,85,A
augusto_py,Augusto Gonzalez,https://www.instagram.com/augusto_py,270305522,,protectiondentalcenter,human,85,0,0,0,85,A
nando_fleitas,Nando Fleitas,https://www.instagram.com/nando_fleitas,270317241,,odontospy,human,85,0,0,0,85,A
beli_maldonado,Belen Maldonado,https://www.instagram.com/beli_maldonado,270585020,,odontologia3py,human,85,0,0,0,85,A
meli_caballeroc,Melissa Caballero,https://www.instagram.com/meli_caballeroc,2707289605,,protectiondentalcenter,human,85,0,0,0,85,A
jaell_amorym,Jael Amorim,https://www.instagram.com/jaell_amorym,2709275103,,protectiondentalcenter,human,85,0,0,0,85,A
dahi_almada,Dahiana Almada,https://www.instagram.com/dahi_almada,2710035847,,odontospy,human,85,0,0,0,85,A
cesy_aguilera,Ceci Aguilera,https://www.instagram.com/cesy_aguilera,2710313221,,protectiondentalcenter,human,85,0,0,0,85,A
gisse_segovia,Gisselle Segovia,https://www.instagram.com/gisse_segovia,2710711581,,odontologia3py,human,85,0,0,0,85,A
natalia_montielsanchez,Natalia Montiel,https://www.instagram.com/natalia_montielsanchez,2712587283,,protectiondentalcenter,human,85,0,0,0,85,A
malu_romero,Malu Romero,https://www.instagram.com/malu_romero,272537254,,odontologia3py,human,85,0,0,0,85,A
villarico_caramanicoterme,Emanuela Rico,https://www.instagram.com/villarico_caramanicoterme,27267902051,,protectiondentalcenter,human,85,0,0,0,85,A
thales_bastos,Thales Bastos,https://www.instagram.com/thales_bastos,272902173,,protectiondentalcenter,human,85,0,0,0,85,A
gaston_servicom,Gaston Cantero,https://www.instagram.com/gaston_servicom,2730823704,,protectiondentalcenter,human,85,0,0,0,85,A
franco_leryn,Lorenna Franco,https://www.instagram.com/franco_leryn,27437292757,,protectiondentalcenter,human,85,0,0,0,85,A
sannie_ortega,Ortega Sam,https://www.instagram.com/sannie_ortega,27456342958,,protectiondentalcenter,human,85,0,0,0,85,A
norysss_pena,Norys Penagarza,https://www.instagram.com/norysss_pena,27511600095,,protectiondentalcenter,human,85,0,0,0,85,A
pamela_ch,Pamela Carrusel,https://www.instagram.com/pamela_ch,27547194349,,protectiondentalcenter,human,85,0,0,0,85,A
rodas_mariasol,Violeta Rodas,https://www.instagram.com/rodas_mariasol,2763265217,,odontospy,human,85,0,0,0,85,A
vivi_zaracho,Vivian Zaracho,https://www.instagram.com/vivi_zaracho,27646149208,,odontospy,human,85,0,0,0,85,A
liza_morel,Liza Morel,https://www.instagram.com/liza_morel,276547505,,protectiondentalcenter,human,85,0,0,0,85,A
jor_benegas,Jorge Benegas,https://www.instagram.com/jor_benegas,27683111192,,odontologia3py,human,85,0,0,0,85,A
naty_sosamarin,Natalia Sosa,https://www.instagram.com/naty_sosamarin,2770582265,,protectiondentalcenter,human,85,0,0,0,85,A
kathya_jara,Kathya Jara,https://www.instagram.com/kathya_jara,277171596,,odontologia3py,human,85,0,0,0,85,A
majo_leonm,Majo Leon,https://www.instagram.com/majo_leonm,27889896622,,odontospy,human,85,0,0,0,85,A
regi_simonetti,Reginalda Simonetti,https://www.instagram.com/regi_simonetti,27932896066,,protectiondentalcenter,human,85,0,0,0,85,A
hayes_kim,Kim Hayes,https://www.instagram.com/hayes_kim,2800543582,,protectiondentalcenter,human,85,0,0,0,85,A
gii_sarabia,Giselle Sarabia,https://www.instagram.com/gii_sarabia,2803619944,,protectiondentalcenter,human,85,0,0,0,85,A
guzman_guillermina,Guille Guzman,https://www.instagram.com/guzman_guillermina,28089307596,,protectiondentalcenter,human,85,0,0,0,85,A
sarae_benitezn,Sara Benitez,https://www.instagram.com/sarae_benitezn,28094568935,,protectiondentalcenter,human,85,0,0,0,85,A
joselyn_fsm,Joselyn Figueroa,https://www.instagram.com/joselyn_fsm,280988101,,protectiondentalcenter,human,85,0,0,0,85,A
antofranco_cde,Antonia Franco,https://www.instagram.com/antofranco_cde,281312713,,odontologia3py,human,85,0,0,0,85,A
alis_moran,Ali Moran,https://www.instagram.com/alis_moran,2821527453,,protectiondentalcenter,human,85,0,0,0,85,A
deisy_colinas,Deisy Colinas,https://www.instagram.com/deisy_colinas,28330188783,,odontospy,human,85,0,0,0,85,A
dilse_cent,Dilse Centurion,https://www.instagram.com/dilse_cent,28476391794,,protectiondentalcenter,human,85,0,0,0,85,A
francis_thatiana,Tati Amarilla,https://www.instagram.com/francis_thatiana,285636752,,protectiondentalcenter,human,85,0,0,0,85,A
reque_maria,Maria Reque,https://www.instagram.com/reque_maria,28573989617,,protectiondentalcenter,human,85,0,0,0,85,A
ariana_arismendi,Ariana Arismendi,https://www.instagram.com/ariana_arismendi,28601723428,,protectiondentalcenter,human,85,0,0,0,85,A
taniameike_pg,Tania Meike,https://www.instagram.com/taniameike_pg,28603652764,,protectiondentalcenter,human,85,0,0,0,85,A
creaciones_elethon,Creaciones Elethon,https://www.instagram.com/creaciones_elethon,28615916551,,protectiondentalcenter,human,85,0,0,0,85,A
sol_gabazza,Solange Gabazza,https://www.instagram.com/sol_gabazza,2862907751,,protectiondentalcenter,human,85,0,0,0,85,A
belen_paradeda,Maria Belen,https://www.instagram.com/belen_paradeda,286298995,,protectiondentalcenter,human,85,0,0,0,85,A
patty_vallejosch,Patty Vch,https://www.instagram.com/patty_vallejosch,286514556,,odontologia3py,human,85,0,0,0,85,A
lary_vill,Larissa Villalba,https://www.instagram.com/lary_vill,286584450,,protectiondentalcenter,human,85,0,0,0,85,A
gladys_bolla,Gladys Bolla,https://www.instagram.com/gladys_bolla,286905294,,protectiondentalcenter,human,85,0,0,0,85,A
perales_fabiola,Fabiola Perales,https://www.instagram.com/perales_fabiola,2877042000,,protectiondentalcenter,human,85,0,0,0,85,A
isa_ete,Isa Cañete,https://www.instagram.com/isa_ete,2878419150,,odontospy,human,85,0,0,0,85,A
fretesc_isa,Fretes Isabel,https://www.instagram.com/fretesc_isa,2886573309,,odontologia3py,human,85,0,0,0,85,A
ale_sangy,Alessandra Sangermano,https://www.instagram.com/ale_sangy,2888247170,,protectiondentalcenter,human,85,0,0,0,85,A
jessi_serafini,Jessica Serafini,https://www.instagram.com/jessi_serafini,289164798,,protectiondentalcenter,human,85,0,0,0,85,A
ankhbayar_oyunjargal,Ankhbayar Oyunjargal,https://www.instagram.com/ankhbayar_oyunjargal,2896647906,,protectiondentalcenter,human,85,0,0,0,85,A
elizabeth_velilla,Elizabeth Velilla,https://www.instagram.com/elizabeth_velilla,289750936,,odontologia3py,human,85,0,0,0,85,A
ledy_marisol,Gomez Marisol,https://www.instagram.com/ledy_marisol,2898425391,,odontologia3py,human,85,0,0,0,85,A
gavidia_coty,Coty Gavidia,https://www.instagram.com/gavidia_coty,28987726522,,protectiondentalcenter,human,85,0,0,0,85,A
cyntia_fagundi,Soledad Casas,https://www.instagram.com/cyntia_fagundi,2901451978,,protectiondentalcenter,human,85,0,0,0,85,A
camila_samudio,Camila Samudio,https://www.instagram.com/camila_samudio,290211554,,protectiondentalcenter,human,85,0,0,0,85,A
gissel_candia,Gissel Candia,https://www.instagram.com/gissel_candia,2909878105,,odontospy,human,85,0,0,0,85,A
edith_benitezg,Edith Benitez,https://www.instagram.com/edith_benitezg,2912610509,,odontologia3py,human,85,0,0,0,85,A
eka_vil,Eka Vi,https://www.instagram.com/eka_vil,29153930578,,protectiondentalcenter,human,85,0,0,0,85,A
karola_ay,Carol Ayala,https://www.instagram.com/karola_ay,291614536,,odontologia3py,human,85,0,0,0,85,A
martinz_mm,Mabel Martinez,https://www.instagram.com/martinz_mm,292276438,,protectiondentalcenter,human,85,0,0,0,85,A
margareth_andino,Margarita Andino,https://www.instagram.com/margareth_andino,29230707857,,protectiondentalcenter,human,85,0,0,0,85,A
tathi_tathiani,Tathiani Tathi,https://www.instagram.com/tathi_tathiani,2928259555,,odontospy,human,85,0,0,0,85,A
nuria_vdh,Nuria Vdh,https://www.instagram.com/nuria_vdh,2928451480,,protectiondentalcenter,human,85,0,0,0,85,A
tati_sanabria,Tatiana Sanabria,https://www.instagram.com/tati_sanabria,2928941807,,protectiondentalcenter,human,85,0,0,0,85,A
bell_belotto,Belotto Adri,https://www.instagram.com/bell_belotto,292905849,,protectiondentalcenter,human,85,0,0,0,85,A
kati_ponce,Katy Ponce,https://www.instagram.com/kati_ponce,2930856122,,protectiondentalcenter,human,85,0,0,0,85,A
gueli_giovanna,Giovanna Gueli,https://www.instagram.com/gueli_giovanna,2934350976,,protectiondentalcenter,human,85,0,0,0,85,A
cinthia_fii,Martinez Cinthia,https://www.instagram.com/cinthia_fii,2935768455,,protectiondentalcenter,human,85,0,0,0,85,A
dulci_baldin,Dulci Baldin,https://www.instagram.com/dulci_baldin,2936433675,,odontologia3py,human,85,0,0,0,85,A
sanni_sotoa,Sanni Sotoa,https://www.instagram.com/sanni_sotoa,293820024,,protectiondentalcenter,human,85,0,0,0,85,A
judith_casarosa,Judith Ovalles,https://www.instagram.com/judith_casarosa,29406179942,,protectiondentalcenter,human,85,0,0,0,85,A
doldan_anto,Anto Doldan,https://www.instagram.com/doldan_anto,2944023346,,protectiondentalcenter,human,85,0,0,0,85,A
anthony_conserva,Antonio Conserva,https://www.instagram.com/anthony_conserva,2944066646,,odontospy,human,85,0,0,0,85,A
lilianreyes_realtor,Lilian Reyes,https://www.instagram.com/lilianreyes_realtor,294513931,,protectiondentalcenter,human,85,0,0,0,85,A
magali_molina,Magali Molina,https://www.instagram.com/magali_molina,294572303,,odontologia3py,human,85,0,0,0,85,A
noceda_silvana,Silvana Noceda,https://www.instagram.com/noceda_silvana,29460076124,,odontospy,human,85,0,0,0,85,A
caty_cristaldo,Caty Cristaldo,https://www.instagram.com/caty_cristaldo,2948777883,,protectiondentalcenter,human,85,0,0,0,85,A
marifernandes_silva,Mari Fernandes,https://www.instagram.com/marifernandes_silva,2952180584,,protectiondentalcenter,human,85,0,0,0,85,A
gri_alvarez,Grisel Alvarez,https://www.instagram.com/gri_alvarez,295284162,,protectiondentalcenter,human,85,0,0,0,85,A
edith_francoamarilla,Edith Franco,https://www.instagram.com/edith_francoamarilla,29531889143,,protectiondentalcenter,human,85,0,0,0,85,A
sil_lonastoba,Silvia Caceres,https://www.instagram.com/sil_lonastoba,2954927598,,protectiondentalcenter,human,85,0,0,0,85,A
patty_piris,Patty Piris,https://www.instagram.com/patty_piris,29549479861,,protectiondentalcenter,human,85,0,0,0,85,A
rociocoiffure_tecnicasouthliss,Rocio Coiffure,https://www.instagram.com/rociocoiffure_tecnicasouthliss,29576120079,,protectiondentalcenter,human,85,0,0,0,85,A
ninfa_chaparro,Ninfa Chaparro,https://www.instagram.com/ninfa_chaparro,29577024001,,odontospy,human,85,0,0,0,85,A
mariel_gavilan,Mariel Gavilan,https://www.instagram.com/mariel_gavilan,295810147,,odontologia3py,human,85,0,0,0,85,A
miledy_feliz,Miledy Feliz,https://www.instagram.com/miledy_feliz,2959801030,,protectiondentalcenter,human,85,0,0,0,85,A
yenifer_thebest,Yennifer Lopez,https://www.instagram.com/yenifer_thebest,29653142486,,protectiondentalcenter,human,85,0,0,0,85,A
xiomara_argenal,Xiomara Argenal,https://www.instagram.com/xiomara_argenal,2966202939,,protectiondentalcenter,human,85,0,0,0,85,A
di_dorigo,Diana Dorigo,https://www.instagram.com/di_dorigo,2966570662,,protectiondentalcenter,human,85,0,0,0,85,A
sara_wrede,Sara Wrede,https://www.instagram.com/sara_wrede,2968653096,,protectiondentalcenter,human,85,0,0,0,85,A
paredes_lau,Laura Paredes,https://www.instagram.com/paredes_lau,297023649,,protectiondentalcenter,human,85,0,0,0,85,A
paola_zlatar,Paola Zlatar,https://www.instagram.com/paola_zlatar,29706223,,protectiondentalcenter,human,85,0,0,0,85,A
bour_ze,Zelideh Bogado,https://www.instagram.com/bour_ze,2973234737,,protectiondentalcenter,human,85,0,0,0,85,A
hanna_dd,Hanna Dominguez,https://www.instagram.com/hanna_dd,297571001,,protectiondentalcenter,human,85,0,0,0,85,A
vero_inver,Vero Invernizzi,https://www.instagram.com/vero_inver,297784979,,protectiondentalcenter,human,85,0,0,0,85,A
patto_serrano,Patricio Serrano,https://www.instagram.com/patto_serrano,2978214539,,protectiondentalcenter,human,85,0,0,0,85,A
jaciguara_oficial,Jaciguara Souza,https://www.instagram.com/jaciguara_oficial,29783934623,,protectiondentalcenter,human,85,0,0,0,85,A
vaacha_fernanda,Fernanda Vargas,https://www.instagram.com/vaacha_fernanda,2978709507,,protectiondentalcenter,human,85,0,0,0,85,A
aurelia_galeano,Aure Silva,https://www.instagram.com/aurelia_galeano,29787357000,,protectiondentalcenter,human,85,0,0,0,85,A
glo_villamayor,Gloria Villamayor,https://www.instagram.com/glo_villamayor,29814654629,,odontologia3py,human,85,0,0,0,85,A
silvana_foddanu,Silvana Foddanu,https://www.instagram.com/silvana_foddanu,2984916063,,protectiondentalcenter,human,85,0,0,0,85,A
janeth_guess,Janeth Rodriguez,https://www.instagram.com/janeth_guess,2985022831,,protectiondentalcenter,human,85,0,0,0,85,A
juliana_balbuena,Juliana Juliana,https://www.instagram.com/juliana_balbuena,2985082036,,odontologia3py,human,85,0,0,0,85,A
sol_lilycastillo,Lily Castillo,https://www.instagram.com/sol_lilycastillo,29854199445,,protectiondentalcenter,human,85,0,0,0,85,A
peke_jannet,Jannet Yasmin,https://www.instagram.com/peke_jannet,2985553527,,protectiondentalcenter,human,85,0,0,0,85,A
mari_cassanello,Mari Cassanello,https://www.instagram.com/mari_cassanello,298973084,,odontologia3py,human,85,0,0,0,85,A
urunaga_lili,Lili Molina,https://www.instagram.com/urunaga_lili,2989809232,,protectiondentalcenter,human,85,0,0,0,85,A
maarita_vega,Mara Vega,https://www.instagram.com/maarita_vega,2989841178,,protectiondentalcenter,human,85,0,0,0,85,A
pao_morinigo,Pao Morinigo,https://www.instagram.com/pao_morinigo,299247474,,protectiondentalcenter,human,85,0,0,0,85,A
kro_espinola,Caro Palacios,https://www.instagram.com/kro_espinola,299286606,,protectiondentalcenter,human,85,0,0,0,85,A
ara_peroni,Araceli Peroni,https://www.instagram.com/ara_peroni,299420707,,odontologia3py,human,85,0,0,0,85,A
arrieta_rossana,Rossana Arrieta,https://www.instagram.com/arrieta_rossana,2996142854,,protectiondentalcenter,human,85,0,0,0,85,A
jaz_martinezz,Jazmin Martinez,https://www.instagram.com/jaz_martinezz,299618818,,protectiondentalcenter,human,85,0,0,0,85,A
fryzjerstylistka_twoichwlosow,Marzena Marzena,https://www.instagram.com/fryzjerstylistka_twoichwlosow,2997812889,,protectiondentalcenter,human,85,0,0,0,85,A
griselda_gorgojo,Griselda Gorgojo,https://www.instagram.com/griselda_gorgojo,2998497977,,protectiondentalcenter,human,85,0,0,0,85,A
pelusa_bucci,Pelusa Gonzalez,https://www.instagram.com/pelusa_bucci,299971181,,odontologia3py,human,85,0,0,0,85,A
yanny_ll,Yanny Leal,https://www.instagram.com/yanny_ll,30052538866,,protectiondentalcenter,human,85,0,0,0,85,A
in_fre,Ines Ricardo,https://www.instagram.com/in_fre,300728709,,protectiondentalcenter,human,85,0,0,0,85,A
koke_nunez,Koke Nuñez,https://www.instagram.com/koke_nunez,300880237,,protectiondentalcenter,human,85,0,0,0,85,A
ale_gonzab,Alejandra Burgos,https://www.instagram.com/ale_gonzab,301283254,,odontologia3py,human,85,0,0,0,85,A
ale_raggio,Alejandra Raggio,https://www.instagram.com/ale_raggio,301759706,,protectiondentalcenter,human,85,0,0,0,85,A
yuasa_megumi,Megumi Yuasa,https://www.instagram.com/yuasa_megumi,3017879008,,protectiondentalcenter,human,85,0,0,0,85,A
elba_benites,Mary Benites,https://www.instagram.com/elba_benites,3018842816,,protectiondentalcenter,human,85,0,0,0,85,A
angela_pilger,Angela Pilger,https://www.instagram.com/angela_pilger,3021094888,,protectiondentalcenter,human,85,0,0,0,85,A
montse_candia,Paola Montserrat,https://www.instagram.com/montse_candia,3022144646,,odontospy,human,85,0,0,0,85,A
bauer_pame,Pamela Gonzalez,https://www.instagram.com/bauer_pame,3022668560,,odontospy,human,85,0,0,0,85,A
johana_mongelos,Johanna Mongelos,https://www.instagram.com/johana_mongelos,302396136,,protectiondentalcenter,human,85,0,0,0,85,A
deissy_alvarez,Deissy Alvarez,https://www.instagram.com/deissy_alvarez,3025022609,,protectiondentalcenter,human,85,0,0,0,85,A
duarte_carballo,Sara Duarte,https://www.instagram.com/duarte_carballo,30253669082,,protectiondentalcenter,human,85,0,0,0,85,A
pauly_nurse,Paula Lorena,https://www.instagram.com/pauly_nurse,3025744627,,protectiondentalcenter,human,85,0,0,0,85,A
arias_soo,Sof Arias,https://www.instagram.com/arias_soo,3026591824,,odontospy,human,85,0,0,0,85,A
carolina_chena,Carolina Chena,https://www.instagram.com/carolina_chena,30270408640,,protectiondentalcenter,human,85,0,0,0,85,A
angel_amarilla,Angel Amarilla,https://www.instagram.com/angel_amarilla,303334569,,odontologia3py,human,85,0,0,0,85,A
yomita_cruz,Tere Cruz,https://www.instagram.com/yomita_cruz,3034232339,,protectiondentalcenter,human,85,0,0,0,85,A
lii_mosq,Li Li,https://www.instagram.com/lii_mosq,3034431465,,protectiondentalcenter,human,85,0,0,0,85,A
bordon_sonia,Sol Torrez,https://www.instagram.com/bordon_sonia,3035525069,,odontospy,human,85,0,0,0,85,A
abii_hurtadoo,Abisag Hurtado,https://www.instagram.com/abii_hurtadoo,303963445,,protectiondentalcenter,human,85,0,0,0,85,A
arthuro_moralesv,Arthuro Morales,https://www.instagram.com/arthuro_moralesv,304055385,,protectiondentalcenter,human,85,0,0,0,85,A
janete_zandanotto,Janete Zandanotto,https://www.instagram.com/janete_zandanotto,3041825275,,protectiondentalcenter,human,85,0,0,0,85,A
luis_advrider,Luis Tocuyo,https://www.instagram.com/luis_advrider,304336294,,odontospy,human,85,0,0,0,85,A
vane_urzua,Vanessa Urzua,https://www.instagram.com/vane_urzua,30433704915,,protectiondentalcenter,human,85,0,0,0,85,A
ara_recaldeb,Ara Recalde,https://www.instagram.com/ara_recaldeb,304467897,,protectiondentalcenter,human,85,0,0,0,85,A
neidi_sol,Neide Andrade,https://www.instagram.com/neidi_sol,3044972092,,protectiondentalcenter,human,85,0,0,0,85,A
braun_ida,Ida Braun,https://www.instagram.com/braun_ida,304942370,,protectiondentalcenter,human,85,0,0,0,85,A
kathe_intensely,Katherine Torres,https://www.instagram.com/kathe_intensely,304946678,,protectiondentalcenter,human,85,0,0,0,85,A
abigahil_aquino,Abigahil Aquino,https://www.instagram.com/abigahil_aquino,3050020664,,odontospy,human,85,0,0,0,85,A
bogado_chachi,Chachi Bogado,https://www.instagram.com/bogado_chachi,3051507501,,protectiondentalcenter,human,85,0,0,0,85,A
mar_laury,Lau Martinez,https://www.instagram.com/mar_laury,305168570,,odontologia3py,human,85,0,0,0,85,A
sebas_benitz,Sebas Benitez,https://www.instagram.com/sebas_benitz,305509628,,protectiondentalcenter,human,85,0,0,0,85,A
lupii_balbuena,Lupii Balbuena,https://www.instagram.com/lupii_balbuena,3058715662,,protectiondentalcenter,human,85,0,0,0,85,A
dowra_aguirre,Dora Aguirre,https://www.instagram.com/dowra_aguirre,3062403250,,protectiondentalcenter,human,85,0,0,0,85,A
silvia_lacour,Silvia Lacour,https://www.instagram.com/silvia_lacour,306325435,,protectiondentalcenter,human,85,0,0,0,85,A
lizma_estigarribia,Liz Estigarribia,https://www.instagram.com/lizma_estigarribia,30647165657,,protectiondentalcenter,human,85,0,0,0,85,A
cesira_padova,Cesira Padova,https://www.instagram.com/cesira_padova,3066036919,,protectiondentalcenter,human,85,0,0,0,85,A
angela_menduni,Angela Menduni,https://www.instagram.com/angela_menduni,3066530447,,protectiondentalcenter,human,85,0,0,0,85,A
kristina_ronkova,Kristina Ronkova,https://www.instagram.com/kristina_ronkova,3066677826,,protectiondentalcenter,human,85,0,0,0,85,A
clelia_sartori,Clelia Sartori,https://www.instagram.com/clelia_sartori,3067167686,,protectiondentalcenter,human,85,0,0,0,85,A
mon_amarilla,Montse Amarilla,https://www.instagram.com/mon_amarilla,306778085,,odontologia3py,human,85,0,0,0,85,A
magy_britez,Alma Britez,https://www.instagram.com/magy_britez,3068164396,,protectiondentalcenter,human,85,0,0,0,85,A
graciela_regier,Graciela Regier,https://www.instagram.com/graciela_regier,307013819,,protectiondentalcenter,human,85,0,0,0,85,A
nayila_monse,Nayila Monse,https://www.instagram.com/nayila_monse,30741964863,,protectiondentalcenter,human,85,0,0,0,85,A
taty_roha,Tatiana Roha,https://www.instagram.com/taty_roha,307537653,,protectiondentalcenter,human,85,0,0,0,85,A
cuerposano_centro,Cuerpo Sano,https://www.instagram.com/cuerposano_centro,3076289260,,protectiondentalcenter,human,85,0,0,0,85,A
gardenia_bogado,Gardenia Bogado,https://www.instagram.com/gardenia_bogado,3077721204,,protectiondentalcenter,human,85,0,0,0,85,A
caro_pane,Carolina Pane,https://www.instagram.com/caro_pane,3078112754,,odontologia3py,human,85,0,0,0,85,A
sayijorgge_oficial,Sayi Jorgge,https://www.instagram.com/sayijorgge_oficial,30784255232,,odontologia3py,human,85,0,0,0,85,A
blume_ute,Ute Blume,https://www.instagram.com/blume_ute,30795465332,,protectiondentalcenter,human,85,0,0,0,85,A
clara_collante,Clara Collante,https://www.instagram.com/clara_collante,308059419,,odontologia3py,human,85,0,0,0,85,A
yacqueline_romero,Yacqueline Romero,https://www.instagram.com/yacqueline_romero,3080728965,,protectiondentalcenter,human,85,0,0,0,85,A
rachel_newlife,Raquel Pinto,https://www.instagram.com/rachel_newlife,3082188464,,protectiondentalcenter,human,85,0,0,0,85,A
carol_luky,Carol Benitez,https://www.instagram.com/carol_luky,308256004,,odontospy,human,85,0,0,0,85,A
viviana_yubero,Viviana Yubero,https://www.instagram.com/viviana_yubero,308264818,,protectiondentalcenter,human,85,0,0,0,85,A
flowers_neh,Nelly Flores,https://www.instagram.com/flowers_neh,30833814340,,protectiondentalcenter,human,85,0,0,0,85,A
bellas_almadash,Bellas Almadash,https://www.instagram.com/bellas_almadash,3087191223,,protectiondentalcenter,human,85,0,0,0,85,A
there_ramv,Teresa Ramirez,https://www.instagram.com/there_ramv,308740547,,protectiondentalcenter,human,85,0,0,0,85,A
maya_alvz,Maya Alvarez,https://www.instagram.com/maya_alvz,308864811,,odontologia3py,human,85,0,0,0,85,A
dudu_cuevas,Edu Cuevas,https://www.instagram.com/dudu_cuevas,3089012976,,protectiondentalcenter,human,85,0,0,0,85,A
wagnerr_vitorino,Wagner Vitorino,https://www.instagram.com/wagnerr_vitorino,3092437315,,protectiondentalcenter,human,85,0,0,0,85,A
ramos_lilly,Lilly Ramos,https://www.instagram.com/ramos_lilly,3092892625,,protectiondentalcenter,human,85,0,0,0,85,A
likaa_montiel,Lisette Montiel,https://www.instagram.com/likaa_montiel,3095926450,,protectiondentalcenter,human,85,0,0,0,85,A
january_goddess,Yuby Paniagua,https://www.instagram.com/january_goddess,309746850,,protectiondentalcenter,human,85,0,0,0,85,A
aube_lez,Alba Lezcano,https://www.instagram.com/aube_lez,3099530302,,odontospy,human,85,0,0,0,85,A
silva_lina,Lina Silva,https://www.instagram.com/silva_lina,3102237301,,protectiondentalcenter,human,85,0,0,0,85,A
eli_rojaas,Elizabeth Rojas,https://www.instagram.com/eli_rojaas,3103665318,,protectiondentalcenter,human,85,0,0,0,85,A
pame_santos,Pame Santos,https://www.instagram.com/pame_santos,310985427,,odontospy,human,85,0,0,0,85,A
raque_cor,Raquel Coronel,https://www.instagram.com/raque_cor,311068242,,protectiondentalcenter,human,85,0,0,0,85,A
anat_sulema,Anat Sulema,https://www.instagram.com/anat_sulema,3113793108,,protectiondentalcenter,human,85,0,0,0,85,A
marlen_fernandz,Marlen Fernandez,https://www.instagram.com/marlen_fernandz,3116034214,,odontospy,human,85,0,0,0,85,A
rojas_belkiss,Betty Rojas,https://www.instagram.com/rojas_belkiss,3121136128,,protectiondentalcenter,human,85,0,0,0,85,A
martine_philippoz,Martine Philippoz,https://www.instagram.com/martine_philippoz,31212433529,,protectiondentalcenter,human,85,0,0,0,85,A
tatiana_maudslay,Tatiana Maudslay,https://www.instagram.com/tatiana_maudslay,3121993483,,protectiondentalcenter,human,85,0,0,0,85,A
aure_majo,Aure Gray,https://www.instagram.com/aure_majo,3123436599,,protectiondentalcenter,human,85,0,0,0,85,A
flecha_lu,Luis Flecha,https://www.instagram.com/flecha_lu,3125413466,,odontologia3py,human,85,0,0,0,85,A
mireli_fa,Mirtha Fariña,https://www.instagram.com/mireli_fa,3125687858,,odontologia3py,human,85,0,0,0,85,A
tere_benitez,Tere Benitez,https://www.instagram.com/tere_benitez,312649413,,odontologia3py,human,85,0,0,0,85,A
veronika_marijanovic,Veronika Marijanovic,https://www.instagram.com/veronika_marijanovic,3127596683,,protectiondentalcenter,human,85,0,0,0,85,A
bettina_gustale,Bettina Gustale,https://www.instagram.com/bettina_gustale,312785613,,protectiondentalcenter,human,85,0,0,0,85,A
raque_jara,Raquel Jara,https://www.instagram.com/raque_jara,3127872430,,protectiondentalcenter,human,85,0,0,0,85,A
rukiye_teke,Rukiye Teke,https://www.instagram.com/rukiye_teke,3132253833,,protectiondentalcenter,human,85,0,0,0,85,A
cheryta_pie,Cherie Reyes,https://www.instagram.com/cheryta_pie,313393440,,protectiondentalcenter,human,85,0,0,0,85,A
edith_romberg,Edith Romberg,https://www.instagram.com/edith_romberg,31359372079,,protectiondentalcenter,human,85,0,0,0,85,A
girma_gu,Irma Guajardo,https://www.instagram.com/girma_gu,3136379712,,protectiondentalcenter,human,85,0,0,0,85,A
adi_rob,Adriana Rob,https://www.instagram.com/adi_rob,3139504390,,protectiondentalcenter,human,85,0,0,0,85,A
cathi_borge,Cathi Borge,https://www.instagram.com/cathi_borge,3141725423,,protectiondentalcenter,human,85,0,0,0,85,A
ivan_lampert,Ivan Lampert,https://www.instagram.com/ivan_lampert,314356323,,odontologia3py,human,85,0,0,0,85,A
nati_rosemberg,Nati Ro,https://www.instagram.com/nati_rosemberg,3146376785,,protectiondentalcenter,human,85,0,0,0,85,A
recalde_marc,Recalde Marcos,https://www.instagram.com/recalde_marc,3146434115,,odontologia3py,human,85,0,0,0,85,A
marciaa_avlis,Marcia Silva,https://www.instagram.com/marciaa_avlis,31507465421,,protectiondentalcenter,human,85,0,0,0,85,A
carola_millahual,Carola Millahual,https://www.instagram.com/carola_millahual,3155489178,,protectiondentalcenter,human,85,0,0,0,85,A
servin_yeni,Yeni Servin,https://www.instagram.com/servin_yeni,31557245496,,protectiondentalcenter,human,85,0,0,0,85,A
lauramendieta_lm,Laura Mendieta,https://www.instagram.com/lauramendieta_lm,315575457,,protectiondentalcenter,human,85,0,0,0,85,A
normis_luis,Normis Sanchez,https://www.instagram.com/normis_luis,3156657278,,protectiondentalcenter,human,85,0,0,0,85,A
mari_ojverdes,Maria Santillo,https://www.instagram.com/mari_ojverdes,3156975326,,protectiondentalcenter,human,85,0,0,0,85,A
alexia_almpanaki,Alexia Almpanaki,https://www.instagram.com/alexia_almpanaki,3157754091,,protectiondentalcenter,human,85,0,0,0,85,A
carol_qui,Carolina Quiñonez,https://www.instagram.com/carol_qui,315784887,,protectiondentalcenter,human,85,0,0,0,85,A
caro_arevalos,Carolina Arevalos,https://www.instagram.com/caro_arevalos,315919306,,protectiondentalcenter,human,85,0,0,0,85,A
junior_algz,Junior Alvarenga,https://www.instagram.com/junior_algz,3166149588,,odontospy,human,85,0,0,0,85,A
clarins_aru,Jaki Rojas,https://www.instagram.com/clarins_aru,31681700033,,protectiondentalcenter,human,85,0,0,0,85,A
tere_santis,Tere Santis,https://www.instagram.com/tere_santis,3169612467,,protectiondentalcenter,human,85,0,0,0,85,A
ryan_dick,Ryan Dick,https://www.instagram.com/ryan_dick,3171457276,,odontologia3py,human,85,0,0,0,85,A
rus_ralmar,Raluca Rus,https://www.instagram.com/rus_ralmar,3173394184,,protectiondentalcenter,human,85,0,0,0,85,A
avilita_nancy,Nancy Avila,https://www.instagram.com/avilita_nancy,31753033123,,protectiondentalcenter,human,85,0,0,0,85,A
scheyla_solange,Scheyla Parra,https://www.instagram.com/scheyla_solange,317797048,,protectiondentalcenter,human,85,0,0,0,85,A
vero_noe,Veronica Martinez,https://www.instagram.com/vero_noe,317806150,,protectiondentalcenter,human,85,0,0,0,85,A
margabelen_quintana,Margarita Quintana,https://www.instagram.com/margabelen_quintana,3178761451,,protectiondentalcenter,human,85,0,0,0,85,A
viola_csivre,Viola Csivre,https://www.instagram.com/viola_csivre,3181079447,,protectiondentalcenter,human,85,0,0,0,85,A
van_hues,Bernward Wildenhues,https://www.instagram.com/van_hues,31827406313,,protectiondentalcenter,human,85,0,0,0,85,A
maghina_laura,Saccardi Laura,https://www.instagram.com/maghina_laura,3184664001,,protectiondentalcenter,human,85,0,0,0,85,A
kari_ferreiraaa,Kari Ferreira,https://www.instagram.com/kari_ferreiraaa,31859306743,,protectiondentalcenter,human,85,0,0,0,85,A
juanchi_acosta,Juanchi Acosta,https://www.instagram.com/juanchi_acosta,318644039,,odontologia3py,human,85,0,0,0,85,A
rocio_luces,Ro Luces,https://www.instagram.com/rocio_luces,3187290390,,protectiondentalcenter,human,85,0,0,0,85,A
am_espinolafonseca,Alma Espinola,https://www.instagram.com/am_espinolafonseca,3188020295,,odontologia3py,human,85,0,0,0,85,A
analia_rromero,Analia Romero,https://www.instagram.com/analia_rromero,318932827,,protectiondentalcenter,human,85,0,0,0,85,A
lydia_yasko,Lydia Yasko,https://www.instagram.com/lydia_yasko,3190578978,,protectiondentalcenter,human,85,0,0,0,85,A
cyn_valiente,Cynthia Valiente,https://www.instagram.com/cyn_valiente,3191087170,,protectiondentalcenter,human,85,0,0,0,85,A
nan_acostaa,Nancy Acosta,https://www.instagram.com/nan_acostaa,319328203,,protectiondentalcenter,human,85,0,0,0,85,A
maripichy_torales,Marina Torales,https://www.instagram.com/maripichy_torales,3195365363,,protectiondentalcenter,human,85,0,0,0,85,A
ivonne_klover,Ivonne Torres,https://www.instagram.com/ivonne_klover,31955359346,,protectiondentalcenter,human,85,0,0,0,85,A
alexa_beraud,Alexa Beraud,https://www.instagram.com/alexa_beraud,319587443,,protectiondentalcenter,human,85,0,0,0,85,A
magali_zanoso,Magali Za,https://www.instagram.com/magali_zanoso,319644152,,protectiondentalcenter,human,85,0,0,0,85,A
belu_pino,Belen Pino,https://www.instagram.com/belu_pino,319907885,,protectiondentalcenter,human,85,0,0,0,85,A
moni_arevalosj,Monica Arevalos,https://www.instagram.com/moni_arevalosj,3199774472,,odontologia3py,human,85,0,0,0,85,A
patty_spiritu,Patty Spiritu,https://www.instagram.com/patty_spiritu,32047115109,,protectiondentalcenter,human,85,0,0,0,85,A
les_gerar,Les Gerar,https://www.instagram.com/les_gerar,320861613,,protectiondentalcenter,human,85,0,0,0,85,A
klau_her,Klau Her,https://www.instagram.com/klau_her,3210147490,,protectiondentalcenter,human,85,0,0,0,85,A
calce_mas,Calce Mas,https://www.instagram.com/calce_mas,3217076121,,protectiondentalcenter,human,85,0,0,0,85,A
cosinando_conmimi,Nohemi Mejia,https://www.instagram.com/cosinando_conmimi,3218282857,,protectiondentalcenter,human,85,0,0,0,85,A
gus_farina,Gustavo Fariña,https://www.instagram.com/gus_farina,3225413395,,odontospy,human,85,0,0,0,85,A
raquel_cogliolo,Raquel Cogliolo,https://www.instagram.com/raquel_cogliolo,3227574240,,protectiondentalcenter,human,85,0,0,0,85,A
letty_divitto,Letty Divitto,https://www.instagram.com/letty_divitto,3229978794,,protectiondentalcenter,human,85,0,0,0,85,A
nabila_coiffure,Nabila Soltani,https://www.instagram.com/nabila_coiffure,3230995962,,protectiondentalcenter,human,85,0,0,0,85,A
nori_ferrer,Nora Ferrer,https://www.instagram.com/nori_ferrer,3231749311,,protectiondentalcenter,human,85,0,0,0,85,A
paredes_blas,Blas Paredes,https://www.instagram.com/paredes_blas,3233037699,,odontospy,human,85,0,0,0,85,A
paty_ague,Patricia Aguero,https://www.instagram.com/paty_ague,323420158,,protectiondentalcenter,human,85,0,0,0,85,A
britez_brig,Britez Brig,https://www.instagram.com/britez_brig,323546687,,protectiondentalcenter,human,85,0,0,0,85,A
gaby_diazrv,Ana Diaz,https://www.instagram.com/gaby_diazrv,323640802,,protectiondentalcenter,human,85,0,0,0,85,A
mir_hele,Mirna Moral,https://www.instagram.com/mir_hele,3239001846,,protectiondentalcenter,human,85,0,0,0,85,A
nelida_villalba,Nelida Villalba,https://www.instagram.com/nelida_villalba,3242260877,,protectiondentalcenter,human,85,0,0,0,85,A
ferreira_natalianoemi,Natalia Ferreira,https://www.instagram.com/ferreira_natalianoemi,32430600772,,odontologia3py,human,85,0,0,0,85,A
leila_aveiro,Leila Aveiro,https://www.instagram.com/leila_aveiro,324560633,,odontospy,human,85,0,0,0,85,A
eli_benitezg,Eli Benitez,https://www.instagram.com/eli_benitezg,3245695594,,protectiondentalcenter,human,85,0,0,0,85,A
karengri_zarat,Karen Zarate,https://www.instagram.com/karengri_zarat,3245928310,,protectiondentalcenter,human,85,0,0,0,85,A
joha_vazquezb,Johanna Vazquez,https://www.instagram.com/joha_vazquezb,3246075133,,protectiondentalcenter,human,85,0,0,0,85,A
allende_nancy,Nancy Allende,https://www.instagram.com/allende_nancy,3247944023,,protectiondentalcenter,human,85,0,0,0,85,A
valdez_lucyyy,Lucy Valdez,https://www.instagram.com/valdez_lucyyy,3248037313,,protectiondentalcenter,human,85,0,0,0,85,A
natty_jaracastro,Natalia Jara,https://www.instagram.com/natty_jaracastro,324947826,,protectiondentalcenter,human,85,0,0,0,85,A
mavi_ocampos,Victoria Ortellado,https://www.instagram.com/mavi_ocampos,324983438,,protectiondentalcenter,human,85,0,0,0,85,A
sil_sarabia,Silsa Sarabia,https://www.instagram.com/sil_sarabia,3250938508,,protectiondentalcenter,human,85,0,0,0,85,A
cantero_esquivel,Gloria Esquivel,https://www.instagram.com/cantero_esquivel,3253937887,,odontospy,human,85,0,0,0,85,A
la_reeves,Lesley Reeves,https://www.instagram.com/la_reeves,3254080012,,protectiondentalcenter,human,85,0,0,0,85,A
clauclau_coronado,Clau Coronado,https://www.instagram.com/clauclau_coronado,3254438128,,protectiondentalcenter,human,85,0,0,0,85,A
gaby_tedy,Gabriela Simion,https://www.instagram.com/gaby_tedy,3257152726,,protectiondentalcenter,human,85,0,0,0,85,A
oc_correa,Oscar Correa,https://www.instagram.com/oc_correa,325804913,,protectiondentalcenter,human,85,0,0,0,85,A
liz_paolaferreira,Paola Ferreira,https://www.instagram.com/liz_paolaferreira,3259164011,,protectiondentalcenter,human,85,0,0,0,85,A
susy_panizza,Susy Panizza,https://www.instagram.com/susy_panizza,3260869033,,protectiondentalcenter,human,85,0,0,0,85,A
figueiredo_eloisa,Eloisa Figueiredo,https://www.instagram.com/figueiredo_eloisa,32643305310,,protectiondentalcenter,human,85,0,0,0,85,A
camilaa_irala,Ruth Camilaaa,https://www.instagram.com/camilaa_irala,3264420515,,protectiondentalcenter,human,85,0,0,0,85,A
sneijder_almada,Lucas Almada,https://www.instagram.com/sneijder_almada,32682211527,,odontospy,human,85,0,0,0,85,A
violent_candy,Nadia Maldonado,https://www.instagram.com/violent_candy,326920191,,odontologia3py,human,85,0,0,0,85,A
amt_enrique,Cabrera Enrique,https://www.instagram.com/amt_enrique,3269205256,,odontologia3py,human,85,0,0,0,85,A
eve_sugastti,Eve Sugastti,https://www.instagram.com/eve_sugastti,3271691189,,odontospy,human,85,0,0,0,85,A
lizcoronel_py,Liz Coronel,https://www.instagram.com/lizcoronel_py,327244897,,odontospy,human,85,0,0,0,85,A
tammy_banosqui,Tamara Ibanosqui,https://www.instagram.com/tammy_banosqui,3276664180,,protectiondentalcenter,human,85,0,0,0,85,A
letti_amarilla,Letti Amarilla,https://www.instagram.com/letti_amarilla,327734436,,protectiondentalcenter,human,85,0,0,0,85,A
sofi_fernandezr,Sofi Fernandez,https://www.instagram.com/sofi_fernandezr,327835571,,protectiondentalcenter,human,85,0,0,0,85,A
sammy_anahiara,Sammy Martinez,https://www.instagram.com/sammy_anahiara,3278725046,,odontologia3py,human,85,0,0,0,85,A
elvisis_wife,Laura Maver,https://www.instagram.com/elvisis_wife,328158024,,protectiondentalcenter,human,85,0,0,0,85,A
berastegui_melgar,Dalys Berastegui,https://www.instagram.com/berastegui_melgar,3282225039,,protectiondentalcenter,human,85,0,0,0,85,A
lily_servinp,Lili Servin,https://www.instagram.com/lily_servinp,328228089,,protectiondentalcenter,human,85,0,0,0,85,A
cinthia_vera,Cinthia Vera,https://www.instagram.com/cinthia_vera,328303300,,odontospy,human,85,0,0,0,85,A
clara_ramirezc,Clara Ramirez,https://www.instagram.com/clara_ramirezc,328533659,,odontologia3py,human,85,0,0,0,85,A
maleee_gonzalez,Malee Gonzalez,https://www.instagram.com/maleee_gonzalez,328701996,,odontospy,human,85,0,0,0,85,A
artdav_ro,Arturo Rodriguez,https://www.instagram.com/artdav_ro,32889795428,,protectiondentalcenter,human,85,0,0,0,85,A
dahiane_gallas,Dahiane Gallas,https://www.instagram.com/dahiane_gallas,3294637509,,protectiondentalcenter,human,85,0,0,0,85,A
ro_aguivelazquez,Ro Aguilera,https://www.instagram.com/ro_aguivelazquez,329621560,,protectiondentalcenter,human,85,0,0,0,85,A
canhete_yenny,Yenny Canhete,https://www.instagram.com/canhete_yenny,329791417,,protectiondentalcenter,human,85,0,0,0,85,A
santos_claralma,Santos Claralma,https://www.instagram.com/santos_claralma,3299356349,,protectiondentalcenter,human,85,0,0,0,85,A
montse_flor,Montse Peña,https://www.instagram.com/montse_flor,329990404,,odontospy,human,85,0,0,0,85,A
janet_canete,Janethe Cañete,https://www.instagram.com/janet_canete,330117528,,protectiondentalcenter,human,85,0,0,0,85,A
eliizabeth_pando,Sandra Pando,https://www.instagram.com/eliizabeth_pando,3304611775,,protectiondentalcenter,human,85,0,0,0,85,A
luuz_gimenezz,Luz Gimenez,https://www.instagram.com/luuz_gimenezz,3305010244,,protectiondentalcenter,human,85,0,0,0,85,A
fer_bog,Fernando Bogado,https://www.instagram.com/fer_bog,330522779,,odontologia3py,human,85,0,0,0,85,A
gloria_benitezzz,Gloria Benitez,https://www.instagram.com/gloria_benitezzz,3306186350,,protectiondentalcenter,human,85,0,0,0,85,A
loulou_romero,Lou Romero,https://www.instagram.com/loulou_romero,3309791057,,protectiondentalcenter,human,85,0,0,0,85,A
masque_bendecida,Solmary Jimenez,https://www.instagram.com/masque_bendecida,3311950956,,protectiondentalcenter,human,85,0,0,0,85,A
arce_cinros,Cintia Arce,https://www.instagram.com/arce_cinros,3312638400,,protectiondentalcenter,human,85,0,0,0,85,A
mirty_aquino,Mirtha Aquino,https://www.instagram.com/mirty_aquino,3312796300,,protectiondentalcenter,human,85,0,0,0,85,A
juan_ovelarm,Juan Ovelar,https://www.instagram.com/juan_ovelarm,331547988,,odontologia3py,human,85,0,0,0,85,A
pao_llanescano,Pao Llanes,https://www.instagram.com/pao_llanescano,3317069554,,protectiondentalcenter,human,85,0,0,0,85,A
jld_dantas,Junio Dantas,https://www.instagram.com/jld_dantas,33216826605,,protectiondentalcenter,human,85,0,0,0,85,A
gulnara_kun,Gulnara Kun,https://www.instagram.com/gulnara_kun,332629085,,protectiondentalcenter,human,85,0,0,0,85,A
patricia_ortizb,Patricia Ortiz,https://www.instagram.com/patricia_ortizb,332787961,,odontologia3py,human,85,0,0,0,85,A
patty_chase,Patty Chase,https://www.instagram.com/patty_chase,333529688,,odontologia3py,human,85,0,0,0,85,A
hija_delbosque,Ro Hohenzollern,https://www.instagram.com/hija_delbosque,334478172,,protectiondentalcenter,human,85,0,0,0,85,A
evgenia_voulgari,Eugenia Voulgari,https://www.instagram.com/evgenia_voulgari,33494818169,,protectiondentalcenter,human,85,0,0,0,85,A
gpe_stama,Gpe Santamaria,https://www.instagram.com/gpe_stama,33529358012,,protectiondentalcenter,human,85,0,0,0,85,A
dalma_maldonado,Dalma Maldonado,https://www.instagram.com/dalma_maldonado,336244608,,odontospy,human,85,0,0,0,85,A
rossyvargas_cde,Rosy Vargas,https://www.instagram.com/rossyvargas_cde,336425957,,protectiondentalcenter,human,85,0,0,0,85,A
leda_queiroz,Leda Queiroz,https://www.instagram.com/leda_queiroz,336460524,,protectiondentalcenter,human,85,0,0,0,85,A
violette_bauer,Violette Zaven,https://www.instagram.com/violette_bauer,33669911948,,protectiondentalcenter,human,85,0,0,0,85,A
ayala_lemus,Nelly Ayala,https://www.instagram.com/ayala_lemus,337000604,,protectiondentalcenter,human,85,0,0,0,85,A
elsie_cristhina,Cristhina Ortega,https://www.instagram.com/elsie_cristhina,337078538,,protectiondentalcenter,human,85,0,0,0,85,A
carioca_cullen,Carmen Rios,https://www.instagram.com/carioca_cullen,33713504072,,protectiondentalcenter,human,85,0,0,0,85,A
marcelli_gamarra,Marcelli Gamarra,https://www.instagram.com/marcelli_gamarra,337199651,,protectiondentalcenter,human,85,0,0,0,85,A
mabelen_rojas,Belen Rojas,https://www.instagram.com/mabelen_rojas,337246766,,protectiondentalcenter,human,85,0,0,0,85,A
dana_crivelli,Dana Crivelli,https://www.instagram.com/dana_crivelli,337555871,,protectiondentalcenter,human,85,0,0,0,85,A
romero_kary,Karina Romero,https://www.instagram.com/romero_kary,338547980,,odontologia3py,human,85,0,0,0,85,A
helena_arango,Helena Arango,https://www.instagram.com/helena_arango,338971438,,protectiondentalcenter,human,85,0,0,0,85,A
deli_aavalos,Delia Avalos,https://www.instagram.com/deli_aavalos,33899713722,,protectiondentalcenter,human,85,0,0,0,85,A
perla_solis,Perla Solis,https://www.instagram.com/perla_solis,339150417,,protectiondentalcenter,human,85,0,0,0,85,A
eto_bichnigauri,Eto Bichnigauri,https://www.instagram.com/eto_bichnigauri,33958665849,,protectiondentalcenter,human,85,0,0,0,85,A
victor_trigo,Victor Trigo,https://www.instagram.com/victor_trigo,33996991,,odontologia3py,human,85,0,0,0,85,A
annika_loide,Annika Loide,https://www.instagram.com/annika_loide,3401076012,,protectiondentalcenter,human,85,0,0,0,85,A
jesica_cabanas,Jesica Cabanas,https://www.instagram.com/jesica_cabanas,340449255,,protectiondentalcenter,human,85,0,0,0,85,A
magdalena_mroziak,Magdalena Mroziak,https://www.instagram.com/magdalena_mroziak,3405100918,,protectiondentalcenter,human,85,0,0,0,85,A
jayne_dodd,Jayne Dodd,https://www.instagram.com/jayne_dodd,3407174249,,protectiondentalcenter,human,85,0,0,0,85,A
maru_gd,Maru Duarte,https://www.instagram.com/maru_gd,340853239,,protectiondentalcenter,human,85,0,0,0,85,A
lineth_comrie,Tara Lineth,https://www.instagram.com/lineth_comrie,3410524055,,protectiondentalcenter,human,85,0,0,0,85,A
vivica_gmnz,Viviana Caceres,https://www.instagram.com/vivica_gmnz,34132420115,,protectiondentalcenter,human,85,0,0,0,85,A
ibiza_ibizabodybusiness,Astrid Rowena,https://www.instagram.com/ibiza_ibizabodybusiness,3416729471,,protectiondentalcenter,human,85,0,0,0,85,A
martita_cardozo,Martita Cardozo,https://www.instagram.com/martita_cardozo,34218326954,,protectiondentalcenter,human,85,0,0,0,85,A
elizabeth_roam,Elizabeth Roa,https://www.instagram.com/elizabeth_roam,3433626497,,protectiondentalcenter,human,85,0,0,0,85,A
julia_puricel,Iulia Puricel,https://www.instagram.com/julia_puricel,3434126412,,protectiondentalcenter,human,85,0,0,0,85,A
galeano_ae,Any Galeano,https://www.instagram.com/galeano_ae,3436643213,,protectiondentalcenter,human,85,0,0,0,85,A
luly_martell,Luly Maartell,https://www.instagram.com/luly_martell,3436765485,,protectiondentalcenter,human,85,0,0,0,85,A
kike_cuevasb,Kike Cuevas,https://www.instagram.com/kike_cuevasb,343824120,,odontologia3py,human,85,0,0,0,85,A
jolienid_yca,Jolienid Cardenas,https://www.instagram.com/jolienid_yca,34385988571,,protectiondentalcenter,human,85,0,0,0,85,A
yesikita_irala,Yesikita Irala,https://www.instagram.com/yesikita_irala,344054284,,protectiondentalcenter,human,85,0,0,0,85,A
nancyta_diaz,Nancy Diaz,https://www.instagram.com/nancyta_diaz,3440865823,,protectiondentalcenter,human,85,0,0,0,85,A
paola_sendin,Paola Sendin,https://www.instagram.com/paola_sendin,3441011353,,protectiondentalcenter,human,85,0,0,0,85,A
kathy_mieres,Katherine Mieres,https://www.instagram.com/kathy_mieres,3444532754,,odontospy,human,85,0,0,0,85,A
mariagraciela_gimenez,Chela Gimenez,https://www.instagram.com/mariagraciela_gimenez,34448773290,,protectiondentalcenter,human,85,0,0,0,85,A
lari_toleedo,Larissa Toledo,https://www.instagram.com/lari_toleedo,34456880994,,protectiondentalcenter,human,85,0,0,0,85,A
rossana_villalbaa,Rossana Villalba,https://www.instagram.com/rossana_villalbaa,3460036461,,odontospy,human,85,0,0,0,85,A
sol_marialopez,Sol Lopez,https://www.instagram.com/sol_marialopez,34641429919,,protectiondentalcenter,human,85,0,0,0,85,A
haymee_hernandez,Haymee Hernandez,https://www.instagram.com/haymee_hernandez,346544617,,protectiondentalcenter,human,85,0,0,0,85,A
valentina_ruizg,Valentina Ruiz,https://www.instagram.com/valentina_ruizg,346845909,,protectiondentalcenter,human,85,0,0,0,85,A
gloria_gimenex,Gloria Gimenez,https://www.instagram.com/gloria_gimenex,3472350856,,odontologia3py,human,85,0,0,0,85,A
manu_benitz,Manuel Benitez,https://www.instagram.com/manu_benitz,347722289,,odontospy,human,85,0,0,0,85,A
pablito_moroz,Pablito Moroz,https://www.instagram.com/pablito_moroz,34831152036,,protectiondentalcenter,human,85,0,0,0,85,A
silvi_robles,Silvia Robles,https://www.instagram.com/silvi_robles,3486226851,,protectiondentalcenter,human,85,0,0,0,85,A
javier_ortigozaa,Javier Ortigoza,https://www.instagram.com/javier_ortigozaa,3486839764,,protectiondentalcenter,human,85,0,0,0,85,A
erikac_hernandez,Erika Hernandez,https://www.instagram.com/erikac_hernandez,3490061775,,protectiondentalcenter,human,85,0,0,0,85,A
larimuller_py,Larissa Muller,https://www.instagram.com/larimuller_py,34908972282,,protectiondentalcenter,human,85,0,0,0,85,A
ce_cristaldo,Ceide Cristaldo,https://www.instagram.com/ce_cristaldo,349146978,,protectiondentalcenter,human,85,0,0,0,85,A
estefania_berja,Estefania Berja,https://www.instagram.com/estefania_berja,34938880391,,protectiondentalcenter,human,85,0,0,0,85,A
sa_segovia,Sandra Segovia,https://www.instagram.com/sa_segovia,350032914,,odontologia3py,human,85,0,0,0,85,A
gema_segundo,Gema Segundo,https://www.instagram.com/gema_segundo,3501915543,,protectiondentalcenter,human,85,0,0,0,85,A
thamys_alonso,Thamara Alonso,https://www.instagram.com/thamys_alonso,3502695728,,protectiondentalcenter,human,85,0,0,0,85,A
soto_alexi,Alexi Soto,https://www.instagram.com/soto_alexi,3505656579,,protectiondentalcenter,human,85,0,0,0,85,A
paula_arca,Ana Arca,https://www.instagram.com/paula_arca,350831952,,protectiondentalcenter,human,85,0,0,0,85,A
cebee_bee,Cebee Bee,https://www.instagram.com/cebee_bee,3509045249,,protectiondentalcenter,human,85,0,0,0,85,A
claudia_plaza,Claudia Plaza,https://www.instagram.com/claudia_plaza,350915281,,protectiondentalcenter,human,85,0,0,0,85,A
mire_sang,Mireya Sanchez,https://www.instagram.com/mire_sang,3510413983,,protectiondentalcenter,human,85,0,0,0,85,A
manzo_irina,Irina Manzo,https://www.instagram.com/manzo_irina,35128687915,,protectiondentalcenter,human,85,0,0,0,85,A
lucyanabouson_sol,Lu Bouson,https://www.instagram.com/lucyanabouson_sol,3512974436,,protectiondentalcenter,human,85,0,0,0,85,A
loira_caligaris,Carolina Caligaris,https://www.instagram.com/loira_caligaris,351726743,,protectiondentalcenter,human,85,0,0,0,85,A
rommy_caceres,Romina Caceres,https://www.instagram.com/rommy_caceres,351889384,,protectiondentalcenter,human,85,0,0,0,85,A
cintia_sosalla,Cintia Sosalla,https://www.instagram.com/cintia_sosalla,35190602,,protectiondentalcenter,human,85,0,0,0,85,A
selvi_lavi,Vidal Lavi,https://www.instagram.com/selvi_lavi,3521395158,,protectiondentalcenter,human,85,0,0,0,85,A
insfran_francisco,Francisco Insfran,https://www.instagram.com/insfran_francisco,3525942534,,odontospy,human,85,0,0,0,85,A
viajante_compulsiva,Zoraya Hatscha,https://www.instagram.com/viajante_compulsiva,352633784,,protectiondentalcenter,human,85,0,0,0,85,A
zepol_zepol,Aslin Zepol,https://www.instagram.com/zepol_zepol,3530103974,,protectiondentalcenter,human,85,0,0,0,85,A
arnal_gar,Ga Arni,https://www.instagram.com/arnal_gar,3531542026,,protectiondentalcenter,human,85,0,0,0,85,A
vivas_magaly,Magaly Vivas,https://www.instagram.com/vivas_magaly,35318425197,,protectiondentalcenter,human,85,0,0,0,85,A
flora_ilie,Simona Ilie,https://www.instagram.com/flora_ilie,3533915546,,protectiondentalcenter,human,85,0,0,0,85,A
agnieszka_kotniewicz,Kotniewicz Agnieszka,https://www.instagram.com/agnieszka_kotniewicz,3534436893,,protectiondentalcenter,human,85,0,0,0,85,A
atelier_karencolman,Celina Colman,https://www.instagram.com/atelier_karencolman,3534765923,,protectiondentalcenter,human,85,0,0,0,85,A
dieguito_enciso,Dieguito Enciso,https://www.instagram.com/dieguito_enciso,3534889415,,odontospy,human,85,0,0,0,85,A
gissela_vitteri,Gissela Vitteri,https://www.instagram.com/gissela_vitteri,3535448192,,protectiondentalcenter,human,85,0,0,0,85,A
al_fabian,Alvaro Palma,https://www.instagram.com/al_fabian,353550582,,odontologia3py,human,85,0,0,0,85,A
notario_clau,Claudia Notario,https://www.instagram.com/notario_clau,3538509301,,odontologia3py,human,85,0,0,0,85,A
ruben_gonzx,Ruben Gomez,https://www.instagram.com/ruben_gonzx,3538538233,,odontospy,human,85,0,0,0,85,A
karly_delgadillopez,Karla Delgadillo,https://www.instagram.com/karly_delgadillopez,3538879455,,protectiondentalcenter,human,85,0,0,0,85,A
cristaldo_gladys,Gladys Cristaldo,https://www.instagram.com/cristaldo_gladys,3540831349,,odontospy,human,85,0,0,0,85,A
susana_galeano,Susana Galeano,https://www.instagram.com/susana_galeano,354629227,,protectiondentalcenter,human,85,0,0,0,85,A
patricia_sulin,Patthy Caballero,https://www.instagram.com/patricia_sulin,3548313615,,odontospy,human,85,0,0,0,85,A
sara_productora,Sara Villalba,https://www.instagram.com/sara_productora,3552524971,,protectiondentalcenter,human,85,0,0,0,85,A
bayar_jamal,Bayar Jamal,https://www.instagram.com/bayar_jamal,3553297873,,protectiondentalcenter,human,85,0,0,0,85,A
carito_amarilla,Caro Amarilla,https://www.instagram.com/carito_amarilla,355632334,,protectiondentalcenter,human,85,0,0,0,85,A
arellano_fiorella,Fiorella Arellano,https://www.instagram.com/arellano_fiorella,355716896,,protectiondentalcenter,human,85,0,0,0,85,A
yuliana_hernandezzzz,Rebeca Hernandez,https://www.instagram.com/yuliana_hernandezzzz,3558416287,,protectiondentalcenter,human,85,0,0,0,85,A
rocio_celesteperalta,Rocio Celeste,https://www.instagram.com/rocio_celesteperalta,3558622187,,odontologia3py,human,85,0,0,0,85,A
fanny_cino,Fanny Cino,https://www.instagram.com/fanny_cino,35593365073,,protectiondentalcenter,human,85,0,0,0,85,A
karem_rios,Karen Rios,https://www.instagram.com/karem_rios,355964033,,protectiondentalcenter,human,85,0,0,0,85,A
fatima_martinezd,Fatima Martinez,https://www.instagram.com/fatima_martinezd,3565010522,,protectiondentalcenter,human,85,0,0,0,85,A
bibiana_melgarejo,Bibiana Melgarejo,https://www.instagram.com/bibiana_melgarejo,3566977746,,protectiondentalcenter,human,85,0,0,0,85,A
cristovam_oficial,Cristovam Capital,https://www.instagram.com/cristovam_oficial,3571453628,,protectiondentalcenter,human,85,0,0,0,85,A
erika_centurion,Erika Centurion,https://www.instagram.com/erika_centurion,357352900,,odontospy,human,85,0,0,0,85,A
chow_guatemala,Guatemala Chow,https://www.instagram.com/chow_guatemala,35765290082,,protectiondentalcenter,human,85,0,0,0,85,A
granados_franci,Franci Granados,https://www.instagram.com/granados_franci,3576940818,,protectiondentalcenter,human,85,0,0,0,85,A
kari_ssmith,Kari Smith,https://www.instagram.com/kari_ssmith,357732391,,odontologia3py,human,85,0,0,0,85,A
buluna_nayarit,Pelayo Yaneth,https://www.instagram.com/buluna_nayarit,358340645,,protectiondentalcenter,human,85,0,0,0,85,A
yirli_rios,Yirli Rios,https://www.instagram.com/yirli_rios,3583582995,,protectiondentalcenter,human,85,0,0,0,85,A
ncbr_zz,Celene Benitez,https://www.instagram.com/ncbr_zz,3584708190,,protectiondentalcenter,human,85,0,0,0,85,A
lesbia_malaver,Josefina Malaver,https://www.instagram.com/lesbia_malaver,3584930785,,protectiondentalcenter,human,85,0,0,0,85,A
valeri_samaniego,Erika Samaniego,https://www.instagram.com/valeri_samaniego,3585325985,,protectiondentalcenter,human,85,0,0,0,85,A
mvivi_peralta,Vivi Peralta,https://www.instagram.com/mvivi_peralta,3588325776,,odontospy,human,85,0,0,0,85,A
wendy_chaparro,Wendy Chaparro,https://www.instagram.com/wendy_chaparro,3588462695,,odontospy,human,85,0,0,0,85,A
marchu_aguirre,Marcela Aguirre,https://www.instagram.com/marchu_aguirre,3588868004,,protectiondentalcenter,human,85,0,0,0,85,A
rojas_katherina,Katherina Rojas,https://www.instagram.com/rojas_katherina,3589799188,,protectiondentalcenter,human,85,0,0,0,85,A
epi_gamarra,Epifania Gamarra,https://www.instagram.com/epi_gamarra,359350622,,odontologia3py,human,85,0,0,0,85,A
rachell_dduarte,Duarte Rachell,https://www.instagram.com/rachell_dduarte,359450794,,protectiondentalcenter,human,85,0,0,0,85,A
mau_moraa,Bella Mora,https://www.instagram.com/mau_moraa,3595701272,,odontologia3py,human,85,0,0,0,85,A
gcz_mariaa,Maria Nuñez,https://www.instagram.com/gcz_mariaa,3597105610,,protectiondentalcenter,human,85,0,0,0,85,A
idi_vera,Idi Vera,https://www.instagram.com/idi_vera,360047217,,protectiondentalcenter,human,85,0,0,0,85,A
lou_gama,Lourdes Gamarra,https://www.instagram.com/lou_gama,360236310,,protectiondentalcenter,human,85,0,0,0,85,A
garcia_marciana,Marciana Garcia,https://www.instagram.com/garcia_marciana,3606016630,,protectiondentalcenter,human,85,0,0,0,85,A
ortiz_anggy,Anggy Ortiz,https://www.instagram.com/ortiz_anggy,360968102,,odontologia3py,human,85,0,0,0,85,A
galeano_fabby,Fabby Galeano,https://www.instagram.com/galeano_fabby,3612122069,,protectiondentalcenter,human,85,0,0,0,85,A
marha_jormen,Martha Gomez,https://www.instagram.com/marha_jormen,3615308756,,protectiondentalcenter,human,85,0,0,0,85,A
emi_gomez,Emilce Gomez,https://www.instagram.com/emi_gomez,362115383,,protectiondentalcenter,human,85,0,0,0,85,A
lauraa_amarilla,Laura Amarilla,https://www.instagram.com/lauraa_amarilla,3621853125,,protectiondentalcenter,human,85,0,0,0,85,A
ruth_flooris,Ruth Flores,https://www.instagram.com/ruth_flooris,36261524140,,protectiondentalcenter,human,85,0,0,0,85,A
rachelc_villar,Rachel Colman,https://www.instagram.com/rachelc_villar,3629865211,,odontologia3py,human,85,0,0,0,85,A
lunita_burgos,Luna Burgos,https://www.instagram.com/lunita_burgos,3632350862,,odontospy,human,85,0,0,0,85,A
claudete_schneider,Claudete Schneider,https://www.instagram.com/claudete_schneider,3632617292,,protectiondentalcenter,human,85,0,0,0,85,A
vazquez_kennel,Michelle Mimi,https://www.instagram.com/vazquez_kennel,36342603592,,protectiondentalcenter,human,85,0,0,0,85,A
lei_briz,Leila Catherine,https://www.instagram.com/lei_briz,364469249,,protectiondentalcenter,human,85,0,0,0,85,A
kristy_slad,Slad Ky,https://www.instagram.com/kristy_slad,3645601662,,protectiondentalcenter,human,85,0,0,0,85,A
ruth_nzarate,Ruth Zarate,https://www.instagram.com/ruth_nzarate,3645882320,,protectiondentalcenter,human,85,0,0,0,85,A
tania_asilvera,Tania Asilvera,https://www.instagram.com/tania_asilvera,364945209,,protectiondentalcenter,human,85,0,0,0,85,A
jack_zelaro,Jackie Zelada,https://www.instagram.com/jack_zelaro,365165822,,odontologia3py,human,85,0,0,0,85,A
lari_chiuzano,Lari Chiuzano,https://www.instagram.com/lari_chiuzano,3652211211,,protectiondentalcenter,human,85,0,0,0,85,A
clotilde_screnci,Cloty Screnci,https://www.instagram.com/clotilde_screnci,3656792528,,protectiondentalcenter,human,85,0,0,0,85,A
gela_viva,Angeles Villaseñor,https://www.instagram.com/gela_viva,36580509134,,protectiondentalcenter,human,85,0,0,0,85,A
lizza_martinli,Lizza Martinez,https://www.instagram.com/lizza_martinli,365949502,,protectiondentalcenter,human,85,0,0,0,85,A
bernaldo_rd,Bernaldo Santana,https://www.instagram.com/bernaldo_rd,36632385379,,protectiondentalcenter,human,85,0,0,0,85,A
joha_ve,Johanny Vivas,https://www.instagram.com/joha_ve,366598553,,odontospy,human,85,0,0,0,85,A
marcelo_valdezc,Marcelo Valdez,https://www.instagram.com/marcelo_valdezc,3676270705,,odontologia3py,human,85,0,0,0,85,A
soledad_presentado,Soledad Presentado,https://www.instagram.com/soledad_presentado,3678506103,,protectiondentalcenter,human,85,0,0,0,85,A
marys_ledesma,Mari Ledesma,https://www.instagram.com/marys_ledesma,3679175576,,protectiondentalcenter,human,85,0,0,0,85,A
ruty_aya,Ruth Ayala,https://www.instagram.com/ruty_aya,368038279,,protectiondentalcenter,human,85,0,0,0,85,A
adorno_fernando,Fernando Adorno,https://www.instagram.com/adorno_fernando,3682286891,,protectiondentalcenter,human,85,0,0,0,85,A
noe_martinezgg,Noelia Martinez,https://www.instagram.com/noe_martinezgg,36827296097,,protectiondentalcenter,human,85,0,0,0,85,A
di_liuzzi,Diana Liuzzi,https://www.instagram.com/di_liuzzi,368391231,,protectiondentalcenter,human,85,0,0,0,85,A
lucivane_eneves,Lucivane Eneves,https://www.instagram.com/lucivane_eneves,36899264872,,protectiondentalcenter,human,85,0,0,0,85,A
manaskov_goran,Goran Manaskoff,https://www.instagram.com/manaskov_goran,3692847816,,protectiondentalcenter,human,85,0,0,0,85,A
ivanete_carmo,Ivanete Juvenal,https://www.instagram.com/ivanete_carmo,3695216585,,protectiondentalcenter,human,85,0,0,0,85,A
susmita_sijapati,Susmita Khadka,https://www.instagram.com/susmita_sijapati,3696424447,,protectiondentalcenter,human,85,0,0,0,85,A
rigo_style,Rigoberto Lezcano,https://www.instagram.com/rigo_style,36971710385,,protectiondentalcenter,human,85,0,0,0,85,A
jhanel_alonso,Jhanel Spencer,https://www.instagram.com/jhanel_alonso,36979501986,,odontospy,human,85,0,0,0,85,A
emilio_sostoa,Emilio Gsm,https://www.instagram.com/emilio_sostoa,370310005,,protectiondentalcenter,human,85,0,0,0,85,A
norma_acostagomez,Norma Acosta,https://www.instagram.com/norma_acostagomez,370335877,,protectiondentalcenter,human,85,0,0,0,85,A
rangel_katiuska,Kathyuska Rangel,https://www.instagram.com/rangel_katiuska,37103409269,,protectiondentalcenter,human,85,0,0,0,85,A
moli_casado,Monica Casado,https://www.instagram.com/moli_casado,371086437,,protectiondentalcenter,human,85,0,0,0,85,A
hernalis_lopez,Hernalis Lopez,https://www.instagram.com/hernalis_lopez,371527753,,protectiondentalcenter,human,85,0,0,0,85,A
maldonado_porfirio,Porfirio Maldonado,https://www.instagram.com/maldonado_porfirio,3716203643,,protectiondentalcenter,human,85,0,0,0,85,A
cyn_aquino,Cyn Aquino,https://www.instagram.com/cyn_aquino,371664435,,protectiondentalcenter,human,85,0,0,0,85,A
renna_chiara,Chiara Renna,https://www.instagram.com/renna_chiara,3721042063,,protectiondentalcenter,human,85,0,0,0,85,A
nadia_leticiasosa,Nadia Gonzalez,https://www.instagram.com/nadia_leticiasosa,37230483260,,protectiondentalcenter,human,85,0,0,0,85,A
ruth_salinas,Ruth Salinas,https://www.instagram.com/ruth_salinas,372319350,,protectiondentalcenter,human,85,0,0,0,85,A
mirian_arce,Mirian Arce,https://www.instagram.com/mirian_arce,372495865,,protectiondentalcenter,human,85,0,0,0,85,A
luz_portillo,Luz Portillo,https://www.instagram.com/luz_portillo,373110910,,protectiondentalcenter,human,85,0,0,0,85,A
fleytas_nel,Nelly Fleytas,https://www.instagram.com/fleytas_nel,373330939,,protectiondentalcenter,human,85,0,0,0,85,A
santimartinez_ph,Santiago Martinez,https://www.instagram.com/santimartinez_ph,37380015365,,odontospy,human,85,0,0,0,85,A
kare_kb,Karelis Kb,https://www.instagram.com/kare_kb,373905055,,protectiondentalcenter,human,85,0,0,0,85,A
isabel_emery,Isabel Emery,https://www.instagram.com/isabel_emery,374156878,,protectiondentalcenter,human,85,0,0,0,85,A
carol_peraltac,Carito Peralta,https://www.instagram.com/carol_peraltac,374959066,,protectiondentalcenter,human,85,0,0,0,85,A
angeles_arzamendia,Angie Arzamendia,https://www.instagram.com/angeles_arzamendia,3753568049,,protectiondentalcenter,human,85,0,0,0,85,A
pati_fernandez,Paty Fernandez,https://www.instagram.com/pati_fernandez,375987638,,odontologia3py,human,85,0,0,0,85,A
vane_lea,Violetta Leaño,https://www.instagram.com/vane_lea,376029272,,odontospy,human,85,0,0,0,85,A
liduvina_santander,Liduvina Santander,https://www.instagram.com/liduvina_santander,37606824268,,protectiondentalcenter,human,85,0,0,0,85,A
fiorella_bruno,Fio Bruno,https://www.instagram.com/fiorella_bruno,376164588,,odontospy,human,85,0,0,0,85,A
renataduarte_psico,Renata Duarte,https://www.instagram.com/renataduarte_psico,376247936,,protectiondentalcenter,human,85,0,0,0,85,A
subli_memoments,Sublime Momentos,https://www.instagram.com/subli_memoments,37806516833,,protectiondentalcenter,human,85,0,0,0,85,A
torres_gustavoariel,Ariel Torres,https://www.instagram.com/torres_gustavoariel,37818120798,,odontologia3py,human,85,0,0,0,85,A
caceress_oscar,Oscar Caceres,https://www.instagram.com/caceress_oscar,37820917132,,protectiondentalcenter,human,85,0,0,0,85,A
fati_cogliolo,Fatima Cogliolo,https://www.instagram.com/fati_cogliolo,378648103,,odontospy,human,85,0,0,0,85,A
frambues_mahi,Rock Hernandez,https://www.instagram.com/frambues_mahi,3790818997,,protectiondentalcenter,human,85,0,0,0,85,A
ve_maciel,Vero Maciel,https://www.instagram.com/ve_maciel,379085576,,odontospy,human,85,0,0,0,85,A
chiquita_bachi,Karen Bachicoria,https://www.instagram.com/chiquita_bachi,379849203,,protectiondentalcenter,human,85,0,0,0,85,A
janeth_pds,Janeth Polanco,https://www.instagram.com/janeth_pds,379929955,,protectiondentalcenter,human,85,0,0,0,85,A
moni_herrero,Moni Herrero,https://www.instagram.com/moni_herrero,380527551,,odontologia3py,human,85,0,0,0,85,A
nadia_daylin,Nadia Torres,https://www.instagram.com/nadia_daylin,38104394567,,odontospy,human,85,0,0,0,85,A
naritaa_yudis,Nara Vanella,https://www.instagram.com/naritaa_yudis,381755724,,odontologia3py,human,85,0,0,0,85,A
belu_marti,Belu Martinez,https://www.instagram.com/belu_marti,382192966,,protectiondentalcenter,human,85,0,0,0,85,A
laurita_roman,Lau Roman,https://www.instagram.com/laurita_roman,382202486,,protectiondentalcenter,human,85,0,0,0,85,A
grazi_deus,Grazielly Deus,https://www.instagram.com/grazi_deus,3826075345,,protectiondentalcenter,human,85,0,0,0,85,A
ele_fer,Elena Ferrero,https://www.instagram.com/ele_fer,38312422211,,protectiondentalcenter,human,85,0,0,0,85,A
vane_vear,Vanessa Vera,https://www.instagram.com/vane_vear,383622066,,protectiondentalcenter,human,85,0,0,0,85,A
cinthia_chiin,Cinthia Acosta,https://www.instagram.com/cinthia_chiin,38405823343,,protectiondentalcenter,human,85,0,0,0,85,A
adelia_ojeda,Marina Ojeda,https://www.instagram.com/adelia_ojeda,38429086142,,protectiondentalcenter,human,85,0,0,0,85,A
nao_florentin,Nao Florentin,https://www.instagram.com/nao_florentin,384398023,,protectiondentalcenter,human,85,0,0,0,85,A
fabricio_intraoss,Fabricio Intraoss,https://www.instagram.com/fabricio_intraoss,38445617649,,odontologia3py,human,85,0,0,0,85,A
nelly_salerno,Nelly Salerno,https://www.instagram.com/nelly_salerno,384706617,,protectiondentalcenter,human,85,0,0,0,85,A
paao_benitez,Paola Benitez,https://www.instagram.com/paao_benitez,384760013,,odontologia3py,human,85,0,0,0,85,A
lizz_ycano,Lizzy Cano,https://www.instagram.com/lizz_ycano,38487629206,,protectiondentalcenter,human,85,0,0,0,85,A
vanessa_dehaza,Vanessa Dehaza,https://www.instagram.com/vanessa_dehaza,38491516064,,protectiondentalcenter,human,85,0,0,0,85,A
ros_ayala,Ros Ayala,https://www.instagram.com/ros_ayala,385099564,,odontologia3py,human,85,0,0,0,85,A
martha_duarte,Martha Duarte,https://www.instagram.com/martha_duarte,385120452,,odontospy,human,85,0,0,0,85,A
val_katalog,Jose Katalog,https://www.instagram.com/val_katalog,3851588111,,protectiondentalcenter,human,85,0,0,0,85,A
helena_soteriou,Elena Sotiriou,https://www.instagram.com/helena_soteriou,38522845587,,protectiondentalcenter,human,85,0,0,0,85,A
arelysj_andueza,Arelys Andueza,https://www.instagram.com/arelysj_andueza,3853023037,,protectiondentalcenter,human,85,0,0,0,85,A
loren_cf,Lorena Caceres,https://www.instagram.com/loren_cf,385658816,,odontospy,human,85,0,0,0,85,A
rossi_paredez,Rocio Paredez,https://www.instagram.com/rossi_paredez,38577923471,,odontospy,human,85,0,0,0,85,A
mart_galeano,Marta Galeano,https://www.instagram.com/mart_galeano,38591032941,,protectiondentalcenter,human,85,0,0,0,85,A
martha_ruffinengo,Martha Ruffinengo,https://www.instagram.com/martha_ruffinengo,38592053024,,protectiondentalcenter,human,85,0,0,0,85,A
julito_zacarias,Julito Zacarias,https://www.instagram.com/julito_zacarias,38642893,,protectiondentalcenter,human,85,0,0,0,85,A
laurys_mora,Laura Mora,https://www.instagram.com/laurys_mora,38725513775,,protectiondentalcenter,human,85,0,0,0,85,A
nancy_salomon,Nancy Salomon,https://www.instagram.com/nancy_salomon,3875981989,,protectiondentalcenter,human,85,0,0,0,85,A
torres_iolanda,Iolanda Torres,https://www.instagram.com/torres_iolanda,3876362768,,protectiondentalcenter,human,85,0,0,0,85,A
gigi_beatrixe,Gisela Doerksen,https://www.instagram.com/gigi_beatrixe,3876795007,,protectiondentalcenter,human,85,0,0,0,85,A
cazal_christian,Christiam Cazal,https://www.instagram.com/cazal_christian,387719257,,odontologia3py,human,85,0,0,0,85,A
debbie_alarid,Debbie Alarid,https://www.instagram.com/debbie_alarid,3877209082,,protectiondentalcenter,human,85,0,0,0,85,A
oskar_osmar,Oskar Ayala,https://www.instagram.com/oskar_osmar,3877569570,,odontologia3py,human,85,0,0,0,85,A
luciano_enpy,Luciano Gauto,https://www.instagram.com/luciano_enpy,387802560,,odontospy,human,85,0,0,0,85,A
noemi_miltos,Noemi Miltos,https://www.instagram.com/noemi_miltos,38808428,,odontospy,human,85,0,0,0,85,A
radulovic_vesna,Vesna Radulovic,https://www.instagram.com/radulovic_vesna,3881104814,,protectiondentalcenter,human,85,0,0,0,85,A
bea_buono,Beatriz Buono,https://www.instagram.com/bea_buono,388225596,,protectiondentalcenter,human,85,0,0,0,85,A
angela_canetee,Angela Cañete,https://www.instagram.com/angela_canetee,3883956885,,odontologia3py,human,85,0,0,0,85,A
tomasamartinez_gon,Tomasa Martinez,https://www.instagram.com/tomasamartinez_gon,38900073707,,protectiondentalcenter,human,85,0,0,0,85,A
mareco_li,Mareco Li,https://www.instagram.com/mareco_li,389168463,,protectiondentalcenter,human,85,0,0,0,85,A
cinth_iaarguello,Cinthia Arguello,https://www.instagram.com/cinth_iaarguello,38925691140,,protectiondentalcenter,human,85,0,0,0,85,A
cantor_carmen,Carmen Cantor,https://www.instagram.com/cantor_carmen,38932445863,,protectiondentalcenter,human,85,0,0,0,85,A
alvarez_niurka,Niurka Álvarez,https://www.instagram.com/alvarez_niurka,3897009729,,protectiondentalcenter,human,85,0,0,0,85,A
luroj_bnz,Luis Rojas,https://www.instagram.com/luroj_bnz,3897118615,,odontologia3py,human,85,0,0,0,85,A
tania_elizacuyuri,Tania Cuyuri,https://www.instagram.com/tania_elizacuyuri,39023793337,,protectiondentalcenter,human,85,0,0,0,85,A
quimi_estetic,Quimi Estetic,https://www.instagram.com/quimi_estetic,390364637,,protectiondentalcenter,human,85,0,0,0,85,A
osmar_noguerab,Osmar Noguera,https://www.instagram.com/osmar_noguerab,39053854382,,odontospy,human,85,0,0,0,85,A
almiron_ali,Ali Maciel,https://www.instagram.com/almiron_ali,39063303095,,odontospy,human,85,0,0,0,85,A
idalina_alegre,Idalina Alegre,https://www.instagram.com/idalina_alegre,39067634867,,odontospy,human,85,0,0,0,85,A
mile_brugada,Milena Brugada,https://www.instagram.com/mile_brugada,3907165788,,protectiondentalcenter,human,85,0,0,0,85,A
acosta_milly,Milly Acosta,https://www.instagram.com/acosta_milly,3909399877,,odontologia3py,human,85,0,0,0,85,A
tam_orue,Tamara Orue,https://www.instagram.com/tam_orue,391065583,,odontospy,human,85,0,0,0,85,A
belu_dupland,Belu Dupland,https://www.instagram.com/belu_dupland,3911445727,,protectiondentalcenter,human,85,0,0,0,85,A
fabysol_cabrera,Fabysol Cabrera,https://www.instagram.com/fabysol_cabrera,391255911,,protectiondentalcenter,human,85,0,0,0,85,A
viktoria_karagiozian,Viktoria Karagiozian,https://www.instagram.com/viktoria_karagiozian,39129224998,,protectiondentalcenter,human,85,0,0,0,85,A
silene_vega,Eli Jacquet,https://www.instagram.com/silene_vega,39132637300,,protectiondentalcenter,human,85,0,0,0,85,A
gabriel_aliende,Gabriel Aliende,https://www.instagram.com/gabriel_aliende,391347510,,protectiondentalcenter,human,85,0,0,0,85,A
nayme_paredes,Nayme Paredes,https://www.instagram.com/nayme_paredes,391384352,,odontologia3py,human,85,0,0,0,85,A
wilma_bobadilla,Wilma Bobadilla,https://www.instagram.com/wilma_bobadilla,3914059104,,protectiondentalcenter,human,85,0,0,0,85,A
manchi_britos,Manchi Britos,https://www.instagram.com/manchi_britos,391426650,,odontologia3py,human,85,0,0,0,85,A
estrella_navass,Estrella Navas,https://www.instagram.com/estrella_navass,3914584821,,protectiondentalcenter,human,85,0,0,0,85,A
nathy_rolon,Nathy Rolon,https://www.instagram.com/nathy_rolon,391648367,,protectiondentalcenter,human,85,0,0,0,85,A
gaby_rdgz,Gabriela Rodriguez,https://www.instagram.com/gaby_rdgz,391703466,,protectiondentalcenter,human,85,0,0,0,85,A
marisel_oc,Ojeda Marisel,https://www.instagram.com/marisel_oc,3918724584,,protectiondentalcenter,human,85,0,0,0,85,A
cynchu_cabre,Cynthia Cabrera,https://www.instagram.com/cynchu_cabre,392257727,,odontologia3py,human,85,0,0,0,85,A
lupi_britez,Lupi Britez,https://www.instagram.com/lupi_britez,39239063572,,protectiondentalcenter,human,85,0,0,0,85,A
ce_rdp,Cerdp Cerdp,https://www.instagram.com/ce_rdp,392626467,,protectiondentalcenter,human,85,0,0,0,85,A
patricia_gallardon,Patricia Gallardo,https://www.instagram.com/patricia_gallardon,39266962367,,protectiondentalcenter,human,85,0,0,0,85,A
hilde_luersen,Hilde Luersen,https://www.instagram.com/hilde_luersen,392670697,,protectiondentalcenter,human,85,0,0,0,85,A
lauu_gaona,Laura Gaona,https://www.instagram.com/lauu_gaona,3926825789,,protectiondentalcenter,human,85,0,0,0,85,A
carito_zanon,Carito Zanon,https://www.instagram.com/carito_zanon,39286016551,,protectiondentalcenter,human,85,0,0,0,85,A
mariano_garcete,Mariano Garcete,https://www.instagram.com/mariano_garcete,39290659541,,odontologia3py,human,85,0,0,0,85,A
jami_santillan,Jamily Santillan,https://www.instagram.com/jami_santillan,393009676,,protectiondentalcenter,human,85,0,0,0,85,A
ombretta_finardi,Ombretta Finardi,https://www.instagram.com/ombretta_finardi,39393161797,,protectiondentalcenter,human,85,0,0,0,85,A
rochi_navarro,Rochi Navarro,https://www.instagram.com/rochi_navarro,39402685,,protectiondentalcenter,human,85,0,0,0,85,A
noemi_notari,Noemi Notari,https://www.instagram.com/noemi_notari,394114848,,odontologia3py,human,85,0,0,0,85,A
celmari_anzki,Anzki Mar,https://www.instagram.com/celmari_anzki,3944446400,,odontospy,human,85,0,0,0,85,A
arrua_marly,Marly Arrua,https://www.instagram.com/arrua_marly,3945663820,,protectiondentalcenter,human,85,0,0,0,85,A
ceu_faria,Ceu Faria,https://www.instagram.com/ceu_faria,3949167838,,protectiondentalcenter,human,85,0,0,0,85,A
rosalia_lez,Rosalia Lezcano,https://www.instagram.com/rosalia_lez,3950342001,,protectiondentalcenter,human,85,0,0,0,85,A
abdia_scabrera,Abdias Cabrera,https://www.instagram.com/abdia_scabrera,39558946472,,protectiondentalcenter,human,85,0,0,0,85,A
paao_valenzuela,Paola Valenzuela,https://www.instagram.com/paao_valenzuela,3958650097,,protectiondentalcenter,human,85,0,0,0,85,A
mariasocorro_cs,Socorro Carneiro,https://www.instagram.com/mariasocorro_cs,3962042931,,protectiondentalcenter,human,85,0,0,0,85,A
monzon_katty,Katty Monzon,https://www.instagram.com/monzon_katty,3963344606,,odontospy,human,85,0,0,0,85,A
mgaby_morales,Gabriela Morales,https://www.instagram.com/mgaby_morales,39654327911,,protectiondentalcenter,human,85,0,0,0,85,A
viviana_hasakovic,Viviana Mota,https://www.instagram.com/viviana_hasakovic,397142115,,protectiondentalcenter,human,85,0,0,0,85,A
yaque_noya,Yaqueline Noya,https://www.instagram.com/yaque_noya,39724965022,,protectiondentalcenter,human,85,0,0,0,85,A
yurmis_flowers,Yurmis Flores,https://www.instagram.com/yurmis_flowers,3973324015,,protectiondentalcenter,human,85,0,0,0,85,A
silv_mza,Silvia Meza,https://www.instagram.com/silv_mza,3974747007,,odontologia3py,human,85,0,0,0,85,A
natasa_diman,Natasa Diman,https://www.instagram.com/natasa_diman,3976749976,,protectiondentalcenter,human,85,0,0,0,85,A
vikiny_mendes,Vir Mendes,https://www.instagram.com/vikiny_mendes,3977573276,,protectiondentalcenter,human,85,0,0,0,85,A
sanny_zam,Sandra Zambrano,https://www.instagram.com/sanny_zam,3982880297,,protectiondentalcenter,human,85,0,0,0,85,A
guada_agueroc,Guadalupe Aguero,https://www.instagram.com/guada_agueroc,3984858765,,protectiondentalcenter,human,85,0,0,0,85,A
elyzabeth_ac,Elizabeth Alvarez,https://www.instagram.com/elyzabeth_ac,398541661,,protectiondentalcenter,human,85,0,0,0,85,A
amada_gillenn,Amada Gillen,https://www.instagram.com/amada_gillenn,39860673976,,protectiondentalcenter,human,85,0,0,0,85,A
alves_nicea,Nicea Alves,https://www.instagram.com/alves_nicea,39885644401,,protectiondentalcenter,human,85,0,0,0,85,A
emiliamaqueda_mem,Emilia Maqueda,https://www.instagram.com/emiliamaqueda_mem,3992155809,,protectiondentalcenter,human,85,0,0,0,85,A
cardozo_alba,Alba Cardozo,https://www.instagram.com/cardozo_alba,3994519634,,protectiondentalcenter,human,85,0,0,0,85,A
deborah_siqueirac,Deborah Siqueira,https://www.instagram.com/deborah_siqueirac,399525373,,protectiondentalcenter,human,85,0,0,0,85,A
marian_britos,Marian Britos,https://www.instagram.com/marian_britos,3996074913,,odontospy,human,85,0,0,0,85,A
nora_irala,Nora Irala,https://www.instagram.com/nora_irala,399628279,,protectiondentalcenter,human,85,0,0,0,85,A
ara_inchausti,Arami Inchausti,https://www.instagram.com/ara_inchausti,399853232,,protectiondentalcenter,human,85,0,0,0,85,A
lidija_paskoska,Lidija Paskoska,https://www.instagram.com/lidija_paskoska,3999851899,,protectiondentalcenter,human,85,0,0,0,85,A
gabotto_leila,Leyla Gabotto,https://www.instagram.com/gabotto_leila,4003168202,,odontologia3py,human,85,0,0,0,85,A
vivianrocha_bessa,Viviane Rocha,https://www.instagram.com/vivianrocha_bessa,40033645258,,protectiondentalcenter,human,85,0,0,0,85,A
spinola_raffa,Raffa Spinola,https://www.instagram.com/spinola_raffa,4008484522,,protectiondentalcenter,human,85,0,0,0,85,A
terezinha_clarice,Clarice Ehlert,https://www.instagram.com/terezinha_clarice,40100320189,,protectiondentalcenter,human,85,0,0,0,85,A
magnolia_fleitas,Gissela Magnolia,https://www.instagram.com/magnolia_fleitas,4015253912,,protectiondentalcenter,human,85,0,0,0,85,A
celina_mancuello,Celina Mancuello,https://www.instagram.com/celina_mancuello,4016992522,,protectiondentalcenter,human,85,0,0,0,85,A
josete_sena,Josete Sena,https://www.instagram.com/josete_sena,40191209972,,protectiondentalcenter,human,85,0,0,0,85,A
vina_almeida,Divina Almeida,https://www.instagram.com/vina_almeida,4020057714,,protectiondentalcenter,human,85,0,0,0,85,A
karina_reimers,Karina Reimers,https://www.instagram.com/karina_reimers,402079105,,protectiondentalcenter,human,85,0,0,0,85,A
eli_servinn,Elizabeth Servin,https://www.instagram.com/eli_servinn,40237161434,,protectiondentalcenter,human,85,0,0,0,85,A
cony_adel,Leda Hall,https://www.instagram.com/cony_adel,4024773770,,protectiondentalcenter,human,85,0,0,0,85,A
torres_luu,Lucia Torres,https://www.instagram.com/torres_luu,402620492,,odontospy,human,85,0,0,0,85,A
silvero_ad,Griss Silvero,https://www.instagram.com/silvero_ad,40280703928,,protectiondentalcenter,human,85,0,0,0,85,A
yessicasosa_py,Gessica Sosa,https://www.instagram.com/yessicasosa_py,40287135106,,protectiondentalcenter,human,85,0,0,0,85,A
guzzman_mell,Guzman Guzman,https://www.instagram.com/guzzman_mell,4030259538,,protectiondentalcenter,human,85,0,0,0,85,A
melva_cambra,Melva Cambra,https://www.instagram.com/melva_cambra,403234210,,protectiondentalcenter,human,85,0,0,0,85,A
nan_dogodoy,Nando Godoy,https://www.instagram.com/nan_dogodoy,40388510333,,odontologia3py,human,85,0,0,0,85,A
soleee_ser,Sole Servin,https://www.instagram.com/soleee_ser,404408259,,protectiondentalcenter,human,85,0,0,0,85,A
chris_bordon,Christian Bordon,https://www.instagram.com/chris_bordon,404669335,,odontospy,human,85,0,0,0,85,A
rossana_solar,Rossana Solar,https://www.instagram.com/rossana_solar,4050718871,,protectiondentalcenter,human,85,0,0,0,85,A
marcelaa_maldonado,Marce Maldonado,https://www.instagram.com/marcelaa_maldonado,4051938576,,protectiondentalcenter,human,85,0,0,0,85,A
rosaura_sarmiento,Rosaura Sarmiento,https://www.instagram.com/rosaura_sarmiento,40524681442,,protectiondentalcenter,human,85,0,0,0,85,A
fati_ledesma,Fatima Ledesma,https://www.instagram.com/fati_ledesma,4053178064,,protectiondentalcenter,human,85,0,0,0,85,A
fa_torales,Fatima Torales,https://www.instagram.com/fa_torales,405361909,,odontologia3py,human,85,0,0,0,85,A
milka_michely,Milka Florenciano,https://www.instagram.com/milka_michely,405762846,,protectiondentalcenter,human,85,0,0,0,85,A
coronel_yudith,Yudith Coronel,https://www.instagram.com/coronel_yudith,4061903403,,protectiondentalcenter,human,85,0,0,0,85,A
alma_macedo,Alma Macedo,https://www.instagram.com/alma_macedo,4064131320,,protectiondentalcenter,human,85,0,0,0,85,A
cecilia_sagra,Cecilia Sagra,https://www.instagram.com/cecilia_sagra,406465737,,protectiondentalcenter,human,85,0,0,0,85,A
emilia_quintero,Emilia Quintero,https://www.instagram.com/emilia_quintero,4065492356,,protectiondentalcenter,human,85,0,0,0,85,A
liliv_portillo,Lili Portillo,https://www.instagram.com/liliv_portillo,40680041135,,protectiondentalcenter,human,85,0,0,0,85,A
joane_galarneau,Joane Galarneau,https://www.instagram.com/joane_galarneau,4069232775,,protectiondentalcenter,human,85,0,0,0,85,A
silvia_gonzalezleon,Silvia Gonzalez,https://www.instagram.com/silvia_gonzalezleon,4069390947,,protectiondentalcenter,human,85,0,0,0,85,A
ely_encinaa,Elizabeth Encina,https://www.instagram.com/ely_encinaa,40738880984,,protectiondentalcenter,human,85,0,0,0,85,A
coronel_nathi,Nathalia Coronel,https://www.instagram.com/coronel_nathi,4075955707,,odontospy,human,85,0,0,0,85,A
mariela_rotela,Mariela Rotela,https://www.instagram.com/mariela_rotela,4078514458,,protectiondentalcenter,human,85,0,0,0,85,A
carla_gfarias,Carla Gomes,https://www.instagram.com/carla_gfarias,40874464607,,protectiondentalcenter,human,85,0,0,0,85,A
silvino_viera,Tutitomacul Viera,https://www.instagram.com/silvino_viera,409158806,,odontologia3py,human,85,0,0,0,85,A
quiroz_rossy,Rossy Quiroz,https://www.instagram.com/quiroz_rossy,4094783065,,odontospy,human,85,0,0,0,85,A
rox_pisa,Rosanna Pisani,https://www.instagram.com/rox_pisa,4095668867,,protectiondentalcenter,human,85,0,0,0,85,A
mi_iglesias,Cris Chilavert,https://www.instagram.com/mi_iglesias,4098503523,,protectiondentalcenter,human,85,0,0,0,85,A
ale_recaldem,Ale Recalde,https://www.instagram.com/ale_recaldem,4099099752,,odontospy,human,85,0,0,0,85,A
vio_chena,Violeta Chena,https://www.instagram.com/vio_chena,41091539572,,protectiondentalcenter,human,85,0,0,0,85,A
edi_bustamante,Edith Bustamante,https://www.instagram.com/edi_bustamante,4110655036,,protectiondentalcenter,human,85,0,0,0,85,A
dey_car,Deisy Carolina,https://www.instagram.com/dey_car,4110751638,,protectiondentalcenter,human,85,0,0,0,85,A
nirvina_susila,Samar Syr,https://www.instagram.com/nirvina_susila,4111098284,,protectiondentalcenter,human,85,0,0,0,85,A
mrs_gardens,Alev Bahceler,https://www.instagram.com/mrs_gardens,4111648801,,protectiondentalcenter,human,85,0,0,0,85,A
debra_spinardi,Debra Spinardi,https://www.instagram.com/debra_spinardi,4111747791,,protectiondentalcenter,human,85,0,0,0,85,A
chari_sb,Chari Sosa,https://www.instagram.com/chari_sb,412189646,,odontologia3py,human,85,0,0,0,85,A
anita_cabanas,Anita Cabañas,https://www.instagram.com/anita_cabanas,412253927,,protectiondentalcenter,human,85,0,0,0,85,A
mammamia_ristorantegrill,Mamma Mia,https://www.instagram.com/mammamia_ristorantegrill,41231163549,,protectiondentalcenter,human,85,0,0,0,85,A
guillermin_py,Guillermo Ortigoza,https://www.instagram.com/guillermin_py,41236757653,,odontologia3py,human,85,0,0,0,85,A
castaneda_karenx,Karen Ximena,https://www.instagram.com/castaneda_karenx,4127291030,,protectiondentalcenter,human,85,0,0,0,85,A
dia_herrera,Diana Herrera,https://www.instagram.com/dia_herrera,412915835,,protectiondentalcenter,human,85,0,0,0,85,A
jad_lauherrera,Laura Herrera,https://www.instagram.com/jad_lauherrera,413237143,,protectiondentalcenter,human,85,0,0,0,85,A
rossana_isasa,Rossana Isasa,https://www.instagram.com/rossana_isasa,413426016,,protectiondentalcenter,human,85,0,0,0,85,A
pao_fiit,Paola Monserrat,https://www.instagram.com/pao_fiit,4135610174,,protectiondentalcenter,human,85,0,0,0,85,A
razhiel_gr,Gaby Ro,https://www.instagram.com/razhiel_gr,4137057490,,protectiondentalcenter,human,85,0,0,0,85,A
angie_apuril,Angie Apuril,https://www.instagram.com/angie_apuril,4137100984,,protectiondentalcenter,human,85,0,0,0,85,A
lezcano_irigoitia,Ana Belen,https://www.instagram.com/lezcano_irigoitia,413782485,,protectiondentalcenter,human,85,0,0,0,85,A
negra_mera,Jennifer Mera,https://www.instagram.com/negra_mera,4139587615,,protectiondentalcenter,human,85,0,0,0,85,A
paes_mara,Mariah Paes,https://www.instagram.com/paes_mara,4140086849,,protectiondentalcenter,human,85,0,0,0,85,A
dahiana_diarte,Dahiana Diarte,https://www.instagram.com/dahiana_diarte,4140368712,,odontologia3py,human,85,0,0,0,85,A
antonella_dielma,Anto Dielma,https://www.instagram.com/antonella_dielma,414246160,,odontologia3py,human,85,0,0,0,85,A
maciel_noe,Noe Maciel,https://www.instagram.com/maciel_noe,4142611374,,protectiondentalcenter,human,85,0,0,0,85,A
patty_eveche,Patricia Ramirez,https://www.instagram.com/patty_eveche,414375703,,protectiondentalcenter,human,85,0,0,0,85,A
victor_maldm,Victor Maldonado,https://www.instagram.com/victor_maldm,4147389577,,protectiondentalcenter,human,85,0,0,0,85,A
riveros_everli,Riveros Everli,https://www.instagram.com/riveros_everli,41476923446,,protectiondentalcenter,human,85,0,0,0,85,A
eli_zabethstylist,Elizabeth Martinez,https://www.instagram.com/eli_zabethstylist,41497845765,,protectiondentalcenter,human,85,0,0,0,85,A
fer_fcardozo,Fernanda Cardozo,https://www.instagram.com/fer_fcardozo,4150110280,,odontologia3py,human,85,0,0,0,85,A
mayeregger_ana,Ana Mayeregger,https://www.instagram.com/mayeregger_ana,4152383108,,protectiondentalcenter,human,85,0,0,0,85,A
papadopoulos_marina,Marina Papadopoulos,https://www.instagram.com/papadopoulos_marina,41546866655,,protectiondentalcenter,human,85,0,0,0,85,A
sonia_villalbaleiva,Sonia Villalba,https://www.instagram.com/sonia_villalbaleiva,4155400708,,protectiondentalcenter,human,85,0,0,0,85,A
lupo_emanuela,Emanuela Lupo,https://www.instagram.com/lupo_emanuela,4155860515,,protectiondentalcenter,human,85,0,0,0,85,A
colman_leticia,Leticia Colman,https://www.instagram.com/colman_leticia,41562806461,,protectiondentalcenter,human,85,0,0,0,85,A
lorena_venialgo,Lorena Venialgo,https://www.instagram.com/lorena_venialgo,4157629261,,protectiondentalcenter,human,85,0,0,0,85,A
noe_hubeli,Noe Hubeli,https://www.instagram.com/noe_hubeli,4158681650,,protectiondentalcenter,human,85,0,0,0,85,A
willie_garcia,Pat Garcia,https://www.instagram.com/willie_garcia,415985591,,protectiondentalcenter,human,85,0,0,0,85,A
malena_dj,Marianella Natera,https://www.instagram.com/malena_dj,4163261658,,protectiondentalcenter,human,85,0,0,0,85,A
beatriz_benitezbernal,Bea Benitez,https://www.instagram.com/beatriz_benitezbernal,41638545304,,protectiondentalcenter,human,85,0,0,0,85,A
mieres_albaa,Alba Mieres,https://www.instagram.com/mieres_albaa,41665374223,,odontospy,human,85,0,0,0,85,A
cubilla_karina,Karina Cubilla,https://www.instagram.com/cubilla_karina,4168114406,,odontologia3py,human,85,0,0,0,85,A
narvaez_li,Lilian Narvaez,https://www.instagram.com/narvaez_li,4168848716,,protectiondentalcenter,human,85,0,0,0,85,A
rocio_pelaez,Rocio Pelaez,https://www.instagram.com/rocio_pelaez,417557548,,odontologia3py,human,85,0,0,0,85,A
maril_ramos,Marilza Ramos,https://www.instagram.com/maril_ramos,417622973,,protectiondentalcenter,human,85,0,0,0,85,A
elisabeete_gueedes,Elisabete Guedes,https://www.instagram.com/elisabeete_gueedes,4178684902,,protectiondentalcenter,human,85,0,0,0,85,A
rumi_cris,Rumi Cristaldo,https://www.instagram.com/rumi_cris,4178852908,,protectiondentalcenter,human,85,0,0,0,85,A
keli_espig,Keli Espig,https://www.instagram.com/keli_espig,4180826613,,protectiondentalcenter,human,85,0,0,0,85,A
mar_garitaperalta,Margarita Peralta,https://www.instagram.com/mar_garitaperalta,41835100512,,protectiondentalcenter,human,85,0,0,0,85,A
mirian_miyawaki,Miyawaki Mirian,https://www.instagram.com/mirian_miyawaki,41853409655,,protectiondentalcenter,human,85,0,0,0,85,A
ara_solism,Marly Solis,https://www.instagram.com/ara_solism,4188612407,,odontospy,human,85,0,0,0,85,A
maricarmen_ruiz,Maricarmen Ruiz,https://www.instagram.com/maricarmen_ruiz,419014593,,odontologia3py,human,85,0,0,0,85,A
bertarini_evis,Evis Bertarini,https://www.instagram.com/bertarini_evis,41901599248,,protectiondentalcenter,human,85,0,0,0,85,A
pilar_candel,Pilar Olvera,https://www.instagram.com/pilar_candel,4191459921,,protectiondentalcenter,human,85,0,0,0,85,A
janni_caseres,Elsia Aquino,https://www.instagram.com/janni_caseres,41928660498,,odontospy,human,85,0,0,0,85,A
martinez_larissa,Larissa Martinez,https://www.instagram.com/martinez_larissa,4192937688,,protectiondentalcenter,human,85,0,0,0,85,A
pat_ferre,Patricia Ferreira,https://www.instagram.com/pat_ferre,4193676961,,odontologia3py,human,85,0,0,0,85,A
reem_zafran,Rim Tafran,https://www.instagram.com/reem_zafran,41944421808,,protectiondentalcenter,human,85,0,0,0,85,A
yonny_misael,Yonny Misael,https://www.instagram.com/yonny_misael,419653967,,odontologia3py,human,85,0,0,0,85,A
juls_yz,Juli Za,https://www.instagram.com/juls_yz,419669672,,protectiondentalcenter,human,85,0,0,0,85,A
yessi_gp,Yessica Gonzalez,https://www.instagram.com/yessi_gp,419924484,,protectiondentalcenter,human,85,0,0,0,85,A
carma_mogar,Carma Mogar,https://www.instagram.com/carma_mogar,42010671176,,protectiondentalcenter,human,85,0,0,0,85,A
curley_linda,Linda Curley,https://www.instagram.com/curley_linda,4201845525,,protectiondentalcenter,human,85,0,0,0,85,A
melv_valenzuela,Melva Valenzuela,https://www.instagram.com/melv_valenzuela,42024024257,,protectiondentalcenter,human,85,0,0,0,85,A
carolgaleano_ro,Carol Galeano,https://www.instagram.com/carolgaleano_ro,42040060116,,protectiondentalcenter,human,85,0,0,0,85,A
glo_silva,Silva Raquel,https://www.instagram.com/glo_silva,420482258,,odontologia3py,human,85,0,0,0,85,A
niilsa_lopez,Nilsa Lopez,https://www.instagram.com/niilsa_lopez,420502018,,protectiondentalcenter,human,85,0,0,0,85,A
caroliina_benitez,Carolina Benitez,https://www.instagram.com/caroliina_benitez,420563697,,protectiondentalcenter,human,85,0,0,0,85,A
gloriatorres_cejas,Gloria Torres,https://www.instagram.com/gloriatorres_cejas,4207522134,,odontospy,human,85,0,0,0,85,A
cedeno_estrella,Estrella Cedeno,https://www.instagram.com/cedeno_estrella,4208744109,,protectiondentalcenter,human,85,0,0,0,85,A
espinola_fabi,Fabiola Espinola,https://www.instagram.com/espinola_fabi,4210500386,,protectiondentalcenter,human,85,0,0,0,85,A
vjcserv_jimenez,Veronica Jimenez,https://www.instagram.com/vjcserv_jimenez,42108166784,,protectiondentalcenter,human,85,0,0,0,85,A
simoni_palma,Simoni Palma,https://www.instagram.com/simoni_palma,4211073416,,protectiondentalcenter,human,85,0,0,0,85,A
rukhas_maria,Dominguez Soledad,https://www.instagram.com/rukhas_maria,42129181692,,protectiondentalcenter,human,85,0,0,0,85,A
leguizamon_marie,Mariela Paredes,https://www.instagram.com/leguizamon_marie,4213345126,,protectiondentalcenter,human,85,0,0,0,85,A
lugo_der,Derlis Lugo,https://www.instagram.com/lugo_der,4213998028,,odontologia3py,human,85,0,0,0,85,A
chavez_di,Di Chavez,https://www.instagram.com/chavez_di,4221376085,,protectiondentalcenter,human,85,0,0,0,85,A
fati_eva,Fatima Gonzalez,https://www.instagram.com/fati_eva,422169453,,protectiondentalcenter,human,85,0,0,0,85,A
anita_amarilla,Ana Amarilla,https://www.instagram.com/anita_amarilla,422190249,,protectiondentalcenter,human,85,0,0,0,85,A
fa_fdz,Fa Fdz,https://www.instagram.com/fa_fdz,42267584,,protectiondentalcenter,human,85,0,0,0,85,A
leti_meza,Leti Meza,https://www.instagram.com/leti_meza,422763109,,odontologia3py,human,85,0,0,0,85,A
toledo_july,Julia Toledo,https://www.instagram.com/toledo_july,4228276930,,odontospy,human,85,0,0,0,85,A
melita_samaniego,Esmelda Samaniego,https://www.instagram.com/melita_samaniego,4228504222,,protectiondentalcenter,human,85,0,0,0,85,A
lizz_keratine,Lizz Keratine,https://www.instagram.com/lizz_keratine,4232627832,,protectiondentalcenter,human,85,0,0,0,85,A
fabiulosa_sun,Fabiola Rojas,https://www.instagram.com/fabiulosa_sun,4233492682,,protectiondentalcenter,human,85,0,0,0,85,A
eminee_cak,Emine Cakircali,https://www.instagram.com/eminee_cak,4237050542,,protectiondentalcenter,human,85,0,0,0,85,A
almada_digna,Digna Almada,https://www.instagram.com/almada_digna,4251858320,,protectiondentalcenter,human,85,0,0,0,85,A
leila_orue,Patricia Orue,https://www.instagram.com/leila_orue,4257100907,,odontologia3py,human,85,0,0,0,85,A
lucia_azzarelli,Lucia Azzarelli,https://www.instagram.com/lucia_azzarelli,4263382167,,protectiondentalcenter,human,85,0,0,0,85,A
anae_almadae,Ana Almada,https://www.instagram.com/anae_almadae,426387299,,protectiondentalcenter,human,85,0,0,0,85,A
car_neg,Carmen Negrete,https://www.instagram.com/car_neg,4263994855,,protectiondentalcenter,human,85,0,0,0,85,A
luis_orue,Luis Orue,https://www.instagram.com/luis_orue,426487736,,odontologia3py,human,85,0,0,0,85,A
marcela_cornell,Marcela Cornell,https://www.instagram.com/marcela_cornell,426876395,,protectiondentalcenter,human,85,0,0,0,85,A
antonia_leguizamon,Leguizamon Anto,https://www.instagram.com/antonia_leguizamon,4274744418,,protectiondentalcenter,human,85,0,0,0,85,A
pacheco_nely,Nely Pacheco,https://www.instagram.com/pacheco_nely,4275394236,,protectiondentalcenter,human,85,0,0,0,85,A
naara_creaciones,Ferna Alq,https://www.instagram.com/naara_creaciones,42758054005,,protectiondentalcenter,human,85,0,0,0,85,A
claudia_rojasb,Claudia Rojas,https://www.instagram.com/claudia_rojasb,4277687509,,protectiondentalcenter,human,85,0,0,0,85,A
sara_perezcardozo,Sara Perez,https://www.instagram.com/sara_perezcardozo,4278452335,,protectiondentalcenter,human,85,0,0,0,85,A
derlis_britezz,Derlis Britez,https://www.instagram.com/derlis_britezz,428029851,,odontospy,human,85,0,0,0,85,A
silvana_lifestyle,Silvana Silvana,https://www.instagram.com/silvana_lifestyle,4281273702,,protectiondentalcenter,human,85,0,0,0,85,A
gerlys_argotte,Gerlys Argotte,https://www.instagram.com/gerlys_argotte,4284527035,,protectiondentalcenter,human,85,0,0,0,85,A
lethy_gimenez,Leticia Gimenez,https://www.instagram.com/lethy_gimenez,4287287050,,protectiondentalcenter,human,85,0,0,0,85,A
magaly_ojedab,Maga Ojeda,https://www.instagram.com/magaly_ojedab,4292369582,,protectiondentalcenter,human,85,0,0,0,85,A
angeles_alvarezz,Angeles Alvarez,https://www.instagram.com/angeles_alvarezz,429264707,,odontospy,human,85,0,0,0,85,A
talhdez_lolis,Mar Hernandez,https://www.instagram.com/talhdez_lolis,42934754677,,protectiondentalcenter,human,85,0,0,0,85,A
caro_cac,Caro Caceres,https://www.instagram.com/caro_cac,429551251,,protectiondentalcenter,human,85,0,0,0,85,A
arlex_comunicaciones,Arlex Comunicaciones,https://www.instagram.com/arlex_comunicaciones,429567208,,protectiondentalcenter,human,85,0,0,0,85,A
acosta_camy,Camila Acosta,https://www.instagram.com/acosta_camy,4296188800,,protectiondentalcenter,human,85,0,0,0,85,A
vb_aguilar,Vero Aguilar,https://www.instagram.com/vb_aguilar,4296746872,,protectiondentalcenter,human,85,0,0,0,85,A
bozena_lolova,Bozena Lolova,https://www.instagram.com/bozena_lolova,4298964873,,protectiondentalcenter,human,85,0,0,0,85,A
vergara_mace,Mary Vergara,https://www.instagram.com/vergara_mace,4301059940,,protectiondentalcenter,human,85,0,0,0,85,A
redhead_acv,Valiente Auro,https://www.instagram.com/redhead_acv,430158265,,odontologia3py,human,85,0,0,0,85,A
mayte_card,Lucy Aponte,https://www.instagram.com/mayte_card,4304455619,,protectiondentalcenter,human,85,0,0,0,85,A
ge_trump,Gabriela Trump,https://www.instagram.com/ge_trump,4311007222,,odontospy,human,85,0,0,0,85,A
valeria_cunhacastellao,Valeria Castellao,https://www.instagram.com/valeria_cunhacastellao,4314185760,,protectiondentalcenter,human,85,0,0,0,85,A
marizza_be,Mariza Benitez,https://www.instagram.com/marizza_be,4316565979,,odontospy,human,85,0,0,0,85,A
luciene_valentim,Luciene Valentim,https://www.instagram.com/luciene_valentim,4319557945,,protectiondentalcenter,human,85,0,0,0,85,A
lua_varga,Nahir Vargas,https://www.instagram.com/lua_varga,43215422269,,odontospy,human,85,0,0,0,85,A
gimenez_dalia,Dalia Gimenez,https://www.instagram.com/gimenez_dalia,43236877230,,protectiondentalcenter,human,85,0,0,0,85,A
cuca_carreras,Susana Carreras,https://www.instagram.com/cuca_carreras,4324229305,,protectiondentalcenter,human,85,0,0,0,85,A
josefina_galarraga,Josefina Galarraga,https://www.instagram.com/josefina_galarraga,4324871907,,protectiondentalcenter,human,85,0,0,0,85,A
romi_morinigo,Romi Morinigo,https://www.instagram.com/romi_morinigo,433111633,,odontologia3py,human,85,0,0,0,85,A
grace_escal,Graciela Escalante,https://www.instagram.com/grace_escal,43325039187,,protectiondentalcenter,human,85,0,0,0,85,A
sarayei_batista,Sarayei Batista,https://www.instagram.com/sarayei_batista,4334593903,,protectiondentalcenter,human,85,0,0,0,85,A
pao_villasanti,Pao Villasanti,https://www.instagram.com/pao_villasanti,43353259055,,odontospy,human,85,0,0,0,85,A
ruthie_vegaa,Ruthie Olea,https://www.instagram.com/ruthie_vegaa,4338268203,,protectiondentalcenter,human,85,0,0,0,85,A
justina_morinigo,Justina Morinigo,https://www.instagram.com/justina_morinigo,4341595329,,protectiondentalcenter,human,85,0,0,0,85,A
angiie_cardozo,Angie Cardozo,https://www.instagram.com/angiie_cardozo,434579441,,protectiondentalcenter,human,85,0,0,0,85,A
cyn_lezcano,Cynthia Lezcano,https://www.instagram.com/cyn_lezcano,4349050370,,protectiondentalcenter,human,85,0,0,0,85,A
fabi_aguilerab,Fabiana Aguilera,https://www.instagram.com/fabi_aguilerab,43514779413,,protectiondentalcenter,human,85,0,0,0,85,A
lili_jacquet,Lili Jacquet,https://www.instagram.com/lili_jacquet,4351726025,,odontospy,human,85,0,0,0,85,A
antonova_daniela,Daniela Antonova,https://www.instagram.com/antonova_daniela,4352198472,,protectiondentalcenter,human,85,0,0,0,85,A
beni_ramozu,Benita Ramirez,https://www.instagram.com/beni_ramozu,4352215171,,protectiondentalcenter,human,85,0,0,0,85,A
di_espicol,Diana Espinola,https://www.instagram.com/di_espicol,4354059120,,protectiondentalcenter,human,85,0,0,0,85,A
liza_analy,Liza Ramirez,https://www.instagram.com/liza_analy,435551800,,protectiondentalcenter,human,85,0,0,0,85,A
noealonso_rq,Noe Alonso,https://www.instagram.com/noealonso_rq,4359877720,,protectiondentalcenter,human,85,0,0,0,85,A
randa_badawii,Randa Badawe,https://www.instagram.com/randa_badawii,4364095698,,protectiondentalcenter,human,85,0,0,0,85,A
felina_guapapy,Sosa Clau,https://www.instagram.com/felina_guapapy,4366944217,,protectiondentalcenter,human,85,0,0,0,85,A
brum_carmen,Carmen Brum,https://www.instagram.com/brum_carmen,43682274627,,odontologia3py,human,85,0,0,0,85,A
isi_ramirezr,Isi Ramirez,https://www.instagram.com/isi_ramirezr,4368859542,,odontologia3py,human,85,0,0,0,85,A
carla_marinc,Carla Marin,https://www.instagram.com/carla_marinc,437022161,,protectiondentalcenter,human,85,0,0,0,85,A
mariachagas_oficial,Maria Chagas,https://www.instagram.com/mariachagas_oficial,437067108,,protectiondentalcenter,human,85,0,0,0,85,A
sil_roxy,Silvia Vargas,https://www.instagram.com/sil_roxy,437324262,,protectiondentalcenter,human,85,0,0,0,85,A
roo_alfe,Rocio Alvarez,https://www.instagram.com/roo_alfe,43785966130,,odontospy,human,85,0,0,0,85,A
help_fcosta,Socorro Costa,https://www.instagram.com/help_fcosta,43791045485,,protectiondentalcenter,human,85,0,0,0,85,A
ju_echeverri,July Echeverri,https://www.instagram.com/ju_echeverri,43841705429,,protectiondentalcenter,human,85,0,0,0,85,A
yoba_diosa,Yoba Diosa,https://www.instagram.com/yoba_diosa,43842173589,,protectiondentalcenter,human,85,0,0,0,85,A
vero_azuaga,Vero Azuaga,https://www.instagram.com/vero_azuaga,438832402,,protectiondentalcenter,human,85,0,0,0,85,A
araya_kathya,Kathya Araya,https://www.instagram.com/araya_kathya,43929603256,,protectiondentalcenter,human,85,0,0,0,85,A
maricris_fa,Mari Cris,https://www.instagram.com/maricris_fa,43936605667,,odontologia3py,human,85,0,0,0,85,A
anderson_noldin,Anderzon Noldin,https://www.instagram.com/anderson_noldin,4393843493,,odontospy,human,85,0,0,0,85,A
shole_flecha,Chole Flecha,https://www.instagram.com/shole_flecha,440606720,,protectiondentalcenter,human,85,0,0,0,85,A
sis_oviedo,Sissi Oviedo,https://www.instagram.com/sis_oviedo,441080298,,protectiondentalcenter,human,85,0,0,0,85,A
isabel_marisse,Isabel Mariscal,https://www.instagram.com/isabel_marisse,44124580700,,protectiondentalcenter,human,85,0,0,0,85,A
ivo_maqueda,Ivo Maqueda,https://www.instagram.com/ivo_maqueda,44135432874,,protectiondentalcenter,human,85,0,0,0,85,A
elivanda_valentim,Elivanda Aguiar,https://www.instagram.com/elivanda_valentim,44208499827,,protectiondentalcenter,human,85,0,0,0,85,A
kathmd_salinas,Katerin Salinas,https://www.instagram.com/kathmd_salinas,44252859826,,odontospy,human,85,0,0,0,85,A
irene_athanassiou,Eirini Athanassiou,https://www.instagram.com/irene_athanassiou,4426467348,,protectiondentalcenter,human,85,0,0,0,85,A
isrrael_her,Isrrael Hermosilla,https://www.instagram.com/isrrael_her,44278720731,,odontologia3py,human,85,0,0,0,85,A
aguileraa_carlos,Carlos Aguilera,https://www.instagram.com/aguileraa_carlos,4430898614,,odontologia3py,human,85,0,0,0,85,A
desapego_sgl,Sandra Ligoski,https://www.instagram.com/desapego_sgl,44441327898,,protectiondentalcenter,human,85,0,0,0,85,A
gende_fernandez,Juan Jose,https://www.instagram.com/gende_fernandez,4444532076,,odontologia3py,human,85,0,0,0,85,A
eli_ortigoza,Eliana Ortigoza,https://www.instagram.com/eli_ortigoza,444556698,,protectiondentalcenter,human,85,0,0,0,85,A
panda_richy,Richy Aranda,https://www.instagram.com/panda_richy,4447156685,,protectiondentalcenter,human,85,0,0,0,85,A
lore_crosta,Lore Crosta,https://www.instagram.com/lore_crosta,444772502,,protectiondentalcenter,human,85,0,0,0,85,A
anto_maluff,Antonella Maluff,https://www.instagram.com/anto_maluff,444827638,,protectiondentalcenter,human,85,0,0,0,85,A
martix_marinoni,Martina Marinoni,https://www.instagram.com/martix_marinoni,4450976817,,protectiondentalcenter,human,85,0,0,0,85,A
dii_cuba,Diana Cuba,https://www.instagram.com/dii_cuba,44514147189,,odontospy,human,85,0,0,0,85,A
jenni_britez,Britez Nathalia,https://www.instagram.com/jenni_britez,44562241981,,protectiondentalcenter,human,85,0,0,0,85,A
luis_cassella,Luis Cassella,https://www.instagram.com/luis_cassella,44570812661,,protectiondentalcenter,human,85,0,0,0,85,A
clau_yayicontreras,Claudia Contreras,https://www.instagram.com/clau_yayicontreras,44582943066,,protectiondentalcenter,human,85,0,0,0,85,A
leta_sanchez,Leticia Sanchez,https://www.instagram.com/leta_sanchez,4459323269,,protectiondentalcenter,human,85,0,0,0,85,A
enigma_magico,Francia Chaves,https://www.instagram.com/enigma_magico,44603913691,,protectiondentalcenter,human,85,0,0,0,85,A
kiki_villamayor,Mercedes Villamayor,https://www.instagram.com/kiki_villamayor,446508431,,protectiondentalcenter,human,85,0,0,0,85,A
scarlett_coussin,Scarlett Cousirat,https://www.instagram.com/scarlett_coussin,4465244126,,protectiondentalcenter,human,85,0,0,0,85,A
joha_yahari,Johana Yahari,https://www.instagram.com/joha_yahari,4465922500,,protectiondentalcenter,human,85,0,0,0,85,A
ramirez_milady,Milady Ramirez,https://www.instagram.com/ramirez_milady,4468913936,,protectiondentalcenter,human,85,0,0,0,85,A
klau_mty,Claudia Martinez,https://www.instagram.com/klau_mty,4469389373,,protectiondentalcenter,human,85,0,0,0,85,A
sole_ovelaarr,Sole Ovelar,https://www.instagram.com/sole_ovelaarr,4470619641,,protectiondentalcenter,human,85,0,0,0,85,A
hanna_plantis,Hanna Ka,https://www.instagram.com/hanna_plantis,4470813315,,protectiondentalcenter,human,85,0,0,0,85,A
aleja_castrob,Francia Castro,https://www.instagram.com/aleja_castrob,44710202182,,protectiondentalcenter,human,85,0,0,0,85,A
specialita_fisioestetista,Patrizia Longo,https://www.instagram.com/specialita_fisioestetista,44715015336,,protectiondentalcenter,human,85,0,0,0,85,A
salvatore_ordonez,Salvatore Ordoñez,https://www.instagram.com/salvatore_ordonez,4472449212,,odontologia3py,human,85,0,0,0,85,A
demeciane_tania,Tania Demeciane,https://www.instagram.com/demeciane_tania,44732255405,,odontospy,human,85,0,0,0,85,A
ara_velaztiqui,Ara Velaztiqui,https://www.instagram.com/ara_velaztiqui,4475209802,,odontospy,human,85,0,0,0,85,A
tami_mongesg,Tamara Monges,https://www.instagram.com/tami_mongesg,4477954849,,protectiondentalcenter,human,85,0,0,0,85,A
nata_piacentini,Natalia Piacentini,https://www.instagram.com/nata_piacentini,447859547,,protectiondentalcenter,human,85,0,0,0,85,A
gi_pala,Gi Pala,https://www.instagram.com/gi_pala,4480981898,,protectiondentalcenter,human,85,0,0,0,85,A
silvia_mirab,Silvia Mirabile,https://www.instagram.com/silvia_mirab,4482544931,,protectiondentalcenter,human,85,0,0,0,85,A
paola_aguilarz,Paola Aguilar,https://www.instagram.com/paola_aguilarz,4484208672,,protectiondentalcenter,human,85,0,0,0,85,A
patino_paulac,Paula Patino,https://www.instagram.com/patino_paulac,4484697299,,protectiondentalcenter,human,85,0,0,0,85,A
yulissa_bermeo,Yulissa Bermeo,https://www.instagram.com/yulissa_bermeo,44915863397,,protectiondentalcenter,human,85,0,0,0,85,A
micallef_caroline,Caroline Micallef,https://www.instagram.com/micallef_caroline,44925195140,,protectiondentalcenter,human,85,0,0,0,85,A
vane_krtes,Vane Cartes,https://www.instagram.com/vane_krtes,44936368659,,protectiondentalcenter,human,85,0,0,0,85,A
rosalba_fleitas,Rosalba Fleitas,https://www.instagram.com/rosalba_fleitas,449568834,,protectiondentalcenter,human,85,0,0,0,85,A
clauma_gg,Clau Gonza,https://www.instagram.com/clauma_gg,44969878978,,odontospy,human,85,0,0,0,85,A
ro_duartebogado,Ro Duarte,https://www.instagram.com/ro_duartebogado,44972023612,,protectiondentalcenter,human,85,0,0,0,85,A
vivicuen_colorista,Viviana Cuenca,https://www.instagram.com/vivicuen_colorista,44975992082,,protectiondentalcenter,human,85,0,0,0,85,A
segundapostura_pacas,Ruth Mota,https://www.instagram.com/segundapostura_pacas,45008304456,,protectiondentalcenter,human,85,0,0,0,85,A
creaciones_donnaflor,Bea Martinez,https://www.instagram.com/creaciones_donnaflor,45046331990,,protectiondentalcenter,human,85,0,0,0,85,A
santos_cexguerrero,Gabriel Guerrero,https://www.instagram.com/santos_cexguerrero,45089013625,,odontospy,human,85,0,0,0,85,A
elsy_gonesa,Elsy Mendoza,https://www.instagram.com/elsy_gonesa,45094636562,,protectiondentalcenter,human,85,0,0,0,85,A
hild_sosa,Hilda Kerana,https://www.instagram.com/hild_sosa,4515084464,,protectiondentalcenter,human,85,0,0,0,85,A
liliana_teso,Liliana Rivera,https://www.instagram.com/liliana_teso,4515101137,,protectiondentalcenter,human,85,0,0,0,85,A
shirleyy_ruiz,Shirley Ruiz,https://www.instagram.com/shirleyy_ruiz,45201472485,,odontospy,human,85,0,0,0,85,A
molinas_rogelio,Rogelio Molinas,https://www.instagram.com/molinas_rogelio,4520498550,,odontospy,human,85,0,0,0,85,A
virginia_cantero,Virginia Cantero,https://www.instagram.com/virginia_cantero,4521720541,,protectiondentalcenter,human,85,0,0,0,85,A
centurion_ali,Ali Centurion,https://www.instagram.com/centurion_ali,4523767716,,protectiondentalcenter,human,85,0,0,0,85,A
damaris_gbordon,Damaris Belen,https://www.instagram.com/damaris_gbordon,4525165581,,protectiondentalcenter,human,85,0,0,0,85,A
profe_naroando,Edwin Perez,https://www.instagram.com/profe_naroando,4527942111,,protectiondentalcenter,human,85,0,0,0,85,A
stefi_viddal,Stephanie Viddal,https://www.instagram.com/stefi_viddal,452815108,,protectiondentalcenter,human,85,0,0,0,85,A
pacha_cardozo,Christian Cardozo,https://www.instagram.com/pacha_cardozo,45297106631,,odontologia3py,human,85,0,0,0,85,A
ema_bsa,Ema Abdullah,https://www.instagram.com/ema_bsa,4529792376,,protectiondentalcenter,human,85,0,0,0,85,A
zelaya_avril,Avril Zelaya,https://www.instagram.com/zelaya_avril,45298188397,,protectiondentalcenter,human,85,0,0,0,85,A
marilina_moneta,Marilina Moneta,https://www.instagram.com/marilina_moneta,45316541166,,protectiondentalcenter,human,85,0,0,0,85,A
lizza_britez,Lizza Britez,https://www.instagram.com/lizza_britez,4533757677,,protectiondentalcenter,human,85,0,0,0,85,A
katherin_rgs,Katherin Gonzalez,https://www.instagram.com/katherin_rgs,4535372248,,odontologia3py,human,85,0,0,0,85,A
juana_amapole,Joana Amapole,https://www.instagram.com/juana_amapole,45361691271,,protectiondentalcenter,human,85,0,0,0,85,A
deysi_riveros,Deysi Riveros,https://www.instagram.com/deysi_riveros,45365022496,,protectiondentalcenter,human,85,0,0,0,85,A
lore_gillz,Lorena Gill,https://www.instagram.com/lore_gillz,453777059,,protectiondentalcenter,human,85,0,0,0,85,A
angel_icacoronel,Angie Coronel,https://www.instagram.com/angel_icacoronel,45395746472,,odontologia3py,human,85,0,0,0,85,A
blancaelisa_gonzalez,Blanca Gonzalez,https://www.instagram.com/blancaelisa_gonzalez,4541250978,,protectiondentalcenter,human,85,0,0,0,85,A
marythe_gonzalez,Marythe Gonzalez,https://www.instagram.com/marythe_gonzalez,45423730,,protectiondentalcenter,human,85,0,0,0,85,A
iam_gayathrinambiar,Gayathri Nambiar,https://www.instagram.com/iam_gayathrinambiar,45435994911,,protectiondentalcenter,human,85,0,0,0,85,A
rubenecheverria_oficial,Ruben Echeverria,https://www.instagram.com/rubenecheverria_oficial,4543987313,,odontospy,human,85,0,0,0,85,A
sarno_silvia,Silvia Sarno,https://www.instagram.com/sarno_silvia,45460625550,,protectiondentalcenter,human,85,0,0,0,85,A
uulee_ganbold,Temuulen Ganbold,https://www.instagram.com/uulee_ganbold,4546463825,,protectiondentalcenter,human,85,0,0,0,85,A
linnett_lopez,Linnett Lopez,https://www.instagram.com/linnett_lopez,45465784551,,protectiondentalcenter,human,85,0,0,0,85,A
tantegra_dulces,Graciela Eder,https://www.instagram.com/tantegra_dulces,45501040753,,odontospy,human,85,0,0,0,85,A
mar_yicar,Mayi Car,https://www.instagram.com/mar_yicar,4552177861,,protectiondentalcenter,human,85,0,0,0,85,A
cece_caceres,Cece Caceres,https://www.instagram.com/cece_caceres,455518261,,protectiondentalcenter,human,85,0,0,0,85,A
aquino_delpilar,Pilar Aquino,https://www.instagram.com/aquino_delpilar,4557094971,,odontospy,human,85,0,0,0,85,A
fiorella_lezcano,Fiorella Lezcano,https://www.instagram.com/fiorella_lezcano,455724666,,protectiondentalcenter,human,85,0,0,0,85,A
katte_bs,Katerine Bogado,https://www.instagram.com/katte_bs,455733102,,odontologia3py,human,85,0,0,0,85,A
karina_gblanco,Karina Blanco,https://www.instagram.com/karina_gblanco,455769173,,odontologia3py,human,85,0,0,0,85,A
chioo_sosa,Rosi Sosa,https://www.instagram.com/chioo_sosa,4557739409,,protectiondentalcenter,human,85,0,0,0,85,A
victor_samaniegx,Victor Samaniego,https://www.instagram.com/victor_samaniegx,4559455881,,odontospy,human,85,0,0,0,85,A
gus_mezaovi,Gus Meza,https://www.instagram.com/gus_mezaovi,4560700976,,protectiondentalcenter,human,85,0,0,0,85,A
mariela_mijaluk,Mariela Mijaluk,https://www.instagram.com/mariela_mijaluk,45616053864,,protectiondentalcenter,human,85,0,0,0,85,A
silvina_lares,Silvina Lares,https://www.instagram.com/silvina_lares,45638760665,,protectiondentalcenter,human,85,0,0,0,85,A
maridc_gonzalez,Mari Gonzalez,https://www.instagram.com/maridc_gonzalez,45641731469,,protectiondentalcenter,human,85,0,0,0,85,A
vickyy_erica,Vicky Erica,https://www.instagram.com/vickyy_erica,45649039983,,protectiondentalcenter,human,85,0,0,0,85,A
nerea_ortiz,Nerea Ortiz,https://www.instagram.com/nerea_ortiz,456513637,,odontologia3py,human,85,0,0,0,85,A
erick_moriver,Erick Morinigo,https://www.instagram.com/erick_moriver,45653483594,,odontospy,human,85,0,0,0,85,A
farina_isa,Isabel Fariña,https://www.instagram.com/farina_isa,45653872787,,protectiondentalcenter,human,85,0,0,0,85,A
pgservicio_climatizados,Gregorio Castaneda,https://www.instagram.com/pgservicio_climatizados,45660559874,,protectiondentalcenter,human,85,0,0,0,85,A
mabel_martinezp,Mabel Martinez,https://www.instagram.com/mabel_martinezp,45673616136,,protectiondentalcenter,human,85,0,0,0,85,A
kareem_pirzada,Nineeta Enterprises,https://www.instagram.com/kareem_pirzada,45679545195,,protectiondentalcenter,human,85,0,0,0,85,A
gislene_mantesso,Gimantesso Gimantesso,https://www.instagram.com/gislene_mantesso,45687160687,,protectiondentalcenter,human,85,0,0,0,85,A
zulmy_colina,Zulmy Colina,https://www.instagram.com/zulmy_colina,457658048,,protectiondentalcenter,human,85,0,0,0,85,A
magana_christiane,Christiane Magana,https://www.instagram.com/magana_christiane,45772473151,,protectiondentalcenter,human,85,0,0,0,85,A
gabriela_prietoc,Liza Prieto,https://www.instagram.com/gabriela_prietoc,458388495,,odontologia3py,human,85,0,0,0,85,A
fabi_marecos,Fabian Marecos,https://www.instagram.com/fabi_marecos,458493955,,odontologia3py,human,85,0,0,0,85,A
hazuu_uwu,Jazmin Vergara,https://www.instagram.com/hazuu_uwu,458549253,,protectiondentalcenter,human,85,0,0,0,85,A
claudia_bono,Claudia Bono,https://www.instagram.com/claudia_bono,4589887873,,protectiondentalcenter,human,85,0,0,0,85,A
vecky_manzanares,Vecky Manzanares,https://www.instagram.com/vecky_manzanares,45942568234,,protectiondentalcenter,human,85,0,0,0,85,A
del_py,Delsi Romero,https://www.instagram.com/del_py,459633819,,protectiondentalcenter,human,85,0,0,0,85,A
cmarcelo_pedeozo,Marcelo Pedrozo,https://www.instagram.com/cmarcelo_pedeozo,46031935353,,odontologia3py,human,85,0,0,0,85,A
coise_indy,Indhira Molina,https://www.instagram.com/coise_indy,46033299495,,protectiondentalcenter,human,85,0,0,0,85,A
gricelda_torales,Gricelda Torales,https://www.instagram.com/gricelda_torales,460378762,,protectiondentalcenter,human,85,0,0,0,85,A
nayita_ar,Angelita Luna,https://www.instagram.com/nayita_ar,4607286741,,protectiondentalcenter,human,85,0,0,0,85,A
herme_cantero,Hermelinda Cantero,https://www.instagram.com/herme_cantero,4607965312,,odontospy,human,85,0,0,0,85,A
ema_cbs,Emanuel Cubas,https://www.instagram.com/ema_cbs,46106024218,,protectiondentalcenter,human,85,0,0,0,85,A
lety_mo,Lety Moreno,https://www.instagram.com/lety_mo,461206791,,odontospy,human,85,0,0,0,85,A
sary_leonn,Sary Leon,https://www.instagram.com/sary_leonn,4614519746,,odontospy,human,85,0,0,0,85,A
noelia_cen,Noelia Centurion,https://www.instagram.com/noelia_cen,461595599,,protectiondentalcenter,human,85,0,0,0,85,A
marecos_eze,Ezequiel Marecos,https://www.instagram.com/marecos_eze,4616641586,,odontospy,human,85,0,0,0,85,A
migdalia_desiree,Migdalia Betancourt,https://www.instagram.com/migdalia_desiree,46168406940,,protectiondentalcenter,human,85,0,0,0,85,A
nannizzi_marella,Marella Nannizzi,https://www.instagram.com/nannizzi_marella,46176563742,,protectiondentalcenter,human,85,0,0,0,85,A
daniela_bogarinb,Daniela Bogarin,https://www.instagram.com/daniela_bogarinb,46200508837,,protectiondentalcenter,human,85,0,0,0,85,A
falak_company,Mirta Falak,https://www.instagram.com/falak_company,46209192138,,protectiondentalcenter,human,85,0,0,0,85,A
emilce_enciso,Emilce Enciso,https://www.instagram.com/emilce_enciso,4623309018,,protectiondentalcenter,human,85,0,0,0,85,A
paty_arce,Paty Arce,https://www.instagram.com/paty_arce,462542787,,protectiondentalcenter,human,85,0,0,0,85,A
krn_arri,Karen Arriola,https://www.instagram.com/krn_arri,462791380,,protectiondentalcenter,human,85,0,0,0,85,A
karinita_gutierreez,Karina Gutierrez,https://www.instagram.com/karinita_gutierreez,4629887074,,protectiondentalcenter,human,85,0,0,0,85,A
modo_sun,Liz Echauri,https://www.instagram.com/modo_sun,46344296351,,protectiondentalcenter,human,85,0,0,0,85,A
katt_alm,Katia Almiron,https://www.instagram.com/katt_alm,4635894490,,protectiondentalcenter,human,85,0,0,0,85,A
patohayescumples_py,Pato Hayes,https://www.instagram.com/patohayescumples_py,46380768811,,protectiondentalcenter,human,85,0,0,0,85,A
nestor_maka,Nestor Ayala,https://www.instagram.com/nestor_maka,46388094492,,protectiondentalcenter,human,85,0,0,0,85,A
luci_salazar,Lucia Salazar,https://www.instagram.com/luci_salazar,463989691,,odontologia3py,human,85,0,0,0,85,A
maritza_orse,Maritza Ortega,https://www.instagram.com/maritza_orse,46401918127,,protectiondentalcenter,human,85,0,0,0,85,A
jara_maypy,May Jara,https://www.instagram.com/jara_maypy,46453044879,,odontospy,human,85,0,0,0,85,A
yamila_cohene,Mica Cohene,https://www.instagram.com/yamila_cohene,46476516141,,protectiondentalcenter,human,85,0,0,0,85,A
carreras_yd,Centurion Ds,https://www.instagram.com/carreras_yd,4648759306,,odontospy,human,85,0,0,0,85,A
leibeth_ver,Cristina Vergara,https://www.instagram.com/leibeth_ver,46537593367,,protectiondentalcenter,human,85,0,0,0,85,A
lisa_suam,Lisa Suarez,https://www.instagram.com/lisa_suam,4653804664,,protectiondentalcenter,human,85,0,0,0,85,A
clau_rolong,Claudia Rolon,https://www.instagram.com/clau_rolong,465597847,,odontologia3py,human,85,0,0,0,85,A
ale_brendler,Ale Brendler,https://www.instagram.com/ale_brendler,46560689211,,odontospy,human,85,0,0,0,85,A
lorelay_cuenk,Lorena Cuenca,https://www.instagram.com/lorelay_cuenk,465666472,,protectiondentalcenter,human,85,0,0,0,85,A
iza_yuxk,Marta Gamarra,https://www.instagram.com/iza_yuxk,46599185895,,odontospy,human,85,0,0,0,85,A
ferreiraaa_noe,Noe Ferreira,https://www.instagram.com/ferreiraaa_noe,46600608323,,protectiondentalcenter,human,85,0,0,0,85,A
kar_olinaperez,Carol Perez,https://www.instagram.com/kar_olinaperez,46641319254,,odontospy,human,85,0,0,0,85,A
margara_rivas,Margarita Rivas,https://www.instagram.com/margara_rivas,4667177637,,protectiondentalcenter,human,85,0,0,0,85,A
rocio_romeroar,Rocio Romero,https://www.instagram.com/rocio_romeroar,46685958950,,protectiondentalcenter,human,85,0,0,0,85,A
blen_zacarias,Ana Guerreño,https://www.instagram.com/blen_zacarias,46696519641,,odontospy,human,85,0,0,0,85,A
alhornodulce_salado,Pequeño Encuentro,https://www.instagram.com/alhornodulce_salado,4673057485,,protectiondentalcenter,human,85,0,0,0,85,A
ghandour_rania,Rania Ghandour,https://www.instagram.com/ghandour_rania,4673686473,,protectiondentalcenter,human,85,0,0,0,85,A
silvia_marinoni,Silvia Marinoni,https://www.instagram.com/silvia_marinoni,4674650108,,protectiondentalcenter,human,85,0,0,0,85,A
azucena_paredes,Azucena Paredes,https://www.instagram.com/azucena_paredes,467484579,,protectiondentalcenter,human,85,0,0,0,85,A
martavarela_paredes,Marta Varela,https://www.instagram.com/martavarela_paredes,46762397512,,odontologia3py,human,85,0,0,0,85,A
kenia_fanti,Kenia Fanti,https://www.instagram.com/kenia_fanti,467894539,,protectiondentalcenter,human,85,0,0,0,85,A
dayi_rn,Dayi Abrahantes,https://www.instagram.com/dayi_rn,46808716693,,protectiondentalcenter,human,85,0,0,0,85,A
nelson_verav,Nelson Vera,https://www.instagram.com/nelson_verav,4681241262,,odontologia3py,human,85,0,0,0,85,A
liz_nca,Liz Cristaldo,https://www.instagram.com/liz_nca,4681557132,,odontologia3py,human,85,0,0,0,85,A
olga_dimitropulos,Olga Dimitropulos,https://www.instagram.com/olga_dimitropulos,4683872093,,odontologia3py,human,85,0,0,0,85,A
sureka_anu,Sureka Rajan,https://www.instagram.com/sureka_anu,4684868206,,protectiondentalcenter,human,85,0,0,0,85,A
solimeno_immacolata,Imma Solimeno,https://www.instagram.com/solimeno_immacolata,4685129671,,protectiondentalcenter,human,85,0,0,0,85,A
socorro_casasara,Maria Casas,https://www.instagram.com/socorro_casasara,4685427625,,protectiondentalcenter,human,85,0,0,0,85,A
ali_recalde,Ali Recalde,https://www.instagram.com/ali_recalde,468665108,,protectiondentalcenter,human,85,0,0,0,85,A
dalis_molinas,Dalis Molinas,https://www.instagram.com/dalis_molinas,468705846,,protectiondentalcenter,human,85,0,0,0,85,A
beaa_galeano,Beatriz Galeano,https://www.instagram.com/beaa_galeano,468725998,,protectiondentalcenter,human,85,0,0,0,85,A
maribel_vives,Maribel Vives,https://www.instagram.com/maribel_vives,46886874559,,protectiondentalcenter,human,85,0,0,0,85,A
lilly_buta,Lilioara Buta,https://www.instagram.com/lilly_buta,4693799824,,protectiondentalcenter,human,85,0,0,0,85,A
deisy_salinas,Deisy Salinas,https://www.instagram.com/deisy_salinas,469521493,,protectiondentalcenter,human,85,0,0,0,85,A
mariza_wesfal,Mariza Monteiro,https://www.instagram.com/mariza_wesfal,4697572882,,protectiondentalcenter,human,85,0,0,0,85,A
ada_rojas,Ada Rojas,https://www.instagram.com/ada_rojas,470208186,,protectiondentalcenter,human,85,0,0,0,85,A
normi_ortiz,Norma Ortiz,https://www.instagram.com/normi_ortiz,470375679,,protectiondentalcenter,human,85,0,0,0,85,A
rebe_casamento,Rebeca Casamento,https://www.instagram.com/rebe_casamento,4704326949,,protectiondentalcenter,human,85,0,0,0,85,A
uba_britez,Ubalda Britez,https://www.instagram.com/uba_britez,4704946526,,protectiondentalcenter,human,85,0,0,0,85,A
thiagx_sebastian,Sebastian Santacruz,https://www.instagram.com/thiagx_sebastian,47055548022,,odontologia3py,human,85,0,0,0,85,A
vivianne_aguilar,Viviana Aguilar,https://www.instagram.com/vivianne_aguilar,47076661785,,odontologia3py,human,85,0,0,0,85,A
jennifer_beggs,Jennifer Beggs,https://www.instagram.com/jennifer_beggs,4709290417,,protectiondentalcenter,human,85,0,0,0,85,A
luiscell_capiata,Luis Cell,https://www.instagram.com/luiscell_capiata,47134551400,,odontologia3py,human,85,0,0,0,85,A
rocii_herrera,Rocio Herrera,https://www.instagram.com/rocii_herrera,471793880,,odontologia3py,human,85,0,0,0,85,A
ros_gim,Ros Gimenez,https://www.instagram.com/ros_gim,4719200188,,protectiondentalcenter,human,85,0,0,0,85,A
blanquita_paez,Blanca Paez,https://www.instagram.com/blanquita_paez,4721078866,,protectiondentalcenter,human,85,0,0,0,85,A
blanca_insua,Blanca Insua,https://www.instagram.com/blanca_insua,4721229238,,protectiondentalcenter,human,85,0,0,0,85,A
franchini_wilma,Wilma Franchini,https://www.instagram.com/franchini_wilma,4721882643,,protectiondentalcenter,human,85,0,0,0,85,A
lili_raqquel,Lili Samudio,https://www.instagram.com/lili_raqquel,472727743,,protectiondentalcenter,human,85,0,0,0,85,A
lups_velazquez,Guadalupe Velazquez,https://www.instagram.com/lups_velazquez,472982707,,protectiondentalcenter,human,85,0,0,0,85,A
mati_mancuello,Matilde Mancuello,https://www.instagram.com/mati_mancuello,47320900588,,odontospy,human,85,0,0,0,85,A
silvana_angels,Silvana Angels,https://www.instagram.com/silvana_angels,47327816849,,protectiondentalcenter,human,85,0,0,0,85,A
jenny_mackenney,Jenny Mackenney,https://www.instagram.com/jenny_mackenney,47337707710,,protectiondentalcenter,human,85,0,0,0,85,A
lenis_ovelar,Lenis Ovelar,https://www.instagram.com/lenis_ovelar,473638918,,odontospy,human,85,0,0,0,85,A
mathis_debby,Debby Mathis,https://www.instagram.com/mathis_debby,47399401190,,protectiondentalcenter,human,85,0,0,0,85,A
avalos_cathe,Catherine Avalos,https://www.instagram.com/avalos_cathe,474252812,,protectiondentalcenter,human,85,0,0,0,85,A
eiker_edhyan,Edison Lezcano,https://www.instagram.com/eiker_edhyan,47443081499,,protectiondentalcenter,human,85,0,0,0,85,A
carminha_camargo,Carminha Camargo,https://www.instagram.com/carminha_camargo,474452874,,protectiondentalcenter,human,85,0,0,0,85,A
dantas_rosee,Rose Dantas,https://www.instagram.com/dantas_rosee,47455908160,,protectiondentalcenter,human,85,0,0,0,85,A
jazzity_jazz,Jazmin Cardozo,https://www.instagram.com/jazzity_jazz,474560517,,odontospy,human,85,0,0,0,85,A
jj_emg,Jasmina Azmanova,https://www.instagram.com/jj_emg,4753111268,,protectiondentalcenter,human,85,0,0,0,85,A
edicley_gomes,Edicley Gomes,https://www.instagram.com/edicley_gomes,47538061505,,protectiondentalcenter,human,85,0,0,0,85,A
paolaserna_lashes,Andrea Serna,https://www.instagram.com/paolaserna_lashes,47545995714,,protectiondentalcenter,human,85,0,0,0,85,A
andera_ayoub,Andera Ayoub,https://www.instagram.com/andera_ayoub,4755273309,,protectiondentalcenter,human,85,0,0,0,85,A
lili_anportillo,Lilian Portillo,https://www.instagram.com/lili_anportillo,47606180153,,protectiondentalcenter,human,85,0,0,0,85,A
gelfand_maya,Maya Gelfand,https://www.instagram.com/gelfand_maya,47634126522,,protectiondentalcenter,human,85,0,0,0,85,A
benedetti_daniela,Daniela Benedetti,https://www.instagram.com/benedetti_daniela,4767010905,,protectiondentalcenter,human,85,0,0,0,85,A
katherine_garay,Katherine Garay,https://www.instagram.com/katherine_garay,476707498,,odontologia3py,human,85,0,0,0,85,A
jazma_rtin,Laura Jazmin,https://www.instagram.com/jazma_rtin,47680162874,,protectiondentalcenter,human,85,0,0,0,85,A
carola_servian,Caro Servian,https://www.instagram.com/carola_servian,47696153486,,protectiondentalcenter,human,85,0,0,0,85,A
faty_bjustiniano,Faty Bjustiniano,https://www.instagram.com/faty_bjustiniano,4769646068,,protectiondentalcenter,human,85,0,0,0,85,A
ani_feres,Ana Fernandez,https://www.instagram.com/ani_feres,47702998509,,protectiondentalcenter,human,85,0,0,0,85,A
johana_burban,Johana Burbano,https://www.instagram.com/johana_burban,47705845234,,protectiondentalcenter,human,85,0,0,0,85,A
kari_saa,Karii Saanabriaa,https://www.instagram.com/kari_saa,4772630823,,protectiondentalcenter,human,85,0,0,0,85,A
roco_campodonico,Yoli Fantoni,https://www.instagram.com/roco_campodonico,47726995746,,protectiondentalcenter,human,85,0,0,0,85,A
eunice_marcon,Eunice Marcon,https://www.instagram.com/eunice_marcon,4774017230,,protectiondentalcenter,human,85,0,0,0,85,A
vere_arevalos,Vere Arevalos,https://www.instagram.com/vere_arevalos,4775326058,,protectiondentalcenter,human,85,0,0,0,85,A
luchii_diana,Luz Diana,https://www.instagram.com/luchii_diana,4776331886,,protectiondentalcenter,human,85,0,0,0,85,A
sensei_acosta,Crisostomo Acosta,https://www.instagram.com/sensei_acosta,47778057397,,protectiondentalcenter,human,85,0,0,0,85,A
jona_agueropy,Jona Aguero,https://www.instagram.com/jona_agueropy,47811479904,,odontospy,human,85,0,0,0,85,A
simone_moraesmota,Simone Mota,https://www.instagram.com/simone_moraesmota,47816647216,,protectiondentalcenter,human,85,0,0,0,85,A
ednaguedes_sam,Edna Guedes,https://www.instagram.com/ednaguedes_sam,4781699112,,protectiondentalcenter,human,85,0,0,0,85,A
ernesto_casaccia,Ernesto Casaccia,https://www.instagram.com/ernesto_casaccia,47844915458,,odontologia3py,human,85,0,0,0,85,A
sciabica_aurora,Aurora Sciabica,https://www.instagram.com/sciabica_aurora,47857706980,,protectiondentalcenter,human,85,0,0,0,85,A
jane_bernardesdecarvalho,Jane Carvalho,https://www.instagram.com/jane_bernardesdecarvalho,47861577313,,protectiondentalcenter,human,85,0,0,0,85,A
gissel_lili,Gisselles Bogado,https://www.instagram.com/gissel_lili,4787345918,,protectiondentalcenter,human,85,0,0,0,85,A
shushana_atuna,Susi Susi,https://www.instagram.com/shushana_atuna,4788369693,,protectiondentalcenter,human,85,0,0,0,85,A
osc_iber,Oscar Iberbuden,https://www.instagram.com/osc_iber,47888944925,,odontologia3py,human,85,0,0,0,85,A
skarl_ho,Skarlet Hobecker,https://www.instagram.com/skarl_ho,47889054690,,protectiondentalcenter,human,85,0,0,0,85,A
nilda_bussines,Nilda Centurion,https://www.instagram.com/nilda_bussines,47917040388,,protectiondentalcenter,human,85,0,0,0,85,A
rebe_velazquez,Rebeca Velazquez,https://www.instagram.com/rebe_velazquez,479175699,,protectiondentalcenter,human,85,0,0,0,85,A
lucila_olivei,Luci Oliveira,https://www.instagram.com/lucila_olivei,47921400941,,protectiondentalcenter,human,85,0,0,0,85,A
yubelita_borrayo,Yubel Borrayo,https://www.instagram.com/yubelita_borrayo,47939148341,,protectiondentalcenter,human,85,0,0,0,85,A
niurka_colina,Niurka Colina,https://www.instagram.com/niurka_colina,47963530505,,protectiondentalcenter,human,85,0,0,0,85,A
villasanti_sergio,Sergio Villasanti,https://www.instagram.com/villasanti_sergio,48031549458,,protectiondentalcenter,human,85,0,0,0,85,A
vane_sanabriaperalta,Vanesa Sanabria,https://www.instagram.com/vane_sanabriaperalta,4804281313,,protectiondentalcenter,human,85,0,0,0,85,A
yaneht_salazar,Yaneth Salazar,https://www.instagram.com/yaneht_salazar,4806474196,,protectiondentalcenter,human,85,0,0,0,85,A
ivonne_garri,Ivonne Garrigoza,https://www.instagram.com/ivonne_garri,481067363,,odontologia3py,human,85,0,0,0,85,A
azra_obu,Azra Obucina,https://www.instagram.com/azra_obu,48107629078,,protectiondentalcenter,human,85,0,0,0,85,A
toledo_frans,Francisco Toledo,https://www.instagram.com/toledo_frans,4813360072,,protectiondentalcenter,human,85,0,0,0,85,A
christine_egret,Christine Egret,https://www.instagram.com/christine_egret,481454734,,protectiondentalcenter,human,85,0,0,0,85,A
otz_alcides,Alcides Otazu,https://www.instagram.com/otz_alcides,48146449312,,odontospy,human,85,0,0,0,85,A
yeny_ga,Yenny Galeano,https://www.instagram.com/yeny_ga,48162436904,,protectiondentalcenter,human,85,0,0,0,85,A
candeia_mary,Mary Candeia,https://www.instagram.com/candeia_mary,48187809769,,protectiondentalcenter,human,85,0,0,0,85,A
schneider_jussara,Jussara Schneider,https://www.instagram.com/schneider_jussara,48206449454,,protectiondentalcenter,human,85,0,0,0,85,A
gabriela_ugarriza,Gabi Ugarriza,https://www.instagram.com/gabriela_ugarriza,482111079,,protectiondentalcenter,human,85,0,0,0,85,A
jorgelina_giraudo,Jorgelina Giraudo,https://www.instagram.com/jorgelina_giraudo,4824209772,,protectiondentalcenter,human,85,0,0,0,85,A
ali_aquinoarz,Aliromeita Aquino,https://www.instagram.com/ali_aquinoarz,4825050760,,odontospy,human,85,0,0,0,85,A
edwiges_joanita,Joanita Carmo,https://www.instagram.com/edwiges_joanita,482630925,,protectiondentalcenter,human,85,0,0,0,85,A
sylvia_kennos,Sylvia Kennos,https://www.instagram.com/sylvia_kennos,48265686729,,protectiondentalcenter,human,85,0,0,0,85,A
canosa_cristina,Cristina Canosa,https://www.instagram.com/canosa_cristina,48332859655,,protectiondentalcenter,human,85,0,0,0,85,A
cas_elie,Cas Eli,https://www.instagram.com/cas_elie,48350271036,,protectiondentalcenter,human,85,0,0,0,85,A
ganadera_elimar,Ganadera Elimar,https://www.instagram.com/ganadera_elimar,48355416631,,protectiondentalcenter,human,85,0,0,0,85,A
lilo_leiva,Patricia Ortiz,https://www.instagram.com/lilo_leiva,48378184533,,protectiondentalcenter,human,85,0,0,0,85,A
delma_zal,Delma Zaldivar,https://www.instagram.com/delma_zal,483919238,,odontologia3py,human,85,0,0,0,85,A
rey_rossana,Rossana Rey,https://www.instagram.com/rey_rossana,4839506415,,protectiondentalcenter,human,85,0,0,0,85,A
thomas_zuddy,Thomas Zuddy,https://www.instagram.com/thomas_zuddy,48431276297,,protectiondentalcenter,human,85,0,0,0,85,A
villalba_monzerrath,Monzerrath Villalba,https://www.instagram.com/villalba_monzerrath,48438262472,,odontospy,human,85,0,0,0,85,A
sara_cabezasr,Sara Cabezas,https://www.instagram.com/sara_cabezasr,4844023492,,protectiondentalcenter,human,85,0,0,0,85,A
angelj_benitez,Angel Benitez,https://www.instagram.com/angelj_benitez,484545931,,protectiondentalcenter,human,85,0,0,0,85,A
patricia_scum,Patricia Scumburdi,https://www.instagram.com/patricia_scum,4847416326,,protectiondentalcenter,human,85,0,0,0,85,A
tibirica_helena,Helena Tibirica,https://www.instagram.com/tibirica_helena,48485798848,,protectiondentalcenter,human,85,0,0,0,85,A
negro_nu,Negro Nuñez,https://www.instagram.com/negro_nu,484880101,,protectiondentalcenter,human,85,0,0,0,85,A
michu_dn,Michu Nunez,https://www.instagram.com/michu_dn,4849618993,,protectiondentalcenter,human,85,0,0,0,85,A
aly_desiree,Aly Desiree,https://www.instagram.com/aly_desiree,485013307,,protectiondentalcenter,human,85,0,0,0,85,A
magge_lu,Maggela Lugo,https://www.instagram.com/magge_lu,485197720,,protectiondentalcenter,human,85,0,0,0,85,A
cynty_luz,Cintia Verdun,https://www.instagram.com/cynty_luz,48522091537,,protectiondentalcenter,human,85,0,0,0,85,A
flower_penelope,Penelope Flower,https://www.instagram.com/flower_penelope,48524517752,,protectiondentalcenter,human,85,0,0,0,85,A
lma_freitas,Mazilda Freitas,https://www.instagram.com/lma_freitas,4854482241,,protectiondentalcenter,human,85,0,0,0,85,A
saenz_irasema,Irasema Saenz,https://www.instagram.com/saenz_irasema,48586686165,,protectiondentalcenter,human,85,0,0,0,85,A
vivi_cardoz,Vivi Cardozo,https://www.instagram.com/vivi_cardoz,485965857,,protectiondentalcenter,human,85,0,0,0,85,A
jaz_moreirav,Jazmin Moreira,https://www.instagram.com/jaz_moreirav,4860015764,,protectiondentalcenter,human,85,0,0,0,85,A
natalia_mecu,Natalia Cruz,https://www.instagram.com/natalia_mecu,48602765299,,protectiondentalcenter,human,85,0,0,0,85,A
erika_alehia,Erika Martinez,https://www.instagram.com/erika_alehia,48606938353,,protectiondentalcenter,human,85,0,0,0,85,A
auri_baez,Liz Baez,https://www.instagram.com/auri_baez,4861772348,,odontologia3py,human,85,0,0,0,85,A
betty_figueredo,Beatriz Figueredo,https://www.instagram.com/betty_figueredo,486472222,,protectiondentalcenter,human,85,0,0,0,85,A
resende_suely,Suely Resende,https://www.instagram.com/resende_suely,4866156570,,protectiondentalcenter,human,85,0,0,0,85,A
meza_rossana,Rossana Meza,https://www.instagram.com/meza_rossana,4868555888,,protectiondentalcenter,human,85,0,0,0,85,A
miyin_mel,Miyin Melgarejo,https://www.instagram.com/miyin_mel,4869440676,,odontospy,human,85,0,0,0,85,A
bencho_colman,Ruben Colman,https://www.instagram.com/bencho_colman,4871398483,,odontospy,human,85,0,0,0,85,A
lizap_enha,Liza Peña,https://www.instagram.com/lizap_enha,48722195146,,odontospy,human,85,0,0,0,85,A
marthix_pico,Marthix Pico,https://www.instagram.com/marthix_pico,48745084267,,protectiondentalcenter,human,85,0,0,0,85,A
dari_armoa,Christian Armoa,https://www.instagram.com/dari_armoa,487566416,,odontologia3py,human,85,0,0,0,85,A
raudales_rosy,Rosy Raudales,https://www.instagram.com/raudales_rosy,48885588678,,protectiondentalcenter,human,85,0,0,0,85,A
mari_isaw,Maria Isabel,https://www.instagram.com/mari_isaw,48887681932,,protectiondentalcenter,human,85,0,0,0,85,A
vereadora_keythsilva,Keyth Silva,https://www.instagram.com/vereadora_keythsilva,48890151155,,protectiondentalcenter,human,85,0,0,0,85,A
aras_quiles,Araceli Quiles,https://www.instagram.com/aras_quiles,48906861052,,protectiondentalcenter,human,85,0,0,0,85,A
na_villabog,Nidia Villalba,https://www.instagram.com/na_villabog,48909891288,,odontologia3py,human,85,0,0,0,85,A
rosse_stigarribia,Rossmary Estigarribia,https://www.instagram.com/rosse_stigarribia,48931163229,,protectiondentalcenter,human,85,0,0,0,85,A
iris_benitezv,Iris Benitez,https://www.instagram.com/iris_benitezv,489762283,,protectiondentalcenter,human,85,0,0,0,85,A
tanty_aky,Achimov Constanta,https://www.instagram.com/tanty_aky,49000091350,,protectiondentalcenter,human,85,0,0,0,85,A
giorgi_florencia,Florencia Giorgi,https://www.instagram.com/giorgi_florencia,49016848961,,protectiondentalcenter,human,85,0,0,0,85,A
felipe_chena,Felipe Chena,https://www.instagram.com/felipe_chena,49033817637,,protectiondentalcenter,human,85,0,0,0,85,A
sueli_rh,Sueli Menin,https://www.instagram.com/sueli_rh,49035903767,,protectiondentalcenter,human,85,0,0,0,85,A
productos_primetop,Victor Coronel,https://www.instagram.com/productos_primetop,49070549005,,protectiondentalcenter,human,85,0,0,0,85,A
sole_pereira,Cynthia Pereira,https://www.instagram.com/sole_pereira,490825931,,protectiondentalcenter,human,85,0,0,0,85,A
romina_aquino,Romina Aquino,https://www.instagram.com/romina_aquino,490872870,,odontospy,human,85,0,0,0,85,A
valdezb_cami,Camila Valdez,https://www.instagram.com/valdezb_cami,49099674524,,odontospy,human,85,0,0,0,85,A
elie_scurra,Eli Escurra,https://www.instagram.com/elie_scurra,49103796280,,protectiondentalcenter,human,85,0,0,0,85,A
lizza_alv,Lizza Alvarez,https://www.instagram.com/lizza_alv,4910719241,,protectiondentalcenter,human,85,0,0,0,85,A
viena_mejia,Viena Mejia,https://www.instagram.com/viena_mejia,49111372159,,protectiondentalcenter,human,85,0,0,0,85,A
bel_fretes,Belen Fretes,https://www.instagram.com/bel_fretes,49157224702,,protectiondentalcenter,human,85,0,0,0,85,A
silvia_lesmo,Silvia Lesmo,https://www.instagram.com/silvia_lesmo,491772434,,odontologia3py,human,85,0,0,0,85,A
nadiasabina_ns,Nadia Sabina,https://www.instagram.com/nadiasabina_ns,4918862770,,protectiondentalcenter,human,85,0,0,0,85,A
roxy_mascheroni,Roxy Mascheroni,https://www.instagram.com/roxy_mascheroni,49208853464,,protectiondentalcenter,human,85,0,0,0,85,A
luana_naf,Luana Naf,https://www.instagram.com/luana_naf,49236002794,,odontospy,human,85,0,0,0,85,A
avato_py,Victor Aquino,https://www.instagram.com/avato_py,492391889,,odontospy,human,85,0,0,0,85,A
nahomi_ozuna,Nahomi Ozuna,https://www.instagram.com/nahomi_ozuna,4924879139,,odontospy,human,85,0,0,0,85,A
six_nunez,Sixta Nuñez,https://www.instagram.com/six_nunez,4925247483,,odontospy,human,85,0,0,0,85,A
jose_sosapy,Jose Sosa,https://www.instagram.com/jose_sosapy,49277232426,,odontospy,human,85,0,0,0,85,A
oom_khaleed,Om Khaleed,https://www.instagram.com/oom_khaleed,49289045981,,protectiondentalcenter,human,85,0,0,0,85,A
gaga_kimi,Dragana Daca,https://www.instagram.com/gaga_kimi,49295429427,,protectiondentalcenter,human,85,0,0,0,85,A
gregori_alexduarte,Gregori Duarte,https://www.instagram.com/gregori_alexduarte,49298768195,,odontologia3py,human,85,0,0,0,85,A
dezentrale_vibes,Dezentrale Vibes,https://www.instagram.com/dezentrale_vibes,49314779016,,protectiondentalcenter,human,85,0,0,0,85,A
carolina_eskivel,Carolina Esquivel,https://www.instagram.com/carolina_eskivel,4931721727,,protectiondentalcenter,human,85,0,0,0,85,A
lauri_meza,Lauri Meza,https://www.instagram.com/lauri_meza,493181594,,protectiondentalcenter,human,85,0,0,0,85,A
corona_yamile,Yamile Corona,https://www.instagram.com/corona_yamile,49412633694,,protectiondentalcenter,human,85,0,0,0,85,A
neni_rolon,Carmen Rolon,https://www.instagram.com/neni_rolon,494391874,,protectiondentalcenter,human,85,0,0,0,85,A
flores_pamelins,Pamela Flores,https://www.instagram.com/flores_pamelins,49547172268,,protectiondentalcenter,human,85,0,0,0,85,A
luna_acandia,Andrea Candia,https://www.instagram.com/luna_acandia,495594153,,protectiondentalcenter,human,85,0,0,0,85,A
cabsan_isa,Isabel Caballero,https://www.instagram.com/cabsan_isa,4959255592,,protectiondentalcenter,human,85,0,0,0,85,A
gomez_jeni,Jeniffer Gomez,https://www.instagram.com/gomez_jeni,496007101,,protectiondentalcenter,human,85,0,0,0,85,A
anto_marin,Antonio Marin,https://www.instagram.com/anto_marin,496012960,,odontologia3py,human,85,0,0,0,85,A
dahiana_garayy,Dahiana Garay,https://www.instagram.com/dahiana_garayy,49607752852,,odontospy,human,85,0,0,0,85,A
ro_molinas,Ro Molinas,https://www.instagram.com/ro_molinas,496232018,,protectiondentalcenter,human,85,0,0,0,85,A
eloisa_katia,Eloisa Alonso,https://www.instagram.com/eloisa_katia,496439278,,protectiondentalcenter,human,85,0,0,0,85,A
carolina_canese,Carolina Canese,https://www.instagram.com/carolina_canese,49678366,,protectiondentalcenter,human,85,0,0,0,85,A
galvan_albi,Alba Galvan,https://www.instagram.com/galvan_albi,4969044514,,protectiondentalcenter,human,85,0,0,0,85,A
dehnike_gabi,Gabi Dehnike,https://www.instagram.com/dehnike_gabi,49696909193,,protectiondentalcenter,human,85,0,0,0,85,A
estefania_arranz,Estefania Velasco,https://www.instagram.com/estefania_arranz,49711036611,,protectiondentalcenter,human,85,0,0,0,85,A
alcira_regis,Alcira Recalde,https://www.instagram.com/alcira_regis,49716619390,,protectiondentalcenter,human,85,0,0,0,85,A
lary_espinoza,Lary Espinoza,https://www.instagram.com/lary_espinoza,49748205416,,protectiondentalcenter,human,85,0,0,0,85,A
marciomega_nuevo,Marcio Mega,https://www.instagram.com/marciomega_nuevo,49749358988,,protectiondentalcenter,human,85,0,0,0,85,A
adilson_torales,Adilson Torales,https://www.instagram.com/adilson_torales,497603588,,odontospy,human,85,0,0,0,85,A
malu_butter,Tengo Hambre,https://www.instagram.com/malu_butter,49764670883,,odontospy,human,85,0,0,0,85,A
pirula_fe,Pilar Feliu,https://www.instagram.com/pirula_fe,49767197055,,protectiondentalcenter,human,85,0,0,0,85,A
delfi_tth,Delfina Dejesus,https://www.instagram.com/delfi_tth,49769785820,,odontospy,human,85,0,0,0,85,A
confecciones_fabian,Blankita Maliza,https://www.instagram.com/confecciones_fabian,49795356779,,protectiondentalcenter,human,85,0,0,0,85,A
nelcy_molas,Nelcy Molas,https://www.instagram.com/nelcy_molas,49801190994,,odontospy,human,85,0,0,0,85,A
galeria_crojash,Galeria Crojash,https://www.instagram.com/galeria_crojash,4984066920,,protectiondentalcenter,human,85,0,0,0,85,A
ronaldf_vera,Ronald Vera,https://www.instagram.com/ronaldf_vera,49855979697,,protectiondentalcenter,human,85,0,0,0,85,A
destaque_hogar,Destaque Hogar,https://www.instagram.com/destaque_hogar,49888171099,,protectiondentalcenter,human,85,0,0,0,85,A
torres_leiva,Raul Torres,https://www.instagram.com/torres_leiva,499031826,,protectiondentalcenter,human,85,0,0,0,85,A
chinchu_roar,Cynthia Romero,https://www.instagram.com/chinchu_roar,499306703,,odontologia3py,human,85,0,0,0,85,A
byte_phone,Byte Phone,https://www.instagram.com/byte_phone,49982709370,,odontologia3py,human,85,0,0,0,85,A
patricia_schadjin,Patricia Schadjin,https://www.instagram.com/patricia_schadjin,50017114106,,protectiondentalcenter,human,85,0,0,0,85,A
monarca_regalos,Monarca Regalos,https://www.instagram.com/monarca_regalos,50031620697,,protectiondentalcenter,human,85,0,0,0,85,A
tere_stuani,Teresinha Stuani,https://www.instagram.com/tere_stuani,50043324507,,odontologia3py,human,85,0,0,0,85,A
sara_ynsaurralde,Sara Ynsaurralde,https://www.instagram.com/sara_ynsaurralde,500487801,,protectiondentalcenter,human,85,0,0,0,85,A
duhon_monica,Monica Duhon,https://www.instagram.com/duhon_monica,50121154831,,protectiondentalcenter,human,85,0,0,0,85,A
gra_alvaren,Graciela Alvarenga,https://www.instagram.com/gra_alvaren,501711341,,protectiondentalcenter,human,85,0,0,0,85,A
nadgon_py,Nadia Gonzalez,https://www.instagram.com/nadgon_py,501894130,,odontologia3py,human,85,0,0,0,85,A
choe_jiin,Daniel Choi,https://www.instagram.com/choe_jiin,5019889555,,odontologia3py,human,85,0,0,0,85,A
paola_guaymas,Paola Guaymas,https://www.instagram.com/paola_guaymas,5020782334,,protectiondentalcenter,human,85,0,0,0,85,A
rohh_morel,Roh Morel,https://www.instagram.com/rohh_morel,50258751271,,protectiondentalcenter,human,85,0,0,0,85,A
nori_koch,Nori Koch,https://www.instagram.com/nori_koch,50270711856,,protectiondentalcenter,human,85,0,0,0,85,A
lufer_ortigoza,Jeimy Ortigoza,https://www.instagram.com/lufer_ortigoza,502846142,,protectiondentalcenter,human,85,0,0,0,85,A
rosica_kostadinova,Rosica Kostadinova,https://www.instagram.com/rosica_kostadinova,50312950097,,protectiondentalcenter,human,85,0,0,0,85,A
elizabeth_marrofigue,Elizabeth Marroquin,https://www.instagram.com/elizabeth_marrofigue,50333333484,,protectiondentalcenter,human,85,0,0,0,85,A
vivas_sorpresas,Vivas Sorpresas,https://www.instagram.com/vivas_sorpresas,50377380605,,protectiondentalcenter,human,85,0,0,0,85,A
rosi_roa,Rosi Roa,https://www.instagram.com/rosi_roa,504026007,,odontospy,human,85,0,0,0,85,A
angeli_ruizb,Angie Ruiz,https://www.instagram.com/angeli_ruizb,504038555,,protectiondentalcenter,human,85,0,0,0,85,A
eli_cante,Elida Cantero,https://www.instagram.com/eli_cante,504156164,,protectiondentalcenter,human,85,0,0,0,85,A
jessi_goydym,Jessica Goydy,https://www.instagram.com/jessi_goydym,504171337,,odontologia3py,human,85,0,0,0,85,A
raquel_pcastillo,Raquel Pereyra,https://www.instagram.com/raquel_pcastillo,5041931090,,protectiondentalcenter,human,85,0,0,0,85,A
mady_fridasperatti,Madison Speratti,https://www.instagram.com/mady_fridasperatti,5043720797,,protectiondentalcenter,human,85,0,0,0,85,A
matecita_chacon,Mate Chacon,https://www.instagram.com/matecita_chacon,504645854,,protectiondentalcenter,human,85,0,0,0,85,A
chilavert_salinas,Daniel Chilavert,https://www.instagram.com/chilavert_salinas,50469128178,,odontospy,human,85,0,0,0,85,A
cc_clasico,Claudia Diekhaus,https://www.instagram.com/cc_clasico,50501381787,,protectiondentalcenter,human,85,0,0,0,85,A
josi_frrr,Josiane Ferreira,https://www.instagram.com/josi_frrr,50515647586,,protectiondentalcenter,human,85,0,0,0,85,A
artesania_shei,Artesania Shei,https://www.instagram.com/artesania_shei,50521415496,,protectiondentalcenter,human,85,0,0,0,85,A
katia_risciglione,Katiuscia Risciglione,https://www.instagram.com/katia_risciglione,50526218230,,protectiondentalcenter,human,85,0,0,0,85,A
marly_armoa,Marly Armoa,https://www.instagram.com/marly_armoa,50537409508,,protectiondentalcenter,human,85,0,0,0,85,A
gisseli_silva,Gisselle Silva,https://www.instagram.com/gisseli_silva,505672416,,protectiondentalcenter,human,85,0,0,0,85,A
aldito_roa,Roa Aldito,https://www.instagram.com/aldito_roa,505766032,,odontospy,human,85,0,0,0,85,A
sol_rrd,Sole Roman,https://www.instagram.com/sol_rrd,50587302250,,protectiondentalcenter,human,85,0,0,0,85,A
juliana_galeagom,Juliana Galeano,https://www.instagram.com/juliana_galeagom,50653473674,,odontospy,human,85,0,0,0,85,A
lou_rojasvi,Lourdes Rojas,https://www.instagram.com/lou_rojasvi,50663932494,,protectiondentalcenter,human,85,0,0,0,85,A
melgarejo_joa,Johana Melgarejo,https://www.instagram.com/melgarejo_joa,50695386387,,protectiondentalcenter,human,85,0,0,0,85,A
romi_aquino,Romina Aquino,https://www.instagram.com/romi_aquino,508264280,,odontologia3py,human,85,0,0,0,85,A
teobaldo_velazquez,Teobaldo Velazquez,https://www.instagram.com/teobaldo_velazquez,50918148789,,protectiondentalcenter,human,85,0,0,0,85,A
lau_lopezq,Laura Lopez,https://www.instagram.com/lau_lopezq,50924287698,,protectiondentalcenter,human,85,0,0,0,85,A
ernes_togs,Hernes Gonza,https://www.instagram.com/ernes_togs,50977769834,,protectiondentalcenter,human,85,0,0,0,85,A
heis_marisa,Marisa Heis,https://www.instagram.com/heis_marisa,51157076830,,protectiondentalcenter,human,85,0,0,0,85,A
giovy_luciopatty,Giovanna Cristiano,https://www.instagram.com/giovy_luciopatty,5117235728,,protectiondentalcenter,human,85,0,0,0,85,A
gissel_park,Monserrath Villalba,https://www.instagram.com/gissel_park,51197779193,,protectiondentalcenter,human,85,0,0,0,85,A
carine_nkt,Jade Jade,https://www.instagram.com/carine_nkt,51203188213,,protectiondentalcenter,human,85,0,0,0,85,A
naal_alvarez,Natalia Alvarez,https://www.instagram.com/naal_alvarez,512265848,,protectiondentalcenter,human,85,0,0,0,85,A
gleice_miranda,Gleice Miranda,https://www.instagram.com/gleice_miranda,512267993,,protectiondentalcenter,human,85,0,0,0,85,A
pilar_arandar,Pilar Aranda,https://www.instagram.com/pilar_arandar,51253977377,,protectiondentalcenter,human,85,0,0,0,85,A
digno_aguilera,Digno Aguilera,https://www.instagram.com/digno_aguilera,512699049,,protectiondentalcenter,human,85,0,0,0,85,A
iv_tru,Iv Tru,https://www.instagram.com/iv_tru,513218576,,protectiondentalcenter,human,85,0,0,0,85,A
hono_tr,Honorina Toledo,https://www.instagram.com/hono_tr,513380966,,protectiondentalcenter,human,85,0,0,0,85,A
cintia_crochetpy,Cintia Peralta,https://www.instagram.com/cintia_crochetpy,51386477748,,protectiondentalcenter,human,85,0,0,0,85,A
deni_wagner,Deni Wagner,https://www.instagram.com/deni_wagner,51400456,,protectiondentalcenter,human,85,0,0,0,85,A
adelia_marcolino,Adelia Costa,https://www.instagram.com/adelia_marcolino,51421103117,,protectiondentalcenter,human,85,0,0,0,85,A
lissi_dac,Lissi Aravena,https://www.instagram.com/lissi_dac,514517320,,protectiondentalcenter,human,85,0,0,0,85,A
mayor_elvira,Elvira Mayor,https://www.instagram.com/mayor_elvira,51471628602,,protectiondentalcenter,human,85,0,0,0,85,A
yenisey_alquizar,Bencomo Yeni,https://www.instagram.com/yenisey_alquizar,51488870019,,protectiondentalcenter,human,85,0,0,0,85,A
karent_reynoso,Karent Reynoso,https://www.instagram.com/karent_reynoso,51499350682,,protectiondentalcenter,human,85,0,0,0,85,A
lili_lider,Lili Ricci,https://www.instagram.com/lili_lider,515222111,,protectiondentalcenter,human,85,0,0,0,85,A
romano_solange,Solange Romano,https://www.instagram.com/romano_solange,51607875869,,protectiondentalcenter,human,85,0,0,0,85,A
zuny_grance,Zuny Grance,https://www.instagram.com/zuny_grance,516243875,,protectiondentalcenter,human,85,0,0,0,85,A
patticia_crossa,Patricia Crossa,https://www.instagram.com/patticia_crossa,51640369128,,protectiondentalcenter,human,85,0,0,0,85,A
bibimartinez_jd,Bibi Martinez,https://www.instagram.com/bibimartinez_jd,51645586383,,protectiondentalcenter,human,85,0,0,0,85,A
la_magistrada,Nafi Peña,https://www.instagram.com/la_magistrada,516505724,,protectiondentalcenter,human,85,0,0,0,85,A
loourdes_py,Lourdes Romero,https://www.instagram.com/loourdes_py,516739525,,odontologia3py,human,85,0,0,0,85,A
enrique_fassardi,Enrique Fassardi,https://www.instagram.com/enrique_fassardi,516941150,,odontologia3py,human,85,0,0,0,85,A
beta_ardito,Beta Ardito,https://www.instagram.com/beta_ardito,51728329523,,protectiondentalcenter,human,85,0,0,0,85,A
fiore_accesorio,Fiorella Crochet,https://www.instagram.com/fiore_accesorio,51744819485,,odontospy,human,85,0,0,0,85,A
norma_gimenez,Norma Gimenez,https://www.instagram.com/norma_gimenez,517485745,,protectiondentalcenter,human,85,0,0,0,85,A
dahia_vera,Dahiana Vera,https://www.instagram.com/dahia_vera,517784890,,odontologia3py,human,85,0,0,0,85,A
karen_bensussen,Karen Bensussen,https://www.instagram.com/karen_bensussen,51791981,,protectiondentalcenter,human,85,0,0,0,85,A
ortiz_mery,Mery Ortiz,https://www.instagram.com/ortiz_mery,518117630,,protectiondentalcenter,human,85,0,0,0,85,A
martha_brusse,Martha Brusse,https://www.instagram.com/martha_brusse,518295171,,protectiondentalcenter,human,85,0,0,0,85,A
katia_villamayor,Katia Villamayor,https://www.instagram.com/katia_villamayor,51844079744,,odontospy,human,85,0,0,0,85,A
lucia_gutierz,Lucii Gutierrez,https://www.instagram.com/lucia_gutierz,51914913277,,protectiondentalcenter,human,85,0,0,0,85,A
pauloroberto_kuhn,Paulo Roberto,https://www.instagram.com/pauloroberto_kuhn,51924452406,,protectiondentalcenter,human,85,0,0,0,85,A
piel_canelabrownsville,Piel Canela,https://www.instagram.com/piel_canelabrownsville,52020379892,,protectiondentalcenter,human,85,0,0,0,85,A
sneza_nasavic,Snezana Savic,https://www.instagram.com/sneza_nasavic,52051856499,,protectiondentalcenter,human,85,0,0,0,85,A
acosta_marina,Marina Acosta,https://www.instagram.com/acosta_marina,521248801,,odontospy,human,85,0,0,0,85,A
lauri_servin,Lauri Servin,https://www.instagram.com/lauri_servin,521420347,,protectiondentalcenter,human,85,0,0,0,85,A
becerra_johnny,Johnny Becerra,https://www.instagram.com/becerra_johnny,5214416222,,protectiondentalcenter,human,85,0,0,0,85,A
blanc_molinas,Blanca Molinas,https://www.instagram.com/blanc_molinas,52183382699,,odontospy,human,85,0,0,0,85,A
sandy_levario,Sandra Levario,https://www.instagram.com/sandy_levario,52186413060,,protectiondentalcenter,human,85,0,0,0,85,A
mirian_brassel,Mirian Brassel,https://www.instagram.com/mirian_brassel,521976840,,protectiondentalcenter,human,85,0,0,0,85,A
raquel_rivela,Raquel Rivela,https://www.instagram.com/raquel_rivela,52214268416,,protectiondentalcenter,human,85,0,0,0,85,A
beck_evelina,Evelina Beck,https://www.instagram.com/beck_evelina,52243801625,,protectiondentalcenter,human,85,0,0,0,85,A
marisel_orozco,Marisel Orozco,https://www.instagram.com/marisel_orozco,524019656,,protectiondentalcenter,human,85,0,0,0,85,A
mariahelena_faganello,Maria Helena,https://www.instagram.com/mariahelena_faganello,52426269476,,protectiondentalcenter,human,85,0,0,0,85,A
sariss_py,Sara Senzacqua,https://www.instagram.com/sariss_py,52484640266,,odontospy,human,85,0,0,0,85,A
benitez_car,Carmen Benitez,https://www.instagram.com/benitez_car,525046483,,odontospy,human,85,0,0,0,85,A
pamela_valinotti,Pamela Valinotti,https://www.instagram.com/pamela_valinotti,525191079,,odontologia3py,human,85,0,0,0,85,A
neshy_bruno,Nely Gomez,https://www.instagram.com/neshy_bruno,52603224699,,odontospy,human,85,0,0,0,85,A
vero_segoc,Vero Segovia,https://www.instagram.com/vero_segoc,52659584389,,odontospy,human,85,0,0,0,85,A
mirt_cristal,Mirtha Cristal,https://www.instagram.com/mirt_cristal,52664377960,,protectiondentalcenter,human,85,0,0,0,85,A
el_yonaok,Yonathan Alarcon,https://www.instagram.com/el_yonaok,52708352569,,protectiondentalcenter,human,85,0,0,0,85,A
graciela_irazabal,Graciela Irazabal,https://www.instagram.com/graciela_irazabal,52709097563,,protectiondentalcenter,human,85,0,0,0,85,A
onaga_yolita,Fabiola Gaona,https://www.instagram.com/onaga_yolita,52734469452,,protectiondentalcenter,human,85,0,0,0,85,A
maray_art,Maray Reyes,https://www.instagram.com/maray_art,5275125815,,protectiondentalcenter,human,85,0,0,0,85,A
letizia_palacios,Letizia Palacios,https://www.instagram.com/letizia_palacios,52759705719,,protectiondentalcenter,human,85,0,0,0,85,A
ro_aquinov,Ro Aquino,https://www.instagram.com/ro_aquinov,52800226699,,odontologia3py,human,85,0,0,0,85,A
kattya_portillo,Kathya Ruiz,https://www.instagram.com/kattya_portillo,52818614296,,odontologia3py,human,85,0,0,0,85,A
belen_baezc,Belen Baez,https://www.instagram.com/belen_baezc,528437460,,odontologia3py,human,85,0,0,0,85,A
sacnizeck_soto,Sacnizekc Soto,https://www.instagram.com/sacnizeck_soto,52847647497,,protectiondentalcenter,human,85,0,0,0,85,A
scorpion_mtors,Cesar Betancourt,https://www.instagram.com/scorpion_mtors,52903685392,,protectiondentalcenter,human,85,0,0,0,85,A
anahisosa_bf,Anahi Sosa,https://www.instagram.com/anahisosa_bf,52914532134,,protectiondentalcenter,human,85,0,0,0,85,A
olgabea_to,Olga Torres,https://www.instagram.com/olgabea_to,52939546022,,protectiondentalcenter,human,85,0,0,0,85,A
mamastime_toshine,Elizabeth Gulliver,https://www.instagram.com/mamastime_toshine,52945472378,,protectiondentalcenter,human,85,0,0,0,85,A
yamille_acosta,Vera Maria,https://www.instagram.com/yamille_acosta,52945994946,,odontospy,human,85,0,0,0,85,A
july_pachani,Juliana Pachani,https://www.instagram.com/july_pachani,530329620,,protectiondentalcenter,human,85,0,0,0,85,A
trauester_online,Traudyeh Kuhner,https://www.instagram.com/trauester_online,53048665186,,odontospy,human,85,0,0,0,85,A
ronald_olazar,Ronald Olazar,https://www.instagram.com/ronald_olazar,530493557,,protectiondentalcenter,human,85,0,0,0,85,A
marcet_ever,Ever Marcet,https://www.instagram.com/marcet_ever,53070515126,,odontologia3py,human,85,0,0,0,85,A
olloqui_eva,Eva Olloqui,https://www.instagram.com/olloqui_eva,53081293396,,protectiondentalcenter,human,85,0,0,0,85,A
vivi_piombo,Viviana Piombo,https://www.instagram.com/vivi_piombo,53138933105,,protectiondentalcenter,human,85,0,0,0,85,A
zin_zinebelle,Zineb Zineb,https://www.instagram.com/zin_zinebelle,5314011518,,protectiondentalcenter,human,85,0,0,0,85,A
noelia_lopezz,Noelia Lopez,https://www.instagram.com/noelia_lopezz,531644927,,protectiondentalcenter,human,85,0,0,0,85,A
fran_winner,Fran Gonzalez,https://www.instagram.com/fran_winner,532154228,,odontologia3py,human,85,0,0,0,85,A
madali_cardoso,Madali Cardoso,https://www.instagram.com/madali_cardoso,53216362428,,protectiondentalcenter,human,85,0,0,0,85,A
ro_almiron,Rocio Almiron,https://www.instagram.com/ro_almiron,532243123,,odontologia3py,human,85,0,0,0,85,A
lorena_carneirop,Lorena Carneiro,https://www.instagram.com/lorena_carneirop,5322908844,,protectiondentalcenter,human,85,0,0,0,85,A
xristina_chatzaki,Christina Chatzaki,https://www.instagram.com/xristina_chatzaki,5323207609,,protectiondentalcenter,human,85,0,0,0,85,A
kmi_avalos,Cami Avalos,https://www.instagram.com/kmi_avalos,532329424,,odontologia3py,human,85,0,0,0,85,A
alba_rashellra,Raquel Diaz,https://www.instagram.com/alba_rashellra,53235984797,,protectiondentalcenter,human,85,0,0,0,85,A
clara_acua,Clara Cabrera,https://www.instagram.com/clara_acua,532634793,,odontologia3py,human,85,0,0,0,85,A
vivi_ayalita,Vivi Ayala,https://www.instagram.com/vivi_ayalita,53280108945,,protectiondentalcenter,human,85,0,0,0,85,A
danina_almada,Danina Almada,https://www.instagram.com/danina_almada,532808444,,odontospy,human,85,0,0,0,85,A
paty_estigarribia,Paty Estigarribia,https://www.instagram.com/paty_estigarribia,5328236740,,protectiondentalcenter,human,85,0,0,0,85,A
hilda_ferrariz,Hilda Ferrariz,https://www.instagram.com/hilda_ferrariz,53289389115,,protectiondentalcenter,human,85,0,0,0,85,A
aghe_rreria,Luis Arevalos,https://www.instagram.com/aghe_rreria,53292724134,,protectiondentalcenter,human,85,0,0,0,85,A
lore_llll,Lorena Llaña,https://www.instagram.com/lore_llll,5329885331,,protectiondentalcenter,human,85,0,0,0,85,A
yes_delvalle,Yessy Sosa,https://www.instagram.com/yes_delvalle,5337827771,,protectiondentalcenter,human,85,0,0,0,85,A
dahiana_velaztiqui,Velaztiqui Dahiana,https://www.instagram.com/dahiana_velaztiqui,5337972293,,protectiondentalcenter,human,85,0,0,0,85,A
raquel_rojascoronel,Raquel Coronel,https://www.instagram.com/raquel_rojascoronel,5343233385,,odontospy,human,85,0,0,0,85,A
rosely_ns,Rosely Dutra,https://www.instagram.com/rosely_ns,53446763485,,protectiondentalcenter,human,85,0,0,0,85,A
biia_benitez,Bia Benitez,https://www.instagram.com/biia_benitez,534709442,,protectiondentalcenter,human,85,0,0,0,85,A
dani_dielma,Dani Dielma,https://www.instagram.com/dani_dielma,53472838144,,protectiondentalcenter,human,85,0,0,0,85,A
xandi_ri,Alexandra Ringhofer,https://www.instagram.com/xandi_ri,534776625,,protectiondentalcenter,human,85,0,0,0,85,A
gaby_baezf,Gaby Baez,https://www.instagram.com/gaby_baezf,534892543,,protectiondentalcenter,human,85,0,0,0,85,A
zita_mezei,Zita Mezei,https://www.instagram.com/zita_mezei,53520205548,,protectiondentalcenter,human,85,0,0,0,85,A
lari_palomar,Larissa Palomar,https://www.instagram.com/lari_palomar,535452931,,odontologia3py,human,85,0,0,0,85,A
samame_teresa,Teresa Samame,https://www.instagram.com/samame_teresa,53553875985,,protectiondentalcenter,human,85,0,0,0,85,A
amado_narvaez,Amado Narvaez,https://www.instagram.com/amado_narvaez,53572800302,,protectiondentalcenter,human,85,0,0,0,85,A
caceres_rodo,Rodolfo Caceres,https://www.instagram.com/caceres_rodo,5362377466,,protectiondentalcenter,human,85,0,0,0,85,A
tere_yegross,Teresa Yegros,https://www.instagram.com/tere_yegross,5364128345,,odontospy,human,85,0,0,0,85,A
milkica_krivkuca,Krivokuca Milkica,https://www.instagram.com/milkica_krivkuca,53667814219,,protectiondentalcenter,human,85,0,0,0,85,A
bea_izquierdod,Beatriz Izquierdo,https://www.instagram.com/bea_izquierdod,5367847030,,protectiondentalcenter,human,85,0,0,0,85,A
rakel_bano,Raquel Baño,https://www.instagram.com/rakel_bano,5373828369,,protectiondentalcenter,human,85,0,0,0,85,A
cintia_gagliotti,Cintia Gagliotti,https://www.instagram.com/cintia_gagliotti,53740250049,,protectiondentalcenter,human,85,0,0,0,85,A
izabel_eliane,Eliane Izabel,https://www.instagram.com/izabel_eliane,5374422245,,protectiondentalcenter,human,85,0,0,0,85,A
cynthiarecalde_py,Cynthia Recalde,https://www.instagram.com/cynthiarecalde_py,537562367,,protectiondentalcenter,human,85,0,0,0,85,A
erika_janete,Ericka Herrera,https://www.instagram.com/erika_janete,5377964733,,protectiondentalcenter,human,85,0,0,0,85,A
mercedes_marsa,Mercedes Martinez,https://www.instagram.com/mercedes_marsa,5378759327,,protectiondentalcenter,human,85,0,0,0,85,A
bam_sousou,Souad Bamouhammad,https://www.instagram.com/bam_sousou,5380514538,,protectiondentalcenter,human,85,0,0,0,85,A
perla_caballeroo,Perla Caballero,https://www.instagram.com/perla_caballeroo,5381470653,,protectiondentalcenter,human,85,0,0,0,85,A
benitez_alcira,Alcira Benitez,https://www.instagram.com/benitez_alcira,5384212977,,protectiondentalcenter,human,85,0,0,0,85,A
aziel_jared,Raziel Jared,https://www.instagram.com/aziel_jared,53843230586,,protectiondentalcenter,human,85,0,0,0,85,A
nina_makvic,Nikolina Makvic,https://www.instagram.com/nina_makvic,5386722835,,protectiondentalcenter,human,85,0,0,0,85,A
noguera_myrian,Myrian Noguera,https://www.instagram.com/noguera_myrian,5390607964,,protectiondentalcenter,human,85,0,0,0,85,A
meryen_cabanas,Meryen Cabañas,https://www.instagram.com/meryen_cabanas,5394858549,,protectiondentalcenter,human,85,0,0,0,85,A
cardu_net,Carlos Duarte,https://www.instagram.com/cardu_net,53950731968,,odontologia3py,human,85,0,0,0,85,A
mag_rojas,Magali Rojas,https://www.instagram.com/mag_rojas,539731858,,odontologia3py,human,85,0,0,0,85,A
juanjo_rosales,Juanjo Rosales,https://www.instagram.com/juanjo_rosales,540000055,,protectiondentalcenter,human,85,0,0,0,85,A
nelli_saucedo,Nelli Saucedo,https://www.instagram.com/nelli_saucedo,5400554037,,protectiondentalcenter,human,85,0,0,0,85,A
teresa_texo,Teresa Terri,https://www.instagram.com/teresa_texo,5401499232,,protectiondentalcenter,human,85,0,0,0,85,A
rommy_feli,Bia Favio,https://www.instagram.com/rommy_feli,540218435,,protectiondentalcenter,human,85,0,0,0,85,A
denisse_tilleria,Denisse Tilleria,https://www.instagram.com/denisse_tilleria,54027669182,,protectiondentalcenter,human,85,0,0,0,85,A
auzenirmaria_nobrega,Auzenir Nobrega,https://www.instagram.com/auzenirmaria_nobrega,54048952583,,protectiondentalcenter,human,85,0,0,0,85,A
jovanna_gudac,Giovanna Gudac,https://www.instagram.com/jovanna_gudac,54071279415,,protectiondentalcenter,human,85,0,0,0,85,A
monicaaa_munoz,Monica Munoz,https://www.instagram.com/monicaaa_munoz,54078887844,,protectiondentalcenter,human,85,0,0,0,85,A
gimenez_emiliana,Emiliana Gimenez,https://www.instagram.com/gimenez_emiliana,54081074893,,protectiondentalcenter,human,85,0,0,0,85,A
montiel_andy,Andrea Montiel,https://www.instagram.com/montiel_andy,540891485,,protectiondentalcenter,human,85,0,0,0,85,A
filomenaf_fonseca,Filomena Ferreira,https://www.instagram.com/filomenaf_fonseca,5410383403,,protectiondentalcenter,human,85,0,0,0,85,A
freitas_julianaaa,Juliana Freitas,https://www.instagram.com/freitas_julianaaa,54108202304,,protectiondentalcenter,human,85,0,0,0,85,A
carla_belloli,Carla Belloli,https://www.instagram.com/carla_belloli,54113167899,,protectiondentalcenter,human,85,0,0,0,85,A
sonia_irener,Sonia Rivas,https://www.instagram.com/sonia_irener,5413575061,,protectiondentalcenter,human,85,0,0,0,85,A
lr_acosta,Lilian Acosta,https://www.instagram.com/lr_acosta,5417150749,,odontospy,human,85,0,0,0,85,A
angela_tulipano,Angela Tulipano,https://www.instagram.com/angela_tulipano,54172291121,,protectiondentalcenter,human,85,0,0,0,85,A
lore_monges,Andrea Monges,https://www.instagram.com/lore_monges,541922138,,odontologia3py,human,85,0,0,0,85,A
ruth_gindiara,Ruth Guzman,https://www.instagram.com/ruth_gindiara,54223848480,,protectiondentalcenter,human,85,0,0,0,85,A
may_aguilerx,Mayra Aguilera,https://www.instagram.com/may_aguilerx,5426801037,,odontospy,human,85,0,0,0,85,A
vane_meaurio,Vane Meaurio,https://www.instagram.com/vane_meaurio,542947832,,odontologia3py,human,85,0,0,0,85,A
rosi_ayala,Rosi Ayala,https://www.instagram.com/rosi_ayala,543111053,,protectiondentalcenter,human,85,0,0,0,85,A
male_stumpfs,Male Stumpfs,https://www.instagram.com/male_stumpfs,543353335,,protectiondentalcenter,human,85,0,0,0,85,A
alex_hudmnt,Alexis Alvarez,https://www.instagram.com/alex_hudmnt,5434870193,,protectiondentalcenter,human,85,0,0,0,85,A
zara_valenzuela,Zara Valenzuela,https://www.instagram.com/zara_valenzuela,5436303318,,protectiondentalcenter,human,85,0,0,0,85,A
ade_portill,Ade Portilo,https://www.instagram.com/ade_portill,54375296248,,protectiondentalcenter,human,85,0,0,0,85,A
estelita_melgar,Estelita Melgar,https://www.instagram.com/estelita_melgar,54442499500,,protectiondentalcenter,human,85,0,0,0,85,A
zhutzhent_zamora,Tati Zamora,https://www.instagram.com/zhutzhent_zamora,5451330272,,protectiondentalcenter,human,85,0,0,0,85,A
anghie_orrego,Anghie Orrego,https://www.instagram.com/anghie_orrego,545245630,,odontologia3py,human,85,0,0,0,85,A
nazarena_valdez,Ada Nazarena,https://www.instagram.com/nazarena_valdez,545373339,,odontologia3py,human,85,0,0,0,85,A
francis_torales,Francis Lescano,https://www.instagram.com/francis_torales,545390858,,protectiondentalcenter,human,85,0,0,0,85,A
tamy_belenvalg,Tamara Valdez,https://www.instagram.com/tamy_belenvalg,54580318012,,protectiondentalcenter,human,85,0,0,0,85,A
ras_angela,Angela Ras,https://www.instagram.com/ras_angela,5458683246,,protectiondentalcenter,human,85,0,0,0,85,A
janee_lunaa,Jane Luna,https://www.instagram.com/janee_lunaa,5459186771,,protectiondentalcenter,human,85,0,0,0,85,A
alvarenga_maura,Maura Alvarenga,https://www.instagram.com/alvarenga_maura,5463349594,,odontologia3py,human,85,0,0,0,85,A
aguero_gilda,Gilda Aguero,https://www.instagram.com/aguero_gilda,5464392741,,protectiondentalcenter,human,85,0,0,0,85,A
helga_smiler,Gamarra Helga,https://www.instagram.com/helga_smiler,5464579644,,protectiondentalcenter,human,85,0,0,0,85,A
marisa_onate,Marisa Oñate,https://www.instagram.com/marisa_onate,54676726438,,protectiondentalcenter,human,85,0,0,0,85,A
rossanna_riveros,Rossanna Riveros,https://www.instagram.com/rossanna_riveros,54746963532,,protectiondentalcenter,human,85,0,0,0,85,A
karen_anabhet,Karen Mery,https://www.instagram.com/karen_anabhet,54756724478,,protectiondentalcenter,human,85,0,0,0,85,A
isa_lobianchi,Isa Lobianchi,https://www.instagram.com/isa_lobianchi,5478310698,,protectiondentalcenter,human,85,0,0,0,85,A
cristel_vega,Cristel Vega,https://www.instagram.com/cristel_vega,548218316,,protectiondentalcenter,human,85,0,0,0,85,A
gaby_tovarc,Ana Preczewski,https://www.instagram.com/gaby_tovarc,5482304618,,protectiondentalcenter,human,85,0,0,0,85,A
blas_oli,Blas Schinini,https://www.instagram.com/blas_oli,548284042,,odontologia3py,human,85,0,0,0,85,A
ritinha_caballero,Rita Caballero,https://www.instagram.com/ritinha_caballero,548357833,,odontologia3py,human,85,0,0,0,85,A
nidia_lopera,Nidia Lopera,https://www.instagram.com/nidia_lopera,5483727167,,protectiondentalcenter,human,85,0,0,0,85,A
loreena_torres,Lorena Torres,https://www.instagram.com/loreena_torres,548479377,,odontospy,human,85,0,0,0,85,A
royer_quintana,Royer Quintana,https://www.instagram.com/royer_quintana,54853394771,,protectiondentalcenter,human,85,0,0,0,85,A
danilo_taboada,Danilo Taboada,https://www.instagram.com/danilo_taboada,54873267577,,protectiondentalcenter,human,85,0,0,0,85,A
adorno_aline,Aline Adorno,https://www.instagram.com/adorno_aline,549035532,,odontologia3py,human,85,0,0,0,85,A
vio_vazquez,Vio Vazquez,https://www.instagram.com/vio_vazquez,549244379,,odontospy,human,85,0,0,0,85,A
susy_siroli,Susy Siroli,https://www.instagram.com/susy_siroli,5498153250,,protectiondentalcenter,human,85,0,0,0,85,A
estela_silvapy,Estela Silva,https://www.instagram.com/estela_silvapy,5498883231,,protectiondentalcenter,human,85,0,0,0,85,A
ruthnatalia_sanchez,Ruth Sanchez,https://www.instagram.com/ruthnatalia_sanchez,55006246282,,odontospy,human,85,0,0,0,85,A
rosana_pietroniro,Rosana Pietroniro,https://www.instagram.com/rosana_pietroniro,55009271112,,protectiondentalcenter,human,85,0,0,0,85,A
viky_iglesia,Viky Iglesias,https://www.instagram.com/viky_iglesia,55034952589,,protectiondentalcenter,human,85,0,0,0,85,A
aneea_aneea,Aneea Aneea,https://www.instagram.com/aneea_aneea,5507814077,,protectiondentalcenter,human,85,0,0,0,85,A
tertuliano_sonia,Sonia Tertuliano,https://www.instagram.com/tertuliano_sonia,5507884595,,protectiondentalcenter,human,85,0,0,0,85,A
willian_fg,Willian Ferreira,https://www.instagram.com/willian_fg,550797946,,protectiondentalcenter,human,85,0,0,0,85,A
araceli_chapy,Araceli Chaparro,https://www.instagram.com/araceli_chapy,55084628886,,odontologia3py,human,85,0,0,0,85,A
angie_caniza,Angeles Gonzalez,https://www.instagram.com/angie_caniza,5512468414,,odontospy,human,85,0,0,0,85,A
euni_ayala,Eunice Ayala,https://www.instagram.com/euni_ayala,5512922802,,protectiondentalcenter,human,85,0,0,0,85,A
ariel_garayal,Ariel Garay,https://www.instagram.com/ariel_garayal,5513696165,,protectiondentalcenter,human,85,0,0,0,85,A
einalem_rekkohcs,Melanie Ulrich,https://www.instagram.com/einalem_rekkohcs,5519807400,,protectiondentalcenter,human,85,0,0,0,85,A
chiaki_oishi,Chiaki Oishi,https://www.instagram.com/chiaki_oishi,552377943,,protectiondentalcenter,human,85,0,0,0,85,A
sally_carbajal,Sally Carbajal,https://www.instagram.com/sally_carbajal,5524506125,,protectiondentalcenter,human,85,0,0,0,85,A
ivana_ocampos,Iva Ortiz,https://www.instagram.com/ivana_ocampos,552492358,,protectiondentalcenter,human,85,0,0,0,85,A
lourd_velazquez,Lourdes Velazquez,https://www.instagram.com/lourd_velazquez,5525277973,,protectiondentalcenter,human,85,0,0,0,85,A
nury_gomezt,Nury Gomez,https://www.instagram.com/nury_gomezt,5525343221,,protectiondentalcenter,human,85,0,0,0,85,A
ol_verza,Olga Verza,https://www.instagram.com/ol_verza,5526247110,,odontospy,human,85,0,0,0,85,A
zule_esmeralda,Zuleima Peña,https://www.instagram.com/zule_esmeralda,55273796179,,protectiondentalcenter,human,85,0,0,0,85,A
amalia_paezvillalba,Amalia Paez,https://www.instagram.com/amalia_paezvillalba,5532568006,,protectiondentalcenter,human,85,0,0,0,85,A
susana_lammoglia,Susana Lammoglia,https://www.instagram.com/susana_lammoglia,5539353788,,protectiondentalcenter,human,85,0,0,0,85,A
roo_marwan,Randa Marawan,https://www.instagram.com/roo_marwan,55400913792,,protectiondentalcenter,human,85,0,0,0,85,A
narayan_lata,Lata Narayan,https://www.instagram.com/narayan_lata,5547361107,,protectiondentalcenter,human,85,0,0,0,85,A
aurita_valdes,Aura Valdes,https://www.instagram.com/aurita_valdes,5547621819,,protectiondentalcenter,human,85,0,0,0,85,A
yessi_casaccia,Yessica Casaccia,https://www.instagram.com/yessi_casaccia,555002632,,odontologia3py,human,85,0,0,0,85,A
solcito_tq,Sol Ta,https://www.instagram.com/solcito_tq,5550390714,,protectiondentalcenter,human,85,0,0,0,85,A
grissetti_monica,Monica Grissetti,https://www.instagram.com/grissetti_monica,5554639643,,protectiondentalcenter,human,85,0,0,0,85,A
ferreira_beni,Beni Ferreira,https://www.instagram.com/ferreira_beni,5555910283,,odontospy,human,85,0,0,0,85,A
sony_mongelos,Sony Melgarejo,https://www.instagram.com/sony_mongelos,5557090088,,protectiondentalcenter,human,85,0,0,0,85,A
garcia_loly,Loli Garcia,https://www.instagram.com/garcia_loly,555736194,,protectiondentalcenter,human,85,0,0,0,85,A
sanchez_marilis,Marilis Sanchez,https://www.instagram.com/sanchez_marilis,5561420930,,protectiondentalcenter,human,85,0,0,0,85,A
doraa_ocampos,Dora Ocampos,https://www.instagram.com/doraa_ocampos,556677329,,protectiondentalcenter,human,85,0,0,0,85,A
monika_debora,Monica Debor,https://www.instagram.com/monika_debora,5570964273,,protectiondentalcenter,human,85,0,0,0,85,A
dalia_livas,Dalia Livas,https://www.instagram.com/dalia_livas,5571819694,,protectiondentalcenter,human,85,0,0,0,85,A
vera_domoradova,Vera Domoradova,https://www.instagram.com/vera_domoradova,55728153120,,protectiondentalcenter,human,85,0,0,0,85,A
rosana_peinado,Rosana Peinado,https://www.instagram.com/rosana_peinado,55736976941,,protectiondentalcenter,human,85,0,0,0,85,A
paola_rosner,Paola Rosner,https://www.instagram.com/paola_rosner,557698002,,protectiondentalcenter,human,85,0,0,0,85,A
caro_caba,Carolina Caballero,https://www.instagram.com/caro_caba,557803889,,protectiondentalcenter,human,85,0,0,0,85,A
patty_melv,Patricia Melchor,https://www.instagram.com/patty_melv,5581218090,,protectiondentalcenter,human,85,0,0,0,85,A
graziana_lerna,Graziana Lerna,https://www.instagram.com/graziana_lerna,55814177465,,protectiondentalcenter,human,85,0,0,0,85,A
johis_fer,Johana Fernandez,https://www.instagram.com/johis_fer,558268815,,protectiondentalcenter,human,85,0,0,0,85,A
nathi_hermosa,Nathi Hermosa,https://www.instagram.com/nathi_hermosa,55901534,,odontologia3py,human,85,0,0,0,85,A
silvia_ortellado,Silvia Ortellado,https://www.instagram.com/silvia_ortellado,5590904888,,protectiondentalcenter,human,85,0,0,0,85,A
zulema_perdomo,Zulema Perdomo,https://www.instagram.com/zulema_perdomo,5591956033,,protectiondentalcenter,human,85,0,0,0,85,A
rosana_maplecars,Rosana Almeida,https://www.instagram.com/rosana_maplecars,56027995996,,protectiondentalcenter,human,85,0,0,0,85,A
walter_shinbei,Walter Shinbei,https://www.instagram.com/walter_shinbei,5606884364,,protectiondentalcenter,human,85,0,0,0,85,A
mery_robe,Mery Romero,https://www.instagram.com/mery_robe,560697350,,protectiondentalcenter,human,85,0,0,0,85,A
susana_teresita,Susana Brizuela,https://www.instagram.com/susana_teresita,5607697620,,protectiondentalcenter,human,85,0,0,0,85,A
ximena_valenzuelab,Ximena Bobadilla,https://www.instagram.com/ximena_valenzuelab,5607951045,,protectiondentalcenter,human,85,0,0,0,85,A
amariles_costa,Amariles Costa,https://www.instagram.com/amariles_costa,5609741587,,protectiondentalcenter,human,85,0,0,0,85,A
manissa_enoch,Manissa Enoch,https://www.instagram.com/manissa_enoch,5614848188,,protectiondentalcenter,human,85,0,0,0,85,A
litvin_ana,Ana Litvin,https://www.instagram.com/litvin_ana,5617198972,,protectiondentalcenter,human,85,0,0,0,85,A
montse_argana,Montse Morales,https://www.instagram.com/montse_argana,5619927838,,protectiondentalcenter,human,85,0,0,0,85,A
bestager_angie,Angela Golze,https://www.instagram.com/bestager_angie,56206763841,,protectiondentalcenter,human,85,0,0,0,85,A
elisa_niz,Elisa Niz,https://www.instagram.com/elisa_niz,5622968675,,protectiondentalcenter,human,85,0,0,0,85,A
marli_cohene,Marli Cohene,https://www.instagram.com/marli_cohene,5628765637,,protectiondentalcenter,human,85,0,0,0,85,A
odilis_photos,Odilis Anneth,https://www.instagram.com/odilis_photos,56315387508,,protectiondentalcenter,human,85,0,0,0,85,A
amali_mendez,Amalia Cañete,https://www.instagram.com/amali_mendez,56319514615,,protectiondentalcenter,human,85,0,0,0,85,A
floren_bottini,Floren Bottini,https://www.instagram.com/floren_bottini,56420284905,,protectiondentalcenter,human,85,0,0,0,85,A
graceii_garza,Grace Garza,https://www.instagram.com/graceii_garza,5642098576,,protectiondentalcenter,human,85,0,0,0,85,A
claudia_espiinola,Claudia Espinola,https://www.instagram.com/claudia_espiinola,564549036,,odontologia3py,human,85,0,0,0,85,A
ruty_valladares,Ruty Valladares,https://www.instagram.com/ruty_valladares,5647631369,,protectiondentalcenter,human,85,0,0,0,85,A
flavia_bapstista,Flavia Ferreira,https://www.instagram.com/flavia_bapstista,56519363914,,protectiondentalcenter,human,85,0,0,0,85,A
leelika_lang,Leelica Lang,https://www.instagram.com/leelika_lang,56552969343,,protectiondentalcenter,human,85,0,0,0,85,A
araceli_lezcabral,Luz Cabral,https://www.instagram.com/araceli_lezcabral,56563630801,,protectiondentalcenter,human,85,0,0,0,85,A
jota_cartes,Jota Cartes,https://www.instagram.com/jota_cartes,56603927461,,protectiondentalcenter,human,85,0,0,0,85,A
veralucia_justino,Vera Lucia,https://www.instagram.com/veralucia_justino,5664165444,,protectiondentalcenter,human,85,0,0,0,85,A
luci_acostag,Lucy Acosta,https://www.instagram.com/luci_acostag,566588837,,odontologia3py,human,85,0,0,0,85,A
riosm_al,Rios Alcides,https://www.instagram.com/riosm_al,56662026637,,protectiondentalcenter,human,85,0,0,0,85,A
merce_ayalaa,Mercedes Noguera,https://www.instagram.com/merce_ayalaa,56676130333,,odontospy,human,85,0,0,0,85,A
liz_lopz,Liz Lopez,https://www.instagram.com/liz_lopz,566783100,,protectiondentalcenter,human,85,0,0,0,85,A
eva_graells,Eva Graells,https://www.instagram.com/eva_graells,56715209325,,protectiondentalcenter,human,85,0,0,0,85,A
elka_vargas,Elka Vargas,https://www.instagram.com/elka_vargas,56722024097,,protectiondentalcenter,human,85,0,0,0,85,A
santander_noe,Noemi Santander,https://www.instagram.com/santander_noe,56745701149,,odontologia3py,human,85,0,0,0,85,A
kenny_tede,Kenny Tede,https://www.instagram.com/kenny_tede,56778571018,,protectiondentalcenter,human,85,0,0,0,85,A
vane_vanders,Vane Vanders,https://www.instagram.com/vane_vanders,5678100520,,protectiondentalcenter,human,85,0,0,0,85,A
luz_arc,Luz Arce,https://www.instagram.com/luz_arc,5681382611,,protectiondentalcenter,human,85,0,0,0,85,A
maries_lips,Marie Oviedo,https://www.instagram.com/maries_lips,5683561339,,protectiondentalcenter,human,85,0,0,0,85,A
dahi_grance,Dahi Grance,https://www.instagram.com/dahi_grance,5688165102,,protectiondentalcenter,human,85,0,0,0,85,A
yasmin_sucar,Yasmin Sucar,https://www.instagram.com/yasmin_sucar,56918806787,,protectiondentalcenter,human,85,0,0,0,85,A
ele_helenee,Helen Helen,https://www.instagram.com/ele_helenee,5692096689,,protectiondentalcenter,human,85,0,0,0,85,A
luuh_herreros,Luana Herreros,https://www.instagram.com/luuh_herreros,5694838757,,protectiondentalcenter,human,85,0,0,0,85,A
susana_morelli,Susana Morelli,https://www.instagram.com/susana_morelli,56980523583,,protectiondentalcenter,human,85,0,0,0,85,A
carolina_vbruna,Carolina Bruna,https://www.instagram.com/carolina_vbruna,5699851016,,protectiondentalcenter,human,85,0,0,0,85,A
centu_erika,Centurion Erika,https://www.instagram.com/centu_erika,57006647225,,protectiondentalcenter,human,85,0,0,0,85,A
johaaa_valdez,Valdez Johana,https://www.instagram.com/johaaa_valdez,570163587,,protectiondentalcenter,human,85,0,0,0,85,A
moni_gmaque,Monica Gimenez,https://www.instagram.com/moni_gmaque,57028719150,,odontospy,human,85,0,0,0,85,A
esmilce_mendieta,Emy Mendieta,https://www.instagram.com/esmilce_mendieta,5703501463,,odontospy,human,85,0,0,0,85,A
loree_moore,Lore Moore,https://www.instagram.com/loree_moore,570354407,,protectiondentalcenter,human,85,0,0,0,85,A
eu_afroditelessa,Afrodite Lessa,https://www.instagram.com/eu_afroditelessa,57048801988,,protectiondentalcenter,human,85,0,0,0,85,A
giusy_canzianii,Giusy Canziani,https://www.instagram.com/giusy_canzianii,57090943188,,protectiondentalcenter,human,85,0,0,0,85,A
blanca_zela,Vanessa Sol,https://www.instagram.com/blanca_zela,5710321529,,protectiondentalcenter,human,85,0,0,0,85,A
pris_alcaraz,Priscila Alcaraz,https://www.instagram.com/pris_alcaraz,571479027,,protectiondentalcenter,human,85,0,0,0,85,A
rimma_nogaeva,Rimma Nogaeva,https://www.instagram.com/rimma_nogaeva,57151242560,,protectiondentalcenter,human,85,0,0,0,85,A
aloerda_albedaa,Alorda Albedaa,https://www.instagram.com/aloerda_albedaa,57176423705,,protectiondentalcenter,human,85,0,0,0,85,A
linapaula_faria,Lina Paula,https://www.instagram.com/linapaula_faria,5719325376,,protectiondentalcenter,human,85,0,0,0,85,A
rilecci_ramirez,Rile Ramirez,https://www.instagram.com/rilecci_ramirez,572019099,,protectiondentalcenter,human,85,0,0,0,85,A
nati_glez,Nati Glez,https://www.instagram.com/nati_glez,5722845395,,protectiondentalcenter,human,85,0,0,0,85,A
ivannia_esquivel,Ivannia Esquivel,https://www.instagram.com/ivannia_esquivel,57268198992,,protectiondentalcenter,human,85,0,0,0,85,A
ariias_kiti,Cristi Ada,https://www.instagram.com/ariias_kiti,57288410442,,protectiondentalcenter,human,85,0,0,0,85,A
leonor_buzi,Leonor Buzzi,https://www.instagram.com/leonor_buzi,5728867777,,protectiondentalcenter,human,85,0,0,0,85,A
lourdes_franco,Soledad Franco,https://www.instagram.com/lourdes_franco,573107198,,protectiondentalcenter,human,85,0,0,0,85,A
florez_samile,Samile Florez,https://www.instagram.com/florez_samile,57322437434,,protectiondentalcenter,human,85,0,0,0,85,A
tutty_beecher,Sussan Beecher,https://www.instagram.com/tutty_beecher,5732816033,,protectiondentalcenter,human,85,0,0,0,85,A
ivanasasic_official,Ivana Sasic,https://www.instagram.com/ivanasasic_official,57342051017,,protectiondentalcenter,human,85,0,0,0,85,A
ilse_chamorro,Ilse Chamorro,https://www.instagram.com/ilse_chamorro,5734705376,,odontologia3py,human,85,0,0,0,85,A
katherine_dejarnett,Katherine Dej,https://www.instagram.com/katherine_dejarnett,57443144789,,protectiondentalcenter,human,85,0,0,0,85,A
sofiaavil_ph,Sofia Avila,https://www.instagram.com/sofiaavil_ph,5745309272,,odontologia3py,human,85,0,0,0,85,A
marlene_farinha,Marlene Fariña,https://www.instagram.com/marlene_farinha,5746288706,,protectiondentalcenter,human,85,0,0,0,85,A
cinthia_nieva,Cinthia Nieva,https://www.instagram.com/cinthia_nieva,5746607985,,protectiondentalcenter,human,85,0,0,0,85,A
gladys_ovando,Gladys Ovando,https://www.instagram.com/gladys_ovando,5748942734,,protectiondentalcenter,human,85,0,0,0,85,A
shak_nugs,Shakira Amos,https://www.instagram.com/shak_nugs,57503191931,,protectiondentalcenter,human,85,0,0,0,85,A
grigorii_dzagoev,Grigorii Dzagoev,https://www.instagram.com/grigorii_dzagoev,57538442935,,protectiondentalcenter,human,85,0,0,0,85,A
bettycartes_loreal,Betty Cartes,https://www.instagram.com/bettycartes_loreal,5754585853,,protectiondentalcenter,human,85,0,0,0,85,A
gloria_stemu,Gloria Stella,https://www.instagram.com/gloria_stemu,57560447827,,protectiondentalcenter,human,85,0,0,0,85,A
abi_osori,Abi Osori,https://www.instagram.com/abi_osori,57568073423,,protectiondentalcenter,human,85,0,0,0,85,A
blanc_ayanez,Blanca Yañez,https://www.instagram.com/blanc_ayanez,57577623338,,odontologia3py,human,85,0,0,0,85,A
tobias_ayala,Tobias Ayala,https://www.instagram.com/tobias_ayala,576010847,,odontologia3py,human,85,0,0,0,85,A
nilda_glamour,Nilda Glamour,https://www.instagram.com/nilda_glamour,57663220127,,protectiondentalcenter,human,85,0,0,0,85,A
veselina_karatodorova,Veselina Karatodorova,https://www.instagram.com/veselina_karatodorova,5767298885,,protectiondentalcenter,human,85,0,0,0,85,A
jess_achu,Jessica Achucarro,https://www.instagram.com/jess_achu,576855738,,odontospy,human,85,0,0,0,85,A
aleyda_verdugo,Aleyda Verdugo,https://www.instagram.com/aleyda_verdugo,57691048588,,protectiondentalcenter,human,85,0,0,0,85,A
edithd_alonso,Edith Alonso,https://www.instagram.com/edithd_alonso,5771142336,,odontologia3py,human,85,0,0,0,85,A
liset_lugoo,Lisette Lugo,https://www.instagram.com/liset_lugoo,577320034,,protectiondentalcenter,human,85,0,0,0,85,A
sady_agui,Sady Aguilar,https://www.instagram.com/sady_agui,5775368609,,protectiondentalcenter,human,85,0,0,0,85,A
arango_lisbeth,Lisbeth Arango,https://www.instagram.com/arango_lisbeth,5781339296,,protectiondentalcenter,human,85,0,0,0,85,A
lili_echeverrix,Lilian Echeverria,https://www.instagram.com/lili_echeverrix,5782655142,,odontospy,human,85,0,0,0,85,A
nady_melo,Nadyny Melo,https://www.instagram.com/nady_melo,578296583,,odontospy,human,85,0,0,0,85,A
gabi_castt,Gabi Cast,https://www.instagram.com/gabi_castt,5783768798,,protectiondentalcenter,human,85,0,0,0,85,A
carolg_gm,Carolina Galeano,https://www.instagram.com/carolg_gm,5784788243,,odontospy,human,85,0,0,0,85,A
marysol_jt,Mary Jimenez,https://www.instagram.com/marysol_jt,5790852210,,protectiondentalcenter,human,85,0,0,0,85,A
neuseli_fonseca,Neu Fonseca,https://www.instagram.com/neuseli_fonseca,57919754967,,protectiondentalcenter,human,85,0,0,0,85,A
acuna_fatima,Fatima Acuña,https://www.instagram.com/acuna_fatima,5792605913,,protectiondentalcenter,human,85,0,0,0,85,A
redondo_ceci,Ceci Redondo,https://www.instagram.com/redondo_ceci,5793226205,,odontologia3py,human,85,0,0,0,85,A
ronald_orrego,Ronald Orrego,https://www.instagram.com/ronald_orrego,579365752,,odontologia3py,human,85,0,0,0,85,A
ozorio_wal,Walter Ozorio,https://www.instagram.com/ozorio_wal,5798049831,,odontospy,human,85,0,0,0,85,A
edidh_gonzalez,Clelia Mareco,https://www.instagram.com/edidh_gonzalez,58012185882,,odontologia3py,human,85,0,0,0,85,A
marcia_daap,Marcia Pereira,https://www.instagram.com/marcia_daap,5802074442,,protectiondentalcenter,human,85,0,0,0,85,A
emelia_santacruz,Emi Santacruz,https://www.instagram.com/emelia_santacruz,5803872136,,protectiondentalcenter,human,85,0,0,0,85,A
beloso_daniel,Daniel Beloso,https://www.instagram.com/beloso_daniel,58063168604,,odontospy,human,85,0,0,0,85,A
pam_amv,Pamela Mardones,https://www.instagram.com/pam_amv,58111034765,,protectiondentalcenter,human,85,0,0,0,85,A
nidia_mendizabal,Nidia Mendizabal,https://www.instagram.com/nidia_mendizabal,58113133576,,protectiondentalcenter,human,85,0,0,0,85,A
colibri_karenchico,Karen Chico,https://www.instagram.com/colibri_karenchico,58138424856,,protectiondentalcenter,human,85,0,0,0,85,A
brisia_jql,Brisia Lopez,https://www.instagram.com/brisia_jql,58193709116,,protectiondentalcenter,human,85,0,0,0,85,A
renet_gutierrez,Renet Gutierrez,https://www.instagram.com/renet_gutierrez,5825269422,,protectiondentalcenter,human,85,0,0,0,85,A
zayas_miriam,Miriam Zayas,https://www.instagram.com/zayas_miriam,5825546772,,protectiondentalcenter,human,85,0,0,0,85,A
danisse_flor,Diana Flor,https://www.instagram.com/danisse_flor,5827175745,,odontologia3py,human,85,0,0,0,85,A
claudia_cristinap,Claudia Cristina,https://www.instagram.com/claudia_cristinap,58295818323,,protectiondentalcenter,human,85,0,0,0,85,A
carol_yrala,Carolina Yrala,https://www.instagram.com/carol_yrala,58329891696,,odontospy,human,85,0,0,0,85,A
arce_aariel,Ariel Arce,https://www.instagram.com/arce_aariel,583304867,,protectiondentalcenter,human,85,0,0,0,85,A
marilynmayer_amy,Marilyn Mayer,https://www.instagram.com/marilynmayer_amy,583485143,,protectiondentalcenter,human,85,0,0,0,85,A
bren_dazepe,Brenda Zepeda,https://www.instagram.com/bren_dazepe,58360414436,,protectiondentalcenter,human,85,0,0,0,85,A
bukurie_arapi,Bukurie Arapi,https://www.instagram.com/bukurie_arapi,58389206613,,protectiondentalcenter,human,85,0,0,0,85,A
obi_benitez,Obidio Benitez,https://www.instagram.com/obi_benitez,5839067425,,odontospy,human,85,0,0,0,85,A
angi_arzamendia,Angelica Florenciañez,https://www.instagram.com/angi_arzamendia,5841500578,,odontologia3py,human,85,0,0,0,85,A
neu_auada,Neu Auada,https://www.instagram.com/neu_auada,584215666,,odontologia3py,human,85,0,0,0,85,A
luana_gallu,Luana Galluccio,https://www.instagram.com/luana_gallu,58423441269,,protectiondentalcenter,human,85,0,0,0,85,A
san_martiinez,Sandra Martinez,https://www.instagram.com/san_martiinez,584361611,,protectiondentalcenter,human,85,0,0,0,85,A
sora_mariel,Soraya Mariel,https://www.instagram.com/sora_mariel,58436518834,,protectiondentalcenter,human,85,0,0,0,85,A
adyrivera_brush,Ady Rivera,https://www.instagram.com/adyrivera_brush,5845136666,,protectiondentalcenter,human,85,0,0,0,85,A
yeye_ferrari,Yeye Ferrari,https://www.instagram.com/yeye_ferrari,5847798362,,protectiondentalcenter,human,85,0,0,0,85,A
rita_mancaa,Rita Manca,https://www.instagram.com/rita_mancaa,58490536428,,protectiondentalcenter,human,85,0,0,0,85,A
fatita_costa,Fatima Costa,https://www.instagram.com/fatita_costa,5850045715,,protectiondentalcenter,human,85,0,0,0,85,A
bertucci_luciana,Luciana Bertucci,https://www.instagram.com/bertucci_luciana,58564093993,,protectiondentalcenter,human,85,0,0,0,85,A
sari_ayma,Sara Martinez,https://www.instagram.com/sari_ayma,585784018,,protectiondentalcenter,human,85,0,0,0,85,A
maril_ynzuleta,Marilyn Zuleta,https://www.instagram.com/maril_ynzuleta,58583066916,,protectiondentalcenter,human,85,0,0,0,85,A
ml_quintero,Marta Quintero,https://www.instagram.com/ml_quintero,5860959139,,protectiondentalcenter,human,85,0,0,0,85,A
gabu_sol,Gabriela Alcantara,https://www.instagram.com/gabu_sol,5861409713,,protectiondentalcenter,human,85,0,0,0,85,A
mavis_scully,Mabel Scully,https://www.instagram.com/mavis_scully,58681014817,,protectiondentalcenter,human,85,0,0,0,85,A
bibi_isasi,Bibiana Isasi,https://www.instagram.com/bibi_isasi,587004565,,protectiondentalcenter,human,85,0,0,0,85,A
neth_dantas,Evaneite Dantas,https://www.instagram.com/neth_dantas,5872117240,,protectiondentalcenter,human,85,0,0,0,85,A
carlitos_cbn,Carlitos Cabaña,https://www.instagram.com/carlitos_cbn,58736542044,,protectiondentalcenter,human,85,0,0,0,85,A
pris_montiel,Priscila Montiel,https://www.instagram.com/pris_montiel,5882754548,,odontologia3py,human,85,0,0,0,85,A
liz_escurra,Liz Escurra,https://www.instagram.com/liz_escurra,588736370,,odontologia3py,human,85,0,0,0,85,A
mirta_larrinaga,Mirta Larriñaga,https://www.instagram.com/mirta_larrinaga,5891351737,,protectiondentalcenter,human,85,0,0,0,85,A
aldanamarilen_villagra,Marilen Villagra,https://www.instagram.com/aldanamarilen_villagra,589560338,,protectiondentalcenter,human,85,0,0,0,85,A
carol_caballerro,Carolina Caballero,https://www.instagram.com/carol_caballerro,5896918902,,protectiondentalcenter,human,85,0,0,0,85,A
claudia_ivarz,Claudia Ivarz,https://www.instagram.com/claudia_ivarz,59009758529,,protectiondentalcenter,human,85,0,0,0,85,A
nan_carolina,Nancy Alvarez,https://www.instagram.com/nan_carolina,590435574,,protectiondentalcenter,human,85,0,0,0,85,A
ouria_tlm,Ouria Tlm,https://www.instagram.com/ouria_tlm,59054161018,,protectiondentalcenter,human,85,0,0,0,85,A
saldana_laly,Laly Saldana,https://www.instagram.com/saldana_laly,59078906933,,protectiondentalcenter,human,85,0,0,0,85,A
lili_vargasv,Lili Vargas,https://www.instagram.com/lili_vargasv,5912080161,,protectiondentalcenter,human,85,0,0,0,85,A
onelia_movistar,Onelia Avila,https://www.instagram.com/onelia_movistar,59126051725,,protectiondentalcenter,human,85,0,0,0,85,A
dei_ort,Deisy Ortega,https://www.instagram.com/dei_ort,5913958916,,protectiondentalcenter,human,85,0,0,0,85,A
yany_rodas,Yani Rodas,https://www.instagram.com/yany_rodas,592556714,,protectiondentalcenter,human,85,0,0,0,85,A
britez_carmenn,Carmen Britez,https://www.instagram.com/britez_carmenn,593031212,,protectiondentalcenter,human,85,0,0,0,85,A
patriciaflavia_toro,Patricia Toro,https://www.instagram.com/patriciaflavia_toro,5931248614,,protectiondentalcenter,human,85,0,0,0,85,A
managercompany_py,Manager Company,https://www.instagram.com/managercompany_py,59331964591,,odontospy,human,85,0,0,0,85,A
li_carmen,Carmen Li,https://www.instagram.com/li_carmen,5935566593,,protectiondentalcenter,human,85,0,0,0,85,A
lau_villag,Laura Villagra,https://www.instagram.com/lau_villag,593832099,,odontologia3py,human,85,0,0,0,85,A
ewe_sanabria,Evelyn Benitez,https://www.instagram.com/ewe_sanabria,5950494450,,odontospy,human,85,0,0,0,85,A
mutu_adina,Adina Mutu,https://www.instagram.com/mutu_adina,59563430298,,protectiondentalcenter,human,85,0,0,0,85,A
alphons_amg,Alfredo Martinez,https://www.instagram.com/alphons_amg,596241647,,odontospy,human,85,0,0,0,85,A
marlen_gonzag,Marlene Gonzalez,https://www.instagram.com/marlen_gonzag,59637101517,,protectiondentalcenter,human,85,0,0,0,85,A
marle_escurra,Marlene Escurra,https://www.instagram.com/marle_escurra,5969113320,,protectiondentalcenter,human,85,0,0,0,85,A
azul_lez,Zulma Lezcano,https://www.instagram.com/azul_lez,5974361877,,protectiondentalcenter,human,85,0,0,0,85,A
angela_huart,Angela Huart,https://www.instagram.com/angela_huart,597631091,,protectiondentalcenter,human,85,0,0,0,85,A
olivera_kanjevac,Olivera Kanjevac,https://www.instagram.com/olivera_kanjevac,5980321046,,protectiondentalcenter,human,85,0,0,0,85,A
dava_dario,Dario Vargas,https://www.instagram.com/dava_dario,59824219389,,odontologia3py,human,85,0,0,0,85,A
nadia_camong,Nadia Monges,https://www.instagram.com/nadia_camong,598385807,,protectiondentalcenter,human,85,0,0,0,85,A
avalos_lugo,Daniel Avalos,https://www.instagram.com/avalos_lugo,5984709683,,odontologia3py,human,85,0,0,0,85,A
eunice_benitez,Eunice Benitez,https://www.instagram.com/eunice_benitez,598506497,,odontologia3py,human,85,0,0,0,85,A
majito_bogarin,Majo Bogarin,https://www.instagram.com/majito_bogarin,5986372480,,protectiondentalcenter,human,85,0,0,0,85,A
yani_cazal,Yani Cazal,https://www.instagram.com/yani_cazal,59930273684,,odontospy,human,85,0,0,0,85,A
jazmin_odontoscomercial,Odontos Comercial,https://www.instagram.com/jazmin_odontoscomercial,59969259611,,odontospy,human,85,0,0,0,85,A
valentina_manunza,Valentina Manunza,https://www.instagram.com/valentina_manunza,6002138228,,protectiondentalcenter,human,85,0,0,0,85,A
giselli_correa,Giselli Correa,https://www.instagram.com/giselli_correa,6002447009,,protectiondentalcenter,human,85,0,0,0,85,A
yolanda_loisa,Yolanda Loisa,https://www.instagram.com/yolanda_loisa,60058683229,,protectiondentalcenter,human,85,0,0,0,85,A
magdalena_mezac,Cynthia Meza,https://www.instagram.com/magdalena_mezac,60069419354,,protectiondentalcenter,human,85,0,0,0,85,A
brihanna_arlet,Brihanna Arlet,https://www.instagram.com/brihanna_arlet,60107055257,,odontospy,human,85,0,0,0,85,A
hasan_salemeh,Hassan Salameh,https://www.instagram.com/hasan_salemeh,601096616,,protectiondentalcenter,human,85,0,0,0,85,A
nazzrena_wxz,Andy Espinola,https://www.instagram.com/nazzrena_wxz,60145091211,,odontologia3py,human,85,0,0,0,85,A
pied_raspreciosas,Piedras Preciosas,https://www.instagram.com/pied_raspreciosas,60161892937,,odontospy,human,85,0,0,0,85,A
crista_alfonso,Cristina Alfonso,https://www.instagram.com/crista_alfonso,6016523080,,odontospy,human,85,0,0,0,85,A
anny_encina,Analia Encina,https://www.instagram.com/anny_encina,601816169,,protectiondentalcenter,human,85,0,0,0,85,A
susi_ovelar,Susi Ovelar,https://www.instagram.com/susi_ovelar,602097711,,protectiondentalcenter,human,85,0,0,0,85,A
moniv_illalba,Monica Villalba,https://www.instagram.com/moniv_illalba,60311633031,,protectiondentalcenter,human,85,0,0,0,85,A
loida_enciso,Loida Enciso,https://www.instagram.com/loida_enciso,6034221104,,protectiondentalcenter,human,85,0,0,0,85,A
vanesa_villalb,Vanessa Villalba,https://www.instagram.com/vanesa_villalb,603722938,,protectiondentalcenter,human,85,0,0,0,85,A
loreley_cuevas,Lorena Cuevas,https://www.instagram.com/loreley_cuevas,6042903361,,odontologia3py,human,85,0,0,0,85,A
dasha_machuca,Dahiana Machuca,https://www.instagram.com/dasha_machuca,6048490858,,protectiondentalcenter,human,85,0,0,0,85,A
soniaregina_dossantos,Sonia Regina,https://www.instagram.com/soniaregina_dossantos,60487810985,,protectiondentalcenter,human,85,0,0,0,85,A
gavy_servin,Gabrie Servin,https://www.instagram.com/gavy_servin,60493894835,,odontospy,human,85,0,0,0,85,A
lida_gel,Lida Ángel,https://www.instagram.com/lida_gel,60494300210,,protectiondentalcenter,human,85,0,0,0,85,A
sharon_hunckler,Sharon Hunckler,https://www.instagram.com/sharon_hunckler,60496005308,,protectiondentalcenter,human,85,0,0,0,85,A
karen_larriera,Karen Larriera,https://www.instagram.com/karen_larriera,6052517648,,odontologia3py,human,85,0,0,0,85,A
dany_alcarazz,Daniel Alcaraz,https://www.instagram.com/dany_alcarazz,6054708073,,odontospy,human,85,0,0,0,85,A
sergio_tecla,Sergio Alfonzo,https://www.instagram.com/sergio_tecla,605760455,,protectiondentalcenter,human,85,0,0,0,85,A
genes_hernan,Hernan Genes,https://www.instagram.com/genes_hernan,60611599629,,odontospy,human,85,0,0,0,85,A
leny_silvas,Leny Silva,https://www.instagram.com/leny_silvas,6063253351,,protectiondentalcenter,human,85,0,0,0,85,A
gz_claudelina,Claudelina Gomez,https://www.instagram.com/gz_claudelina,6064217966,,protectiondentalcenter,human,85,0,0,0,85,A
marykay_gps,Grisel Posada,https://www.instagram.com/marykay_gps,60650736281,,protectiondentalcenter,human,85,0,0,0,85,A
sol_fleitasg,Sol Fleitas,https://www.instagram.com/sol_fleitasg,6065594968,,protectiondentalcenter,human,85,0,0,0,85,A
calvo_magaly,Magaly Calvo,https://www.instagram.com/calvo_magaly,60660910298,,protectiondentalcenter,human,85,0,0,0,85,A
darija_jovanovicc,Mira Lukic,https://www.instagram.com/darija_jovanovicc,60749878878,,protectiondentalcenter,human,85,0,0,0,85,A
gia_forcadell,Giannina Forcadell,https://www.instagram.com/gia_forcadell,607520091,,odontologia3py,human,85,0,0,0,85,A
clarice_ribeiros,Clarice Ribeiros,https://www.instagram.com/clarice_ribeiros,6075874276,,protectiondentalcenter,human,85,0,0,0,85,A
nelson_davill,Nelson Villasanti,https://www.instagram.com/nelson_davill,60822264926,,odontospy,human,85,0,0,0,85,A
balbuena_cynthia,Cynthia Balbuena,https://www.instagram.com/balbuena_cynthia,6084382621,,protectiondentalcenter,human,85,0,0,0,85,A
pazcaba_ph,Paz Caballero,https://www.instagram.com/pazcaba_ph,6086682991,,protectiondentalcenter,human,85,0,0,0,85,A
nevila_qalliaj,Nevila Qalliaj,https://www.instagram.com/nevila_qalliaj,6087219698,,protectiondentalcenter,human,85,0,0,0,85,A
consuelo_mantillona,Consuelo Mantilla,https://www.instagram.com/consuelo_mantillona,6093078505,,protectiondentalcenter,human,85,0,0,0,85,A
areco_guille,Guille Areco,https://www.instagram.com/areco_guille,609449019,,protectiondentalcenter,human,85,0,0,0,85,A
chinos_ruiz,Claudia Ruiz,https://www.instagram.com/chinos_ruiz,6095026300,,protectiondentalcenter,human,85,0,0,0,85,A
mendieta_sport,Mendieta Sport,https://www.instagram.com/mendieta_sport,6097413383,,protectiondentalcenter,human,85,0,0,0,85,A
seelen_rausch,Heike Mauch,https://www.instagram.com/seelen_rausch,6099757132,,protectiondentalcenter,human,85,0,0,0,85,A
finix_anto,Antonia Vera,https://www.instagram.com/finix_anto,61010941276,,odontospy,human,85,0,0,0,85,A
alfonso_shirley,Shirley Alfonso,https://www.instagram.com/alfonso_shirley,6102071286,,protectiondentalcenter,human,85,0,0,0,85,A
iren_ardi,Irena Ardi,https://www.instagram.com/iren_ardi,6105379776,,protectiondentalcenter,human,85,0,0,0,85,A
carla_valani,Carla Valani,https://www.instagram.com/carla_valani,61071232081,,protectiondentalcenter,human,85,0,0,0,85,A
levanoalanya_na,Nancy Guilliana,https://www.instagram.com/levanoalanya_na,61173409987,,protectiondentalcenter,human,85,0,0,0,85,A
kw_claudiahurtado,Claudia Hurtado,https://www.instagram.com/kw_claudiahurtado,61238721314,,protectiondentalcenter,human,85,0,0,0,85,A
liz_carodiaz,Liz Diaz,https://www.instagram.com/liz_carodiaz,61238958379,,protectiondentalcenter,human,85,0,0,0,85,A
karem_viviana,Viviana Martinez,https://www.instagram.com/karem_viviana,6124494251,,protectiondentalcenter,human,85,0,0,0,85,A
cesarquiroga_quiro,Cesar Quiroga,https://www.instagram.com/cesarquiroga_quiro,6126512445,,odontologia3py,human,85,0,0,0,85,A
shir_valz,Shirley Valenzuela,https://www.instagram.com/shir_valz,61296518133,,protectiondentalcenter,human,85,0,0,0,85,A
reina_quezada,Reina Quezada,https://www.instagram.com/reina_quezada,6132415911,,protectiondentalcenter,human,85,0,0,0,85,A
shirley_lizza,Shirley Lizza,https://www.instagram.com/shirley_lizza,613461732,,protectiondentalcenter,human,85,0,0,0,85,A
mirelei_kohn,Leila Kohn,https://www.instagram.com/mirelei_kohn,613585119,,protectiondentalcenter,human,85,0,0,0,85,A
vonita_jorge,Ivone Oliveira,https://www.instagram.com/vonita_jorge,61364816377,,protectiondentalcenter,human,85,0,0,0,85,A
raquel_schroeder,Raquel Schroeder,https://www.instagram.com/raquel_schroeder,61382374666,,protectiondentalcenter,human,85,0,0,0,85,A
etienne_luchy,Lucy Etienne,https://www.instagram.com/etienne_luchy,61399473681,,protectiondentalcenter,human,85,0,0,0,85,A
celia_rozarate,Celia Ro,https://www.instagram.com/celia_rozarate,614169045,,protectiondentalcenter,human,85,0,0,0,85,A
marian_bbenitez,Marian Benitez,https://www.instagram.com/marian_bbenitez,614351833,,odontologia3py,human,85,0,0,0,85,A
eva_gerschorn,Eva Gerszchorn,https://www.instagram.com/eva_gerschorn,6143692908,,protectiondentalcenter,human,85,0,0,0,85,A
ramin_sand,Ramin Sand,https://www.instagram.com/ramin_sand,61464722333,,protectiondentalcenter,human,85,0,0,0,85,A
juani_elena,Juanita Varela,https://www.instagram.com/juani_elena,61503480888,,protectiondentalcenter,human,85,0,0,0,85,A
laurita_taga,Laura Taboada,https://www.instagram.com/laurita_taga,61536066487,,odontologia3py,human,85,0,0,0,85,A
stiben_avalos,Stiben Avalos,https://www.instagram.com/stiben_avalos,615606891,,protectiondentalcenter,human,85,0,0,0,85,A
mati_florentin,Matias Florentin,https://www.instagram.com/mati_florentin,616936012,,odontologia3py,human,85,0,0,0,85,A
yuri_cabreramore,Yuridia Cabrera,https://www.instagram.com/yuri_cabreramore,6169484568,,protectiondentalcenter,human,85,0,0,0,85,A
caro_lizan,Carolina Lizan,https://www.instagram.com/caro_lizan,61734100574,,odontospy,human,85,0,0,0,85,A
susi_aquino,Susana Aquino,https://www.instagram.com/susi_aquino,617452731,,protectiondentalcenter,human,85,0,0,0,85,A
lourdes_amarilla,Elizabeth Amarilla,https://www.instagram.com/lourdes_amarilla,617694978,,protectiondentalcenter,human,85,0,0,0,85,A
na_resquin,Natalia Resquin,https://www.instagram.com/na_resquin,617791184,,protectiondentalcenter,human,85,0,0,0,85,A
fabiana_grandez,Fabiana Grandez,https://www.instagram.com/fabiana_grandez,61848236107,,protectiondentalcenter,human,85,0,0,0,85,A
amanda_ollis,Amanda Oliveira,https://www.instagram.com/amanda_ollis,61859517460,,odontospy,human,85,0,0,0,85,A
sonia_dohmen,Sonia Dohmen,https://www.instagram.com/sonia_dohmen,61880088134,,protectiondentalcenter,human,85,0,0,0,85,A
deysi_viilar,Deysi Villar,https://www.instagram.com/deysi_viilar,6195279394,,protectiondentalcenter,human,85,0,0,0,85,A
liber_alzueta,Liber Alzueta,https://www.instagram.com/liber_alzueta,6197679020,,protectiondentalcenter,human,85,0,0,0,85,A
blanco_chikis,Elvia Orozco,https://www.instagram.com/blanco_chikis,6201219130,,protectiondentalcenter,human,85,0,0,0,85,A
secrist_linda,Linda Secrist,https://www.instagram.com/secrist_linda,62029018013,,protectiondentalcenter,human,85,0,0,0,85,A
mirsada_cizmic,Mirsada Cizmic,https://www.instagram.com/mirsada_cizmic,62077681711,,protectiondentalcenter,human,85,0,0,0,85,A
nil_zaracho,Nilsa Zaracho,https://www.instagram.com/nil_zaracho,62084813539,,protectiondentalcenter,human,85,0,0,0,85,A
jacqui_bernabeu,Jacqueline Bernabeu,https://www.instagram.com/jacqui_bernabeu,62104606096,,odontospy,human,85,0,0,0,85,A
dianitaa_rojas,Diana Cañete,https://www.instagram.com/dianitaa_rojas,6210966179,,protectiondentalcenter,human,85,0,0,0,85,A
samaniego_diago,Diago Samaniego,https://www.instagram.com/samaniego_diago,62127685281,,odontospy,human,85,0,0,0,85,A
marielajim_or,Mary Jim,https://www.instagram.com/marielajim_or,6219720966,,protectiondentalcenter,human,85,0,0,0,85,A
lourdes_britezfernandez,Lourdes Britez,https://www.instagram.com/lourdes_britezfernandez,62198934429,,protectiondentalcenter,human,85,0,0,0,85,A
rosaura_amieva,Rosaura Amieva,https://www.instagram.com/rosaura_amieva,62205125779,,protectiondentalcenter,human,85,0,0,0,85,A
tav_may,May Tav,https://www.instagram.com/tav_may,62206831545,,protectiondentalcenter,human,85,0,0,0,85,A
jugos_hetereipy,Leticia Garcete,https://www.instagram.com/jugos_hetereipy,62224327327,,protectiondentalcenter,human,85,0,0,0,85,A
miranda_miry,Miryam Shadys,https://www.instagram.com/miranda_miry,622486251,,protectiondentalcenter,human,85,0,0,0,85,A
mass_giu,Giuseppe Massimiliano,https://www.instagram.com/mass_giu,62258806130,,protectiondentalcenter,human,85,0,0,0,85,A
larissa_moraless,Larissa Morales,https://www.instagram.com/larissa_moraless,6226538692,,odontospy,human,85,0,0,0,85,A
alves_claucia,Claucia Alves,https://www.instagram.com/alves_claucia,62383796316,,protectiondentalcenter,human,85,0,0,0,85,A
alison_stanley,Alison Stanley,https://www.instagram.com/alison_stanley,624081770,,odontologia3py,human,85,0,0,0,85,A
abrh_rmz,Abrahan Mora,https://www.instagram.com/abrh_rmz,62433999529,,odontospy,human,85,0,0,0,85,A
milan_gelateran,Milangela Teran,https://www.instagram.com/milan_gelateran,62440778909,,protectiondentalcenter,human,85,0,0,0,85,A
so_porti,Sonia Portillo,https://www.instagram.com/so_porti,624419362,,protectiondentalcenter,human,85,0,0,0,85,A
ah_rocheleeh,Rochele Oliveira,https://www.instagram.com/ah_rocheleeh,62460869423,,protectiondentalcenter,human,85,0,0,0,85,A
clau_marimiranda,Claudia Miranda,https://www.instagram.com/clau_marimiranda,6247732652,,protectiondentalcenter,human,85,0,0,0,85,A
lida_rivarola,Lida Rivarola,https://www.instagram.com/lida_rivarola,6250044200,,protectiondentalcenter,human,85,0,0,0,85,A
nan_salinato,Nan Salinato,https://www.instagram.com/nan_salinato,6250074511,,protectiondentalcenter,human,85,0,0,0,85,A
gard_mr,Edgard Miranda,https://www.instagram.com/gard_mr,62521489243,,protectiondentalcenter,human,85,0,0,0,85,A
pali_ojeda,Pablo Ojeda,https://www.instagram.com/pali_ojeda,6254662637,,odontospy,human,85,0,0,0,85,A
kattiane_fernandes,Katiane Costha,https://www.instagram.com/kattiane_fernandes,6254755874,,protectiondentalcenter,human,85,0,0,0,85,A
gianni_buzarquis,Giannina Buzarquis,https://www.instagram.com/gianni_buzarquis,6265987081,,odontospy,human,85,0,0,0,85,A
valmont_mary,Mary Valmont,https://www.instagram.com/valmont_mary,62670315270,,protectiondentalcenter,human,85,0,0,0,85,A
susita_baezoficial,Susana Baez,https://www.instagram.com/susita_baezoficial,62671894154,,odontospy,human,85,0,0,0,85,A
oslene_soares,Oslene Soares,https://www.instagram.com/oslene_soares,62709444873,,protectiondentalcenter,human,85,0,0,0,85,A
miss_hriss,Hristina Krysteva,https://www.instagram.com/miss_hriss,627264886,,protectiondentalcenter,human,85,0,0,0,85,A
nell_ruiz,Nell Ruiz,https://www.instagram.com/nell_ruiz,627290423,,protectiondentalcenter,human,85,0,0,0,85,A
luciana_showw,Luciana Silva,https://www.instagram.com/luciana_showw,62741617413,,protectiondentalcenter,human,85,0,0,0,85,A
yenfer_yimes,Yennifer Yimes,https://www.instagram.com/yenfer_yimes,62759134626,,protectiondentalcenter,human,85,0,0,0,85,A
aracelii_candia,Aracelii Candia,https://www.instagram.com/aracelii_candia,6280010586,,protectiondentalcenter,human,85,0,0,0,85,A
els_avillar,Noemi Villar,https://www.instagram.com/els_avillar,62843807421,,protectiondentalcenter,human,85,0,0,0,85,A
alexa_matijacevich,Alejandra Matijacevich,https://www.instagram.com/alexa_matijacevich,6285424260,,protectiondentalcenter,human,85,0,0,0,85,A
nolia_jara,Nolia Jara,https://www.instagram.com/nolia_jara,62905684528,,odontospy,human,85,0,0,0,85,A
maribel_romi,Romina Cañete,https://www.instagram.com/maribel_romi,6290787077,,odontologia3py,human,85,0,0,0,85,A
sixta_guerrero,Sixta Guerrero,https://www.instagram.com/sixta_guerrero,6295152082,,protectiondentalcenter,human,85,0,0,0,85,A
marle_fe,Marle Ferreira,https://www.instagram.com/marle_fe,629760625,,protectiondentalcenter,human,85,0,0,0,85,A
beba_leiva,Claudia Leiva,https://www.instagram.com/beba_leiva,629939908,,odontospy,human,85,0,0,0,85,A
mar_gonsz,Marly Roman,https://www.instagram.com/mar_gonsz,6307758522,,protectiondentalcenter,human,85,0,0,0,85,A
liiz_duartee,Liiz Duartee,https://www.instagram.com/liiz_duartee,630852733,,odontologia3py,human,85,0,0,0,85,A
fiore_vaargas,Fiore Vargas,https://www.instagram.com/fiore_vaargas,631026701,,protectiondentalcenter,human,85,0,0,0,85,A
blanch_sau,Blanca Saucedo,https://www.instagram.com/blanch_sau,631404197,,protectiondentalcenter,human,85,0,0,0,85,A
debo_karajallo,Debora Karajallo,https://www.instagram.com/debo_karajallo,6314175282,,protectiondentalcenter,human,85,0,0,0,85,A
somers_point,Artemis Schleigh,https://www.instagram.com/somers_point,6319405823,,protectiondentalcenter,human,85,0,0,0,85,A
stellamartinez_ra,Stelita Martinez,https://www.instagram.com/stellamartinez_ra,6323030708,,protectiondentalcenter,human,85,0,0,0,85,A
lili_martinezn,Lilian Martinez,https://www.instagram.com/lili_martinezn,63268082211,,odontologia3py,human,85,0,0,0,85,A
rue_voie,Sonia Mask,https://www.instagram.com/rue_voie,63315847965,,protectiondentalcenter,human,85,0,0,0,85,A
fatmire_camaj,Fatmire Camaj,https://www.instagram.com/fatmire_camaj,63340950948,,protectiondentalcenter,human,85,0,0,0,85,A
martita_vzl,Marta Velasquez,https://www.instagram.com/martita_vzl,6334673105,,protectiondentalcenter,human,85,0,0,0,85,A
noeliab_rios,Noe Rios,https://www.instagram.com/noeliab_rios,633631434,,protectiondentalcenter,human,85,0,0,0,85,A
and_cabrera,Andrea Cabrera,https://www.instagram.com/and_cabrera,633661613,,odontologia3py,human,85,0,0,0,85,A
johana_rolon,Johana Rolon,https://www.instagram.com/johana_rolon,634373196,,protectiondentalcenter,human,85,0,0,0,85,A
cardozo_celsa,Celsa Cardozo,https://www.instagram.com/cardozo_celsa,6344918877,,odontospy,human,85,0,0,0,85,A
mirian_nunezb,Mirian Nuñez,https://www.instagram.com/mirian_nunezb,6346495135,,odontologia3py,human,85,0,0,0,85,A
betha_avila,Betha Avila,https://www.instagram.com/betha_avila,634706655,,odontologia3py,human,85,0,0,0,85,A
mauro_colman,Mauro Colman,https://www.instagram.com/mauro_colman,634716895,,protectiondentalcenter,human,85,0,0,0,85,A
claudia_amil,Claudia Lima,https://www.instagram.com/claudia_amil,635083402,,protectiondentalcenter,human,85,0,0,0,85,A
danna_larroza,Danna Larroza,https://www.instagram.com/danna_larroza,635324425,,odontologia3py,human,85,0,0,0,85,A
confeccionesaya_py,Blanca Confecciones,https://www.instagram.com/confeccionesaya_py,63618902061,,protectiondentalcenter,human,85,0,0,0,85,A
silvana_fantauzzo,Silvana Fantauzzo,https://www.instagram.com/silvana_fantauzzo,6362095896,,protectiondentalcenter,human,85,0,0,0,85,A
karlix_bal,Carla Balbuena,https://www.instagram.com/karlix_bal,6362201639,,protectiondentalcenter,human,85,0,0,0,85,A
aldi_schiebel,Aldi Schiebel,https://www.instagram.com/aldi_schiebel,6369300076,,protectiondentalcenter,human,85,0,0,0,85,A
lizgenin_taneleri,Lizge Abaci,https://www.instagram.com/lizgenin_taneleri,6377137584,,protectiondentalcenter,human,85,0,0,0,85,A
majo_buffo,Majo Buffo,https://www.instagram.com/majo_buffo,638674624,,protectiondentalcenter,human,85,0,0,0,85,A
sanchez_sebxx,Benites Sebas,https://www.instagram.com/sanchez_sebxx,63938289422,,odontospy,human,85,0,0,0,85,A
ric_algorta,Ricardo Algorta,https://www.instagram.com/ric_algorta,639383682,,protectiondentalcenter,human,85,0,0,0,85,A
leal_haydee,Haydee Leal,https://www.instagram.com/leal_haydee,6394216043,,protectiondentalcenter,human,85,0,0,0,85,A
lebelle_depilaciones,Cynthia Oliva,https://www.instagram.com/lebelle_depilaciones,63993470047,,protectiondentalcenter,human,85,0,0,0,85,A
tanya_borrelli,Tanya Borrelli,https://www.instagram.com/tanya_borrelli,64008390166,,protectiondentalcenter,human,85,0,0,0,85,A
lujan_santin,Lujan Santin,https://www.instagram.com/lujan_santin,64037964341,,protectiondentalcenter,human,85,0,0,0,85,A
rose_dorantes,Rose Dorantes,https://www.instagram.com/rose_dorantes,64042035038,,protectiondentalcenter,human,85,0,0,0,85,A
leguizamon_tony,Tony Leguizamon,https://www.instagram.com/leguizamon_tony,64055522058,,odontospy,human,85,0,0,0,85,A
gill_goodchild,Gill Goodchild,https://www.instagram.com/gill_goodchild,6412598362,,protectiondentalcenter,human,85,0,0,0,85,A
suseli_ovelar,Susi Ovelar,https://www.instagram.com/suseli_ovelar,6413927490,,protectiondentalcenter,human,85,0,0,0,85,A
cynti_duarte,Celeste Cyn,https://www.instagram.com/cynti_duarte,641919811,,protectiondentalcenter,human,85,0,0,0,85,A
leo_finatoo,Leo Finato,https://www.instagram.com/leo_finatoo,64219771687,,odontospy,human,85,0,0,0,85,A
frida_selfo,Adirf Akuj,https://www.instagram.com/frida_selfo,6426281965,,protectiondentalcenter,human,85,0,0,0,85,A
sofi_cabriza,Sofi Cabriza,https://www.instagram.com/sofi_cabriza,642694273,,odontologia3py,human,85,0,0,0,85,A
yaque_laborde,Yaque Laborde,https://www.instagram.com/yaque_laborde,643153422,,protectiondentalcenter,human,85,0,0,0,85,A
lia_vivi,Lia Nuñez,https://www.instagram.com/lia_vivi,643697743,,odontologia3py,human,85,0,0,0,85,A
carina_scolari,Carina Scolari,https://www.instagram.com/carina_scolari,6441320773,,protectiondentalcenter,human,85,0,0,0,85,A
sindy_avalos,Sindy Avalos,https://www.instagram.com/sindy_avalos,644404682,,protectiondentalcenter,human,85,0,0,0,85,A
yami_corpz,Yamila Coronel,https://www.instagram.com/yami_corpz,644738164,,protectiondentalcenter,human,85,0,0,0,85,A
eu_pattyzoni,Patricia Culzoni,https://www.instagram.com/eu_pattyzoni,64489965637,,protectiondentalcenter,human,85,0,0,0,85,A
vanhi_zarateoficial,Vanhia Zarate,https://www.instagram.com/vanhi_zarateoficial,64508045238,,odontospy,human,85,0,0,0,85,A
lidu_alisados,Lidu Alisados,https://www.instagram.com/lidu_alisados,645855550,,protectiondentalcenter,human,85,0,0,0,85,A
ventadepartamentos_cdmx,Lorena Garcia,https://www.instagram.com/ventadepartamentos_cdmx,64593744510,,protectiondentalcenter,human,85,0,0,0,85,A
manzanares_norkys,Norkys Manzanares,https://www.instagram.com/manzanares_norkys,64620027551,,protectiondentalcenter,human,85,0,0,0,85,A
magbely_castillo,Eliana Castillo,https://www.instagram.com/magbely_castillo,6463804568,,protectiondentalcenter,human,85,0,0,0,85,A
lilian_mermartinez,Lilian Martinez,https://www.instagram.com/lilian_mermartinez,646414956,,protectiondentalcenter,human,85,0,0,0,85,A
janete_baumbach,Janete Baumbach,https://www.instagram.com/janete_baumbach,6465209666,,protectiondentalcenter,human,85,0,0,0,85,A
majo_cano,Majo Cano,https://www.instagram.com/majo_cano,646880094,,odontologia3py,human,85,0,0,0,85,A
riquelme_yenny,Yenny Riquelme,https://www.instagram.com/riquelme_yenny,646959783,,protectiondentalcenter,human,85,0,0,0,85,A
aracelis_mijares,Aracelis Mijares,https://www.instagram.com/aracelis_mijares,64701247492,,protectiondentalcenter,human,85,0,0,0,85,A
francesa_melo,Francesa Mello,https://www.instagram.com/francesa_melo,64712004910,,protectiondentalcenter,human,85,0,0,0,85,A
yessi_caesquivel,Yessica Esquivel,https://www.instagram.com/yessi_caesquivel,64766539472,,protectiondentalcenter,human,85,0,0,0,85,A
guada_ca,Guada Cabañas,https://www.instagram.com/guada_ca,647841943,,protectiondentalcenter,human,85,0,0,0,85,A
sonia_noemiacosta,Sonia Noemi,https://www.instagram.com/sonia_noemiacosta,6479119809,,odontospy,human,85,0,0,0,85,A
parsinia_mitra,Mity Mity,https://www.instagram.com/parsinia_mitra,64881887956,,protectiondentalcenter,human,85,0,0,0,85,A
sorayisima_sc,Soraya Casas,https://www.instagram.com/sorayisima_sc,6488998161,,protectiondentalcenter,human,85,0,0,0,85,A
ga_maldonado,Gaby Maldonado,https://www.instagram.com/ga_maldonado,649212895,,odontospy,human,85,0,0,0,85,A
emigdia_galeano,Emigdia Galeano,https://www.instagram.com/emigdia_galeano,649492431,,protectiondentalcenter,human,85,0,0,0,85,A
eve_paredes,Evelyn Paredes,https://www.instagram.com/eve_paredes,649697473,,odontospy,human,85,0,0,0,85,A
glo_velilla,Gloria Velilla,https://www.instagram.com/glo_velilla,65062772399,,odontologia3py,human,85,0,0,0,85,A
darleen_mariposa,Darleen Ruiz,https://www.instagram.com/darleen_mariposa,65077618356,,protectiondentalcenter,human,85,0,0,0,85,A
sanchez_marle,Marlene Sanchez,https://www.instagram.com/sanchez_marle,651113036,,odontospy,human,85,0,0,0,85,A
ariel_cef,Ariel Caballero,https://www.instagram.com/ariel_cef,651189679,,odontologia3py,human,85,0,0,0,85,A
deidy_vazquez,Deidy Vazquez,https://www.instagram.com/deidy_vazquez,651643141,,protectiondentalcenter,human,85,0,0,0,85,A
fran_leryn,Leryn Franco,https://www.instagram.com/fran_leryn,65207952898,,odontospy,human,85,0,0,0,85,A
fer_queirozv,Fernanda Queiroz,https://www.instagram.com/fer_queirozv,652088382,,protectiondentalcenter,human,85,0,0,0,85,A
maribel_dickel,Maribel Dickel,https://www.instagram.com/maribel_dickel,653566265,,protectiondentalcenter,human,85,0,0,0,85,A
emu_quinonez,Emu Quiñonez,https://www.instagram.com/emu_quinonez,655191027,,odontospy,human,85,0,0,0,85,A
goyis_bg,Gregoria Bazan,https://www.instagram.com/goyis_bg,656158340,,protectiondentalcenter,human,85,0,0,0,85,A
amela_demirovic,Amela Demirovic,https://www.instagram.com/amela_demirovic,656641603,,protectiondentalcenter,human,85,0,0,0,85,A
zoheir_tolga,Zoheir Deroues,https://www.instagram.com/zoheir_tolga,6568557667,,protectiondentalcenter,human,85,0,0,0,85,A
gi_hazeldine,Ginette Hazeldine,https://www.instagram.com/gi_hazeldine,656895544,,protectiondentalcenter,human,85,0,0,0,85,A
francisca_moralescovarrubias,Francisca Morales,https://www.instagram.com/francisca_moralescovarrubias,65718331826,,protectiondentalcenter,human,85,0,0,0,85,A
fa_canete,Fatima Cañete,https://www.instagram.com/fa_canete,657602129,,protectiondentalcenter,human,85,0,0,0,85,A
yuli_adorno,Juliana Adorno,https://www.instagram.com/yuli_adorno,6576346046,,odontologia3py,human,85,0,0,0,85,A
elinchunchi_ruth,Ruth Aveiro,https://www.instagram.com/elinchunchi_ruth,657692606,,protectiondentalcenter,human,85,0,0,0,85,A
zulal_sicakbay,Zulal Sicakbay,https://www.instagram.com/zulal_sicakbay,65799729419,,protectiondentalcenter,human,85,0,0,0,85,A
josi_susana,Susana Cubilla,https://www.instagram.com/josi_susana,65803220091,,protectiondentalcenter,human,85,0,0,0,85,A
amallo_pinamangun,Michael Richard,https://www.instagram.com/amallo_pinamangun,65839890081,,protectiondentalcenter,human,85,0,0,0,85,A
viviana_neicul,Viviana Neicul,https://www.instagram.com/viviana_neicul,65840329123,,protectiondentalcenter,human,85,0,0,0,85,A
bedoya_any,Amy Betancur,https://www.instagram.com/bedoya_any,65856294569,,protectiondentalcenter,human,85,0,0,0,85,A
beii_flores,Beatriz Flores,https://www.instagram.com/beii_flores,658671840,,protectiondentalcenter,human,85,0,0,0,85,A
silvi_ljubicica,Samo Silvija,https://www.instagram.com/silvi_ljubicica,65933653315,,protectiondentalcenter,human,85,0,0,0,85,A
quality_transfers,Quality Transfers,https://www.instagram.com/quality_transfers,65945171816,,protectiondentalcenter,human,85,0,0,0,85,A
cinth_iazelaya,Cinthia Zelaya,https://www.instagram.com/cinth_iazelaya,65955320103,,odontospy,human,85,0,0,0,85,A
su_vasquezz,Su Vasquez,https://www.instagram.com/su_vasquezz,65961563634,,protectiondentalcenter,human,85,0,0,0,85,A
jan_bazan,Janette Bazan,https://www.instagram.com/jan_bazan,659717343,,protectiondentalcenter,human,85,0,0,0,85,A
mynda_oliwid,Mynda Widmann,https://www.instagram.com/mynda_oliwid,6608432789,,protectiondentalcenter,human,85,0,0,0,85,A
buenaventura_kelly,Kelly Buenaventura,https://www.instagram.com/buenaventura_kelly,66132635449,,protectiondentalcenter,human,85,0,0,0,85,A
mery_veraa,Mery Vera,https://www.instagram.com/mery_veraa,6618041717,,protectiondentalcenter,human,85,0,0,0,85,A
cintia_jazmin,Cintia Jazmin,https://www.instagram.com/cintia_jazmin,661894276,,protectiondentalcenter,human,85,0,0,0,85,A
clau_adlan,Clau Vargas,https://www.instagram.com/clau_adlan,662072518,,protectiondentalcenter,human,85,0,0,0,85,A
johann_artroche,Johanna Artroche,https://www.instagram.com/johann_artroche,662135300,,odontologia3py,human,85,0,0,0,85,A
britez_roo,Romina Britez,https://www.instagram.com/britez_roo,662740218,,protectiondentalcenter,human,85,0,0,0,85,A
hoarau_cecile,Cecile Hoarau,https://www.instagram.com/hoarau_cecile,66311755816,,protectiondentalcenter,human,85,0,0,0,85,A
elton_johnribero,Elton Ribero,https://www.instagram.com/elton_johnribero,66314706808,,odontospy,human,85,0,0,0,85,A
jk_opq,Liz Nunez,https://www.instagram.com/jk_opq,66337561072,,odontospy,human,85,0,0,0,85,A
vero_montania,Vero Montania,https://www.instagram.com/vero_montania,66356522164,,protectiondentalcenter,human,85,0,0,0,85,A
regi_mirand,Regina Miranda,https://www.instagram.com/regi_mirand,663571554,,protectiondentalcenter,human,85,0,0,0,85,A
erikasintia_cv,Erika Coimbra,https://www.instagram.com/erikasintia_cv,6639315238,,protectiondentalcenter,human,85,0,0,0,85,A
josefina_larrea,Josefina Larrea,https://www.instagram.com/josefina_larrea,66456224473,,protectiondentalcenter,human,85,0,0,0,85,A
rossy_rosben,Rossy Hinojosa,https://www.instagram.com/rossy_rosben,66512233953,,protectiondentalcenter,human,85,0,0,0,85,A
magali_areco,Magali Areco,https://www.instagram.com/magali_areco,665548316,,odontologia3py,human,85,0,0,0,85,A
lilina_herrera,Liliana Herrera,https://www.instagram.com/lilina_herrera,6659646417,,protectiondentalcenter,human,85,0,0,0,85,A
maca_lillo,Maca Lillo,https://www.instagram.com/maca_lillo,6672789171,,protectiondentalcenter,human,85,0,0,0,85,A
claudiane_mahl,Claudiane Mahl,https://www.instagram.com/claudiane_mahl,6673754797,,protectiondentalcenter,human,85,0,0,0,85,A
liz_elizechee,Liz Elizeche,https://www.instagram.com/liz_elizechee,66789292481,,odontospy,human,85,0,0,0,85,A
mari_prezz,Mari Prezz,https://www.instagram.com/mari_prezz,670347083,,protectiondentalcenter,human,85,0,0,0,85,A
montse_garcete,Montserrat Garcete,https://www.instagram.com/montse_garcete,670507081,,protectiondentalcenter,human,85,0,0,0,85,A
helen_pernia,Helen Pernia,https://www.instagram.com/helen_pernia,67080004112,,protectiondentalcenter,human,85,0,0,0,85,A
neila_alda,Alda Neila,https://www.instagram.com/neila_alda,67101640963,,protectiondentalcenter,human,85,0,0,0,85,A
lauri_bordon,Laura Bordon,https://www.instagram.com/lauri_bordon,671201526,,protectiondentalcenter,human,85,0,0,0,85,A
erica_fogagnollo,Erica Silva,https://www.instagram.com/erica_fogagnollo,67137159022,,protectiondentalcenter,human,85,0,0,0,85,A
betiana_bernardez,Betiana Bernardez,https://www.instagram.com/betiana_bernardez,6713787696,,odontologia3py,human,85,0,0,0,85,A
liz_mldoo,Vazquez Lizzy,https://www.instagram.com/liz_mldoo,67159193623,,protectiondentalcenter,human,85,0,0,0,85,A
carlito_quin,Carlos Quintana,https://www.instagram.com/carlito_quin,6720116147,,protectiondentalcenter,human,85,0,0,0,85,A
arianne_bovi,Arianne Bovi,https://www.instagram.com/arianne_bovi,6721703284,,protectiondentalcenter,human,85,0,0,0,85,A
yes_liizz,Yessica Acosta,https://www.instagram.com/yes_liizz,672638988,,protectiondentalcenter,human,85,0,0,0,85,A
lidiaesther_garcia,Luisa Fernandes,https://www.instagram.com/lidiaesther_garcia,67394520883,,protectiondentalcenter,human,85,0,0,0,85,A
mijuskovic_nina,Nina Mijuskovic,https://www.instagram.com/mijuskovic_nina,67444027790,,protectiondentalcenter,human,85,0,0,0,85,A
mel_bogado,Euge Lopez,https://www.instagram.com/mel_bogado,674946687,,protectiondentalcenter,human,85,0,0,0,85,A
ac_villalobosvalenzuela,Andrea Villalobos,https://www.instagram.com/ac_villalobosvalenzuela,67497159083,,protectiondentalcenter,human,85,0,0,0,85,A
marad_gallardo,Mara Lugo,https://www.instagram.com/marad_gallardo,67507227301,,protectiondentalcenter,human,85,0,0,0,85,A
ro_fabioo,Ro Fabio,https://www.instagram.com/ro_fabioo,675176645,,protectiondentalcenter,human,85,0,0,0,85,A
lilianaa_fabala,Liliana Fabala,https://www.instagram.com/lilianaa_fabala,6755391367,,odontospy,human,85,0,0,0,85,A
yani_arami,Yani Cabrera,https://www.instagram.com/yani_arami,6761957845,,odontospy,human,85,0,0,0,85,A
ismelda_marin,Ismalda Marin,https://www.instagram.com/ismelda_marin,6762334014,,protectiondentalcenter,human,85,0,0,0,85,A
valeria_micropigmentacion,Valeria Chagra,https://www.instagram.com/valeria_micropigmentacion,67626607348,,protectiondentalcenter,human,85,0,0,0,85,A
zammo_ntero,Luz Luna,https://www.instagram.com/zammo_ntero,67733905257,,protectiondentalcenter,human,85,0,0,0,85,A
ssiilvii_taa,Silvy Santos,https://www.instagram.com/ssiilvii_taa,6791677325,,protectiondentalcenter,human,85,0,0,0,85,A
almy_fer,Alma Ferreira,https://www.instagram.com/almy_fer,679260549,,protectiondentalcenter,human,85,0,0,0,85,A
eve_yampara,Evelyn Yampara,https://www.instagram.com/eve_yampara,6792760138,,protectiondentalcenter,human,85,0,0,0,85,A
rosanny_jaquez,Rosanny Jaquez,https://www.instagram.com/rosanny_jaquez,6794571119,,protectiondentalcenter,human,85,0,0,0,85,A
mirta_cubas,Palo Ma,https://www.instagram.com/mirta_cubas,6802009212,,odontospy,human,85,0,0,0,85,A
teti_bray,Teti Orrego,https://www.instagram.com/teti_bray,680373154,,protectiondentalcenter,human,85,0,0,0,85,A
gris_resquin,Gris Resquin,https://www.instagram.com/gris_resquin,6807615940,,protectiondentalcenter,human,85,0,0,0,85,A
magali_arzamendia,Magali Arzamendia,https://www.instagram.com/magali_arzamendia,681046281,,odontospy,human,85,0,0,0,85,A
myrian_bernalll,Myrian Bernal,https://www.instagram.com/myrian_bernalll,6817766366,,protectiondentalcenter,human,85,0,0,0,85,A
cinthia_johanunez,Cinthia Lopez,https://www.instagram.com/cinthia_johanunez,6824931551,,protectiondentalcenter,human,85,0,0,0,85,A
carol_zayas,Carolina Zayas,https://www.instagram.com/carol_zayas,6830233417,,protectiondentalcenter,human,85,0,0,0,85,A
vero_delavy,Vero Delavy,https://www.instagram.com/vero_delavy,6835072794,,odontospy,human,85,0,0,0,85,A
gloriaflor_py,Gloria Flor,https://www.instagram.com/gloriaflor_py,68356322982,,odontologia3py,human,85,0,0,0,85,A
aversa_lucia,Lucia Aversa,https://www.instagram.com/aversa_lucia,6836316777,,protectiondentalcenter,human,85,0,0,0,85,A
tiana_enri,Tatiana Aquino,https://www.instagram.com/tiana_enri,683905019,,protectiondentalcenter,human,85,0,0,0,85,A
jenny_pedemonte,Jenny Pedemonte,https://www.instagram.com/jenny_pedemonte,6847972816,,protectiondentalcenter,human,85,0,0,0,85,A
ney_gueher,Carmen Guerrero,https://www.instagram.com/ney_gueher,6848299906,,protectiondentalcenter,human,85,0,0,0,85,A
villan_marce,Villan Marcela,https://www.instagram.com/villan_marce,6853054361,,protectiondentalcenter,human,85,0,0,0,85,A
adilen_onaelag,Nelly Gal,https://www.instagram.com/adilen_onaelag,6854691526,,protectiondentalcenter,human,85,0,0,0,85,A
califor_kids,Lupe Santacruz,https://www.instagram.com/califor_kids,6869986321,,protectiondentalcenter,human,85,0,0,0,85,A
clau_florentin,Claudia Florentin,https://www.instagram.com/clau_florentin,687116755,,protectiondentalcenter,human,85,0,0,0,85,A
florangelvalera_brconsultores,Florangel Valera,https://www.instagram.com/florangelvalera_brconsultores,6871878161,,protectiondentalcenter,human,85,0,0,0,85,A
jhavi_uribe,Jhavi Uribe,https://www.instagram.com/jhavi_uribe,6876932887,,protectiondentalcenter,human,85,0,0,0,85,A
liliana_daglio,Liliana Daglio,https://www.instagram.com/liliana_daglio,6878437301,,protectiondentalcenter,human,85,0,0,0,85,A
mara_melgarejo,Mara Melgarejo,https://www.instagram.com/mara_melgarejo,6878715912,,protectiondentalcenter,human,85,0,0,0,85,A
lucas_mendiieta,Lucas Mendieta,https://www.instagram.com/lucas_mendiieta,6878773716,,odontologia3py,human,85,0,0,0,85,A
carol_isasi,Carol Galeano,https://www.instagram.com/carol_isasi,6884348573,,odontologia3py,human,85,0,0,0,85,A
jime_alonso,Jimena Alonso,https://www.instagram.com/jime_alonso,688777183,,odontospy,human,85,0,0,0,85,A
sonia_villamizar,Sonia Villamizar,https://www.instagram.com/sonia_villamizar,688953646,,protectiondentalcenter,human,85,0,0,0,85,A
nicolibe_ta,Gissell Nicolicchia,https://www.instagram.com/nicolibe_ta,690390234,,odontologia3py,human,85,0,0,0,85,A
delia_camachoarmoa,Delia Camacho,https://www.instagram.com/delia_camachoarmoa,6906262875,,protectiondentalcenter,human,85,0,0,0,85,A
angeles_bulq,Angeles Bulquin,https://www.instagram.com/angeles_bulq,69068667013,,odontospy,human,85,0,0,0,85,A
valen_susanaa,Valenzuela Carmen,https://www.instagram.com/valen_susanaa,6907572985,,protectiondentalcenter,human,85,0,0,0,85,A
guilian_romina,Guilian Baez,https://www.instagram.com/guilian_romina,6919289646,,protectiondentalcenter,human,85,0,0,0,85,A
ojeda_dolly,Dolly Ojeda,https://www.instagram.com/ojeda_dolly,6921556093,,protectiondentalcenter,human,85,0,0,0,85,A
marlene_zorrilla,Marlene Zorrilla,https://www.instagram.com/marlene_zorrilla,6923698061,,odontologia3py,human,85,0,0,0,85,A
berenice_carrascal,Berenice Carrascal,https://www.instagram.com/berenice_carrascal,6931909181,,protectiondentalcenter,human,85,0,0,0,85,A
ewelina_sulewska,Ewelina Sulewska,https://www.instagram.com/ewelina_sulewska,69378090191,,protectiondentalcenter,human,85,0,0,0,85,A
areco_sonia,Sonia Areco,https://www.instagram.com/areco_sonia,6939590516,,protectiondentalcenter,human,85,0,0,0,85,A
roci_ayala,Rocio Ayala,https://www.instagram.com/roci_ayala,694206657,,odontospy,human,85,0,0,0,85,A
male_gama,Malena Gamarra,https://www.instagram.com/male_gama,694503350,,protectiondentalcenter,human,85,0,0,0,85,A
alma_majd,Majd Alhalabi,https://www.instagram.com/alma_majd,69456573989,,protectiondentalcenter,human,85,0,0,0,85,A
apunto_moni,Monica Aguero,https://www.instagram.com/apunto_moni,6957200683,,odontologia3py,human,85,0,0,0,85,A
hernando_casanova,Hernando Casanova,https://www.instagram.com/hernando_casanova,6961188759,,protectiondentalcenter,human,85,0,0,0,85,A
mor_gracita,Mor Gracita,https://www.instagram.com/mor_gracita,6962025174,,protectiondentalcenter,human,85,0,0,0,85,A
lila_matiauda,Lila Matiauda,https://www.instagram.com/lila_matiauda,696284989,,protectiondentalcenter,human,85,0,0,0,85,A
silvana_bazei,Silvana Bazei,https://www.instagram.com/silvana_bazei,6962902552,,protectiondentalcenter,human,85,0,0,0,85,A
marros_cubilla,Rossana Cubilla,https://www.instagram.com/marros_cubilla,69634972591,,odontologia3py,human,85,0,0,0,85,A
aylen_ferreiraa,Aylen Ferreira,https://www.instagram.com/aylen_ferreiraa,6966643308,,odontologia3py,human,85,0,0,0,85,A
sara_calduch,Sarita Calduch,https://www.instagram.com/sara_calduch,69731210310,,protectiondentalcenter,human,85,0,0,0,85,A
mozabint_ally,Moza Abeid,https://www.instagram.com/mozabint_ally,69745521533,,protectiondentalcenter,human,85,0,0,0,85,A
lesa_redsoleshoes,Lesa Molinari,https://www.instagram.com/lesa_redsoleshoes,69798674746,,protectiondentalcenter,human,85,0,0,0,85,A
ross_flor,Ross Flor,https://www.instagram.com/ross_flor,6983986545,,protectiondentalcenter,human,85,0,0,0,85,A
pili_krol,Carolina Nuñez,https://www.instagram.com/pili_krol,698450483,,protectiondentalcenter,human,85,0,0,0,85,A
lidia_sther,Sther Cardozo,https://www.instagram.com/lidia_sther,699042339,,protectiondentalcenter,human,85,0,0,0,85,A
mathias_vega,Mathias Vega,https://www.instagram.com/mathias_vega,699068790,,odontologia3py,human,85,0,0,0,85,A
luana_recalde,Luana Recalde,https://www.instagram.com/luana_recalde,7002325906,,protectiondentalcenter,human,85,0,0,0,85,A
lili_bracamonte,Plenitud Lilii,https://www.instagram.com/lili_bracamonte,7003080726,,protectiondentalcenter,human,85,0,0,0,85,A
raquel_genes,Raquel Genes,https://www.instagram.com/raquel_genes,7007057298,,odontologia3py,human,85,0,0,0,85,A
susa_veraa,Susana Vera,https://www.instagram.com/susa_veraa,7007741376,,protectiondentalcenter,human,85,0,0,0,85,A
lenguaza_sara,Sara Lenguaza,https://www.instagram.com/lenguaza_sara,7009993805,,odontospy,human,85,0,0,0,85,A
lashes_lys,Lys Lashes,https://www.instagram.com/lashes_lys,70130266911,,protectiondentalcenter,human,85,0,0,0,85,A
eleonora_benza,Eleonora Benza,https://www.instagram.com/eleonora_benza,70186538051,,protectiondentalcenter,human,85,0,0,0,85,A
noelia_caballerod,Noelia Caballero,https://www.instagram.com/noelia_caballerod,70195992919,,odontologia3py,human,85,0,0,0,85,A
lenis_espinola,Lenis Espinola,https://www.instagram.com/lenis_espinola,7041396183,,protectiondentalcenter,human,85,0,0,0,85,A
gabrielameza_official,Gabriela Meza,https://www.instagram.com/gabrielameza_official,7041411650,,protectiondentalcenter,human,85,0,0,0,85,A
calistheics_neftali,Naphtali Monzon,https://www.instagram.com/calistheics_neftali,7048450604,,protectiondentalcenter,human,85,0,0,0,85,A
harwar_moni,Monica Jara,https://www.instagram.com/harwar_moni,705850685,,odontologia3py,human,85,0,0,0,85,A
male_cabacard,Luz Caballero,https://www.instagram.com/male_cabacard,7060015455,,protectiondentalcenter,human,85,0,0,0,85,A
vecchio_dana,Dana Vecchio,https://www.instagram.com/vecchio_dana,7063258841,,protectiondentalcenter,human,85,0,0,0,85,A
gouharali_khan,Gouhar Ali,https://www.instagram.com/gouharali_khan,70651903849,,protectiondentalcenter,human,85,0,0,0,85,A
gessica_gauto,Gessica Gauto,https://www.instagram.com/gessica_gauto,708181338,,protectiondentalcenter,human,85,0,0,0,85,A
kokab_rehana,Kokab Rehana,https://www.instagram.com/kokab_rehana,70852848872,,protectiondentalcenter,human,85,0,0,0,85,A
reye_slc,Reyes Lopez,https://www.instagram.com/reye_slc,70888525182,,protectiondentalcenter,human,85,0,0,0,85,A
orlando_britos,Orlando Britos,https://www.instagram.com/orlando_britos,709148568,,protectiondentalcenter,human,85,0,0,0,85,A
selah_veee,Selah Harper,https://www.instagram.com/selah_veee,7101513071,,protectiondentalcenter,human,85,0,0,0,85,A
claud_ioaranda,Claudio Aranda,https://www.instagram.com/claud_ioaranda,71019142260,,protectiondentalcenter,human,85,0,0,0,85,A
raquel_presentado,Raquel Presentado,https://www.instagram.com/raquel_presentado,710432064,,odontologia3py,human,85,0,0,0,85,A
arami_ramoss,Arami Ramos,https://www.instagram.com/arami_ramoss,711078000,,protectiondentalcenter,human,85,0,0,0,85,A
robelen_ok,Ro Belen,https://www.instagram.com/robelen_ok,711101656,,protectiondentalcenter,human,85,0,0,0,85,A
khris_rguez,Khris Rodriguez,https://www.instagram.com/khris_rguez,7113084564,,protectiondentalcenter,human,85,0,0,0,85,A
galeano_fernand,Fernanda Galeano,https://www.instagram.com/galeano_fernand,7123834221,,protectiondentalcenter,human,85,0,0,0,85,A
brunny_genes,Brunny Genes,https://www.instagram.com/brunny_genes,712574377,,protectiondentalcenter,human,85,0,0,0,85,A
guiss_calvo,Yiyi Sol,https://www.instagram.com/guiss_calvo,7130806608,,protectiondentalcenter,human,85,0,0,0,85,A
loo_chaves,Lorena Chaves,https://www.instagram.com/loo_chaves,713131358,,odontologia3py,human,85,0,0,0,85,A
valeria_valentina,Valeria Avila,https://www.instagram.com/valeria_valentina,713234322,,protectiondentalcenter,human,85,0,0,0,85,A
marty_marecos,Marta Marecos,https://www.instagram.com/marty_marecos,7133825376,,protectiondentalcenter,human,85,0,0,0,85,A
moni_zepol,Monica Lopez,https://www.instagram.com/moni_zepol,71347080500,,odontospy,human,85,0,0,0,85,A
kari_marmoll,Karina Marmoll,https://www.instagram.com/kari_marmoll,713591526,,protectiondentalcenter,human,85,0,0,0,85,A
marcelo_semon,Marcelo Duarte,https://www.instagram.com/marcelo_semon,71486948256,,protectiondentalcenter,human,85,0,0,0,85,A
heneri_london,Silva Ersi,https://www.instagram.com/heneri_london,7152136826,,protectiondentalcenter,human,85,0,0,0,85,A
cholu_marecos,Lucho Marecos,https://www.instagram.com/cholu_marecos,7152985419,,odontospy,human,85,0,0,0,85,A
maga_villalbae,Magali Villalba,https://www.instagram.com/maga_villalbae,71533358679,,odontospy,human,85,0,0,0,85,A
merce_capde,Merce Capde,https://www.instagram.com/merce_capde,715356977,,protectiondentalcenter,human,85,0,0,0,85,A
elva_ocampo,Elva Ocampo,https://www.instagram.com/elva_ocampo,715637516,,odontologia3py,human,85,0,0,0,85,A
yaneisy_campos,Yaneisy Campos,https://www.instagram.com/yaneisy_campos,71579934587,,protectiondentalcenter,human,85,0,0,0,85,A
natyc_olman,Naty Colman,https://www.instagram.com/natyc_olman,71586500269,,protectiondentalcenter,human,85,0,0,0,85,A
lily_palomequi,Lily Palomequi,https://www.instagram.com/lily_palomequi,7168902745,,protectiondentalcenter,human,85,0,0,0,85,A
janett_georgieva,Janet Georgieva,https://www.instagram.com/janett_georgieva,7170933266,,protectiondentalcenter,human,85,0,0,0,85,A
cindymagali_battaglia,Cindy Battaglia,https://www.instagram.com/cindymagali_battaglia,7176671625,,protectiondentalcenter,human,85,0,0,0,85,A
rocio_ocampo,Rocio Ocampo,https://www.instagram.com/rocio_ocampo,717761806,,protectiondentalcenter,human,85,0,0,0,85,A
cinthia_aguilera,Cinthia Aguilera,https://www.instagram.com/cinthia_aguilera,717783117,,odontologia3py,human,85,0,0,0,85,A
natthaly_neffa,Nathaly Neffa,https://www.instagram.com/natthaly_neffa,717819115,,protectiondentalcenter,human,85,0,0,0,85,A
lucy_peraltapena,Lucy Peralta,https://www.instagram.com/lucy_peraltapena,7184609275,,protectiondentalcenter,human,85,0,0,0,85,A
ner_mathiasb,Ner Mathias,https://www.instagram.com/ner_mathiasb,7185950234,,odontospy,human,85,0,0,0,85,A
reem_sejari,Reem Sejari,https://www.instagram.com/reem_sejari,7188738005,,protectiondentalcenter,human,85,0,0,0,85,A
luciananobre_mel,Mel Nobre,https://www.instagram.com/luciananobre_mel,7190773819,,protectiondentalcenter,human,85,0,0,0,85,A
agne_sil,Agne Sil,https://www.instagram.com/agne_sil,7193897798,,protectiondentalcenter,human,85,0,0,0,85,A
lorena_nacer,Lorena Nacer,https://www.instagram.com/lorena_nacer,719596866,,protectiondentalcenter,human,85,0,0,0,85,A
titi_go,Titi Goo,https://www.instagram.com/titi_go,719673658,,odontologia3py,human,85,0,0,0,85,A
mauxi_almiron,Almiron Maria,https://www.instagram.com/mauxi_almiron,7197583717,,protectiondentalcenter,human,85,0,0,0,85,A
espinoza_bernarda,Bernarda Espinoza,https://www.instagram.com/espinoza_bernarda,7197885121,,protectiondentalcenter,human,85,0,0,0,85,A
elyy_varg,Adriana Piñanez,https://www.instagram.com/elyy_varg,7197916741,,protectiondentalcenter,human,85,0,0,0,85,A
yayi_sanz,Laura Sanchez,https://www.instagram.com/yayi_sanz,720216521,,odontospy,human,85,0,0,0,85,A
fabyta_litiere,Faby Sqvaras,https://www.instagram.com/fabyta_litiere,72105044959,,protectiondentalcenter,human,85,0,0,0,85,A
ale_molsa,Alejandra Molinas,https://www.instagram.com/ale_molsa,7213448535,,protectiondentalcenter,human,85,0,0,0,85,A
humphreys_michele,Michele Humphreys,https://www.instagram.com/humphreys_michele,7233265815,,protectiondentalcenter,human,85,0,0,0,85,A
dady_dm,Dady Duarte,https://www.instagram.com/dady_dm,723971562,,odontologia3py,human,85,0,0,0,85,A
josephine_mikhael,Josephine Mikhael,https://www.instagram.com/josephine_mikhael,72534758842,,protectiondentalcenter,human,85,0,0,0,85,A
rubia_argueta,Rubia Argueta,https://www.instagram.com/rubia_argueta,725536196,,protectiondentalcenter,human,85,0,0,0,85,A
olga_contrera,Olga Contrera,https://www.instagram.com/olga_contrera,7269188214,,protectiondentalcenter,human,85,0,0,0,85,A
ninfaa_bea,Beatriz Ayala,https://www.instagram.com/ninfaa_bea,7272685644,,odontospy,human,85,0,0,0,85,A
yudith_villalobos,Yudith Villalobos,https://www.instagram.com/yudith_villalobos,7285951634,,protectiondentalcenter,human,85,0,0,0,85,A
marle_rojasv,Ma Rojas,https://www.instagram.com/marle_rojasv,7301143606,,odontologia3py,human,85,0,0,0,85,A
clari_zayas,Clarinda Zayas,https://www.instagram.com/clari_zayas,7306518054,,odontologia3py,human,85,0,0,0,85,A
sharit_thompson,Sharit Thompson,https://www.instagram.com/sharit_thompson,73134501349,,protectiondentalcenter,human,85,0,0,0,85,A
letii_du,Leti Duarte,https://www.instagram.com/letii_du,732845186,,odontologia3py,human,85,0,0,0,85,A
dibrows_pielcanela,Diana Lorena,https://www.instagram.com/dibrows_pielcanela,7333729979,,protectiondentalcenter,human,85,0,0,0,85,A
marley_candia,Candia Yessica,https://www.instagram.com/marley_candia,7334532066,,odontospy,human,85,0,0,0,85,A
lupe_gimenez,Guadalupe Gimenez,https://www.instagram.com/lupe_gimenez,733488328,,protectiondentalcenter,human,85,0,0,0,85,A
sirlei_kempf,Sirlei Kempf,https://www.instagram.com/sirlei_kempf,73375943746,,protectiondentalcenter,human,85,0,0,0,85,A
yocelyn_hgd,Yoselyn Vargas,https://www.instagram.com/yocelyn_hgd,7339447910,,protectiondentalcenter,human,85,0,0,0,85,A
nela_ordonez,Nella Ordonñez,https://www.instagram.com/nela_ordonez,7343236061,,protectiondentalcenter,human,85,0,0,0,85,A
raquelita_can,Raquel Canillas,https://www.instagram.com/raquelita_can,734957803,,protectiondentalcenter,human,85,0,0,0,85,A
erico_javier,Erico Javier,https://www.instagram.com/erico_javier,73503992142,,odontospy,human,85,0,0,0,85,A
kty_pttrs,Kathy Pttrs,https://www.instagram.com/kty_pttrs,7352512261,,protectiondentalcenter,human,85,0,0,0,85,A
catarina_botura,Catarina Botura,https://www.instagram.com/catarina_botura,7354545531,,protectiondentalcenter,human,85,0,0,0,85,A
maryann_ibz,Marian Garrido,https://www.instagram.com/maryann_ibz,7355365716,,protectiondentalcenter,human,85,0,0,0,85,A
normaosori_yeruti,Norma Osorio,https://www.instagram.com/normaosori_yeruti,7355456961,,protectiondentalcenter,human,85,0,0,0,85,A
dianacarolina_vera,Carolina Vera,https://www.instagram.com/dianacarolina_vera,7361245023,,protectiondentalcenter,human,85,0,0,0,85,A
ma_teresita,Marite Martinez,https://www.instagram.com/ma_teresita,736395178,,odontologia3py,human,85,0,0,0,85,A
vianeth_calderon,Vianeth Calderon,https://www.instagram.com/vianeth_calderon,7367057306,,protectiondentalcenter,human,85,0,0,0,85,A
may_riquelmeee,Mayra Riquelme,https://www.instagram.com/may_riquelmeee,7373600261,,odontologia3py,human,85,0,0,0,85,A
fatuma_colman,Fatuma Colman,https://www.instagram.com/fatuma_colman,7376414676,,odontospy,human,85,0,0,0,85,A
lucho_alonso,Luis Alonso,https://www.instagram.com/lucho_alonso,7385987150,,protectiondentalcenter,human,85,0,0,0,85,A
sol_bogad,Sol Bogarin,https://www.instagram.com/sol_bogad,74058496943,,protectiondentalcenter,human,85,0,0,0,85,A
perdomo_magda,Magda Perdomo,https://www.instagram.com/perdomo_magda,7414985335,,protectiondentalcenter,human,85,0,0,0,85,A
natalia_matkovic,Natalia Matkovic,https://www.instagram.com/natalia_matkovic,74178161011,,protectiondentalcenter,human,85,0,0,0,85,A
mariel_centurion,Mariel Centurion,https://www.instagram.com/mariel_centurion,742470527,,odontologia3py,human,85,0,0,0,85,A
dami_cent,Damian Centurion,https://www.instagram.com/dami_cent,742828347,,odontologia3py,human,85,0,0,0,85,A
manor_court,Manor Court,https://www.instagram.com/manor_court,7429170798,,protectiondentalcenter,human,85,0,0,0,85,A
panalera_durazno,Pañalera Durazno,https://www.instagram.com/panalera_durazno,7429179608,,protectiondentalcenter,human,85,0,0,0,85,A
mirchy_alien,Alejandra Aquino,https://www.instagram.com/mirchy_alien,74415584681,,protectiondentalcenter,human,85,0,0,0,85,A
josemi_torres,Josemi Torres,https://www.instagram.com/josemi_torres,744181035,,odontospy,human,85,0,0,0,85,A
nora_picasso,Nora Picasso,https://www.instagram.com/nora_picasso,7454031386,,protectiondentalcenter,human,85,0,0,0,85,A
ximena_avigo,Ximena Avila,https://www.instagram.com/ximena_avigo,7454121281,,protectiondentalcenter,human,85,0,0,0,85,A
rayabreu_bele,Ray Abreu,https://www.instagram.com/rayabreu_bele,7456999007,,protectiondentalcenter,human,85,0,0,0,85,A
kellar_os,Kellar Os,https://www.instagram.com/kellar_os,74708283097,,protectiondentalcenter,human,85,0,0,0,85,A
carmenn_anton,Carmen Anton,https://www.instagram.com/carmenn_anton,7477492827,,protectiondentalcenter,human,85,0,0,0,85,A
yanina_esposito,Yanina Esposito,https://www.instagram.com/yanina_esposito,7483642863,,protectiondentalcenter,human,85,0,0,0,85,A
alexo_acosta,Alexo Acosta,https://www.instagram.com/alexo_acosta,748741029,,odontospy,human,85,0,0,0,85,A
aana_moraless,Ana Morales,https://www.instagram.com/aana_moraless,749208466,,odontospy,human,85,0,0,0,85,A
jose_silvacor,Jose Silva,https://www.instagram.com/jose_silvacor,7502354494,,protectiondentalcenter,human,85,0,0,0,85,A
fabii_bernall,Celeste Bernal,https://www.instagram.com/fabii_bernall,7508741964,,protectiondentalcenter,human,85,0,0,0,85,A
giovana_sago,Giovana Sago,https://www.instagram.com/giovana_sago,7521081687,,protectiondentalcenter,human,85,0,0,0,85,A
nadia_bentos,Nadia Bentos,https://www.instagram.com/nadia_bentos,7521771047,,odontologia3py,human,85,0,0,0,85,A
elii_troche,Elii Troche,https://www.instagram.com/elii_troche,752464306,,protectiondentalcenter,human,85,0,0,0,85,A
marian_concristo,Marian Yinde,https://www.instagram.com/marian_concristo,752670337,,protectiondentalcenter,human,85,0,0,0,85,A
angie_nuneez,Angela Nuñez,https://www.instagram.com/angie_nuneez,75372882206,,protectiondentalcenter,human,85,0,0,0,85,A
aylen_asesora,Aylen Roa,https://www.instagram.com/aylen_asesora,75529398876,,odontospy,human,85,0,0,0,85,A
gveron_ejecutivacomercial,Gabriela Veron,https://www.instagram.com/gveron_ejecutivacomercial,75537076819,,odontospy,human,85,0,0,0,85,A
carolinaq_arango,Carolina Quiñones,https://www.instagram.com/carolinaq_arango,7558136165,,protectiondentalcenter,human,85,0,0,0,85,A
cyn_lozada,Cynthia Lozada,https://www.instagram.com/cyn_lozada,7562173859,,odontologia3py,human,85,0,0,0,85,A
xhoi_koxhaj,Joa Mici,https://www.instagram.com/xhoi_koxhaj,7563666439,,protectiondentalcenter,human,85,0,0,0,85,A
gess_diazbeatriz,Gessica Ruiz,https://www.instagram.com/gess_diazbeatriz,7580036193,,odontologia3py,human,85,0,0,0,85,A
dilma_saucedo,Dilma Saucedo,https://www.instagram.com/dilma_saucedo,7588984736,,odontologia3py,human,85,0,0,0,85,A
nany_ospinaa,Yurani Ospina,https://www.instagram.com/nany_ospinaa,7594363791,,protectiondentalcenter,human,85,0,0,0,85,A
ninfa_arza,Ninfa Arzamendia,https://www.instagram.com/ninfa_arza,760872814,,protectiondentalcenter,human,85,0,0,0,85,A
lizza_vergara,Lizza Vergara,https://www.instagram.com/lizza_vergara,7618345777,,protectiondentalcenter,human,85,0,0,0,85,A
iinma_calvis,Inma Calvis,https://www.instagram.com/iinma_calvis,7624334517,,protectiondentalcenter,human,85,0,0,0,85,A
leila_souihli,Leila Souihli,https://www.instagram.com/leila_souihli,7629935303,,protectiondentalcenter,human,85,0,0,0,85,A
fa_acostaromero,Fabiana Acosta,https://www.instagram.com/fa_acostaromero,7630255358,,protectiondentalcenter,human,85,0,0,0,85,A
ceci_santospy,Ceci Santos,https://www.instagram.com/ceci_santospy,7642930692,,protectiondentalcenter,human,85,0,0,0,85,A
dione_samaniego,Dione Samaniego,https://www.instagram.com/dione_samaniego,764475580,,protectiondentalcenter,human,85,0,0,0,85,A
rori_ortiz,Rodrigo Ortiz,https://www.instagram.com/rori_ortiz,7677986634,,protectiondentalcenter,human,85,0,0,0,85,A
casanova_blanca,Blanca Casanova,https://www.instagram.com/casanova_blanca,7681896679,,protectiondentalcenter,human,85,0,0,0,85,A
luli_yegros,Lourdes Yegros,https://www.instagram.com/luli_yegros,769717169,,odontologia3py,human,85,0,0,0,85,A
camarilla_py,Cecilia Amarilla,https://www.instagram.com/camarilla_py,769997386,,protectiondentalcenter,human,85,0,0,0,85,A
sosa_alida,Alida Sosa,https://www.instagram.com/sosa_alida,7705518948,,protectiondentalcenter,human,85,0,0,0,85,A
anali_af,Anali Ayala,https://www.instagram.com/anali_af,772997409,,protectiondentalcenter,human,85,0,0,0,85,A
jorg_centu,Jorge Centurion,https://www.instagram.com/jorg_centu,7731479216,,protectiondentalcenter,human,85,0,0,0,85,A
carmencita_soledad,Carmen Gonzalez,https://www.instagram.com/carmencita_soledad,7732047490,,protectiondentalcenter,human,85,0,0,0,85,A
micaa_orrego,Micaela Orrego,https://www.instagram.com/micaa_orrego,7734706773,,odontospy,human,85,0,0,0,85,A
quiroz_leonor,Leonor Quiroz,https://www.instagram.com/quiroz_leonor,7735133775,,protectiondentalcenter,human,85,0,0,0,85,A
vero_codina,Veronica Codina,https://www.instagram.com/vero_codina,7745197545,,protectiondentalcenter,human,85,0,0,0,85,A
zully_querey,Zully Querey,https://www.instagram.com/zully_querey,774857549,,protectiondentalcenter,human,85,0,0,0,85,A
luchi_pichardo,Luchi Pichardo,https://www.instagram.com/luchi_pichardo,7750372383,,protectiondentalcenter,human,85,0,0,0,85,A
liizz_vivas,Lizz Silva,https://www.instagram.com/liizz_vivas,7756529635,,protectiondentalcenter,human,85,0,0,0,85,A
mariah_candida,Mariah Candida,https://www.instagram.com/mariah_candida,7776783520,,protectiondentalcenter,human,85,0,0,0,85,A
gimenez_esmilce,Emi Gimenez,https://www.instagram.com/gimenez_esmilce,7790316124,,protectiondentalcenter,human,85,0,0,0,85,A
mar_frescour,Marcia Frescour,https://www.instagram.com/mar_frescour,7790904835,,protectiondentalcenter,human,85,0,0,0,85,A
amely_mendoza,Amelia Mendoza,https://www.instagram.com/amely_mendoza,779319037,,protectiondentalcenter,human,85,0,0,0,85,A
lucia_centurionn,Lucia Centurion,https://www.instagram.com/lucia_centurionn,77953005496,,odontospy,human,85,0,0,0,85,A
lety_cardozo,Leticia Cardozo,https://www.instagram.com/lety_cardozo,779668216,,odontologia3py,human,85,0,0,0,85,A
albi_benitez,Alba Benitez,https://www.instagram.com/albi_benitez,779872046,,odontologia3py,human,85,0,0,0,85,A
cristaldo_mary,Mary Cristaldo,https://www.instagram.com/cristaldo_mary,7803383932,,protectiondentalcenter,human,85,0,0,0,85,A
patii_mendieta,Paty Mendieta,https://www.instagram.com/patii_mendieta,780470192,,protectiondentalcenter,human,85,0,0,0,85,A
vanessasosa_grupotoyotoshi,Vanessa Sosa,https://www.instagram.com/vanessasosa_grupotoyotoshi,7821792560,,protectiondentalcenter,human,85,0,0,0,85,A
maca_visser,Maca Visser,https://www.instagram.com/maca_visser,783258084,,odontologia3py,human,85,0,0,0,85,A
mareco_eva,Eva Mareco,https://www.instagram.com/mareco_eva,78433146860,,protectiondentalcenter,human,85,0,0,0,85,A
marcosh_zabala,Marcos Zabala,https://www.instagram.com/marcosh_zabala,784629854,,protectiondentalcenter,human,85,0,0,0,85,A
ferchu_idalgo,Fernanda Idalgo,https://www.instagram.com/ferchu_idalgo,7856421016,,odontospy,human,85,0,0,0,85,A
leila_zahedi,Lei La,https://www.instagram.com/leila_zahedi,786225334,,protectiondentalcenter,human,85,0,0,0,85,A
florencia_kcrs,Florencia Caceres,https://www.instagram.com/florencia_kcrs,7876891681,,protectiondentalcenter,human,85,0,0,0,85,A
panayotova_desislava,Desislava Panayotova,https://www.instagram.com/panayotova_desislava,7887972054,,protectiondentalcenter,human,85,0,0,0,85,A
kari_nin,Kari Nin,https://www.instagram.com/kari_nin,789683286,,protectiondentalcenter,human,85,0,0,0,85,A
sannie_larissa,Larissa Martinez,https://www.instagram.com/sannie_larissa,789785125,,odontospy,human,85,0,0,0,85,A
selva_recalde,Selva Recalde,https://www.instagram.com/selva_recalde,7906361174,,protectiondentalcenter,human,85,0,0,0,85,A
leitte_li,Lili Leite,https://www.instagram.com/leitte_li,790678328,,odontologia3py,human,85,0,0,0,85,A
isasi_delia,Delia Isasi,https://www.instagram.com/isasi_delia,7916677962,,odontologia3py,human,85,0,0,0,85,A
viviana_manosalvatuti,Vivana Manosalva,https://www.instagram.com/viviana_manosalvatuti,7920288863,,protectiondentalcenter,human,85,0,0,0,85,A
eric_salinaso,Eric Salinas,https://www.instagram.com/eric_salinaso,792629922,,protectiondentalcenter,human,85,0,0,0,85,A
mar_ozu,Maru Ozuna,https://www.instagram.com/mar_ozu,7932959195,,odontologia3py,human,85,0,0,0,85,A
crissatan_doom,Cristhian Dominguez,https://www.instagram.com/crissatan_doom,7938456149,,protectiondentalcenter,human,85,0,0,0,85,A
yessika_karo,Jessica Jessica,https://www.instagram.com/yessika_karo,7959351167,,protectiondentalcenter,human,85,0,0,0,85,A
estelita_cavia,Estelita Cavia,https://www.instagram.com/estelita_cavia,7962672885,,protectiondentalcenter,human,85,0,0,0,85,A
odonto_ale,Alejandra Herrera,https://www.instagram.com/odonto_ale,7966393385,,protectiondentalcenter,human,85,0,0,0,85,A
rodu_mir,Mirna Rodriguez,https://www.instagram.com/rodu_mir,7973051204,,protectiondentalcenter,human,85,0,0,0,85,A
annz_perez,Ana Carcana,https://www.instagram.com/annz_perez,7992578670,,protectiondentalcenter,human,85,0,0,0,85,A
araanda_moni,Moni Aranda,https://www.instagram.com/araanda_moni,7997120072,,protectiondentalcenter,human,85,0,0,0,85,A
di_buitr,Bui Bui,https://www.instagram.com/di_buitr,8004599657,,protectiondentalcenter,human,85,0,0,0,85,A
kari_servin,Kari Servin,https://www.instagram.com/kari_servin,800665739,,odontologia3py,human,85,0,0,0,85,A
mabe_samudio,Mabel Samudio,https://www.instagram.com/mabe_samudio,80074192700,,protectiondentalcenter,human,85,0,0,0,85,A
fabi_monserrat,Fabiola Ferreira,https://www.instagram.com/fabi_monserrat,801053913,,protectiondentalcenter,human,85,0,0,0,85,A
nimia_baez,Nimia Baez,https://www.instagram.com/nimia_baez,8020403769,,protectiondentalcenter,human,85,0,0,0,85,A
escurra_emilia,Escurra Emilia,https://www.instagram.com/escurra_emilia,8027971575,,protectiondentalcenter,human,85,0,0,0,85,A
rasha_mograbe,Rasha Sy,https://www.instagram.com/rasha_mograbe,8033114520,,protectiondentalcenter,human,85,0,0,0,85,A
alinearaceli_torres,Aline Torres,https://www.instagram.com/alinearaceli_torres,804587247,,protectiondentalcenter,human,85,0,0,0,85,A
angela_bessauer,Angela Bessauer,https://www.instagram.com/angela_bessauer,8049675340,,protectiondentalcenter,human,85,0,0,0,85,A
moap_cvf,Cintia Canalla,https://www.instagram.com/moap_cvf,8052918964,,protectiondentalcenter,human,85,0,0,0,85,A
marga_villasboa,Marga Villasboa,https://www.instagram.com/marga_villasboa,805633696,,protectiondentalcenter,human,85,0,0,0,85,A
moherove_love,Katarzyna Leonowicz,https://www.instagram.com/moherove_love,8058097533,,protectiondentalcenter,human,85,0,0,0,85,A
lou_cassanello,Lourdes Cassanello,https://www.instagram.com/lou_cassanello,805932707,,protectiondentalcenter,human,85,0,0,0,85,A
fretes_moni,Monica Fretes,https://www.instagram.com/fretes_moni,807003604,,odontospy,human,85,0,0,0,85,A
mirti_coronel,Mirta Coronel,https://www.instagram.com/mirti_coronel,8076612789,,odontospy,human,85,0,0,0,85,A
marisa_pessarello,Marisa Pessarello,https://www.instagram.com/marisa_pessarello,8089372609,,protectiondentalcenter,human,85,0,0,0,85,A
liz_diarte,Liz Diarte,https://www.instagram.com/liz_diarte,809395623,,odontospy,human,85,0,0,0,85,A
janis_salgado,Janis Salgado,https://www.instagram.com/janis_salgado,8097313359,,protectiondentalcenter,human,85,0,0,0,85,A
vitoria_taboas,Vitoria Taboas,https://www.instagram.com/vitoria_taboas,8105678157,,protectiondentalcenter,human,85,0,0,0,85,A
ed_acos,Edgar Piñanez,https://www.instagram.com/ed_acos,810912094,,odontospy,human,85,0,0,0,85,A
carolinaduarte_vi,Carolina Duarte,https://www.instagram.com/carolinaduarte_vi,8116254093,,protectiondentalcenter,human,85,0,0,0,85,A
johana_hermosilla,Johana Hermosilla,https://www.instagram.com/johana_hermosilla,8119164370,,protectiondentalcenter,human,85,0,0,0,85,A
ceci_arrua,Cecilia Arrua,https://www.instagram.com/ceci_arrua,8121102838,,odontologia3py,human,85,0,0,0,85,A
balogova_katarina,Katarina Balogova,https://www.instagram.com/balogova_katarina,8132861890,,protectiondentalcenter,human,85,0,0,0,85,A
fleitas_ester,Ester Fleitas,https://www.instagram.com/fleitas_ester,8133656589,,protectiondentalcenter,human,85,0,0,0,85,A
caty_affonso,Caty Affonso,https://www.instagram.com/caty_affonso,8133814618,,protectiondentalcenter,human,85,0,0,0,85,A
gaona_tamara,Tamara Gaona,https://www.instagram.com/gaona_tamara,8154033694,,protectiondentalcenter,human,85,0,0,0,85,A
cheti_paredes,Cheti Paredes,https://www.instagram.com/cheti_paredes,815894364,,protectiondentalcenter,human,85,0,0,0,85,A
stte_talavera,Cam Stte,https://www.instagram.com/stte_talavera,8159750034,,protectiondentalcenter,human,85,0,0,0,85,A
pame_durev,Pamela Dure,https://www.instagram.com/pame_durev,8161976978,,protectiondentalcenter,human,85,0,0,0,85,A
silvita_robledo,Silvia Robledo,https://www.instagram.com/silvita_robledo,8200537431,,protectiondentalcenter,human,85,0,0,0,85,A
achucarro_tere,Tere Achucarro,https://www.instagram.com/achucarro_tere,8203506435,,odontologia3py,human,85,0,0,0,85,A
grisell_chena,Grisell Chena,https://www.instagram.com/grisell_chena,8204749189,,protectiondentalcenter,human,85,0,0,0,85,A
mirna_pazos,Mirna Pazos,https://www.instagram.com/mirna_pazos,8229954644,,protectiondentalcenter,human,85,0,0,0,85,A
abadie_luz,Luz Abadie,https://www.instagram.com/abadie_luz,8230987268,,protectiondentalcenter,human,85,0,0,0,85,A
humberto_aristizabal,Humberto Aristizabal,https://www.instagram.com/humberto_aristizabal,8245130138,,protectiondentalcenter,human,85,0,0,0,85,A
yani_ferreira,Yani Ferreira,https://www.instagram.com/yani_ferreira,824834195,,odontologia3py,human,85,0,0,0,85,A
ei_liz,Lizandra Santos,https://www.instagram.com/ei_liz,825169098,,protectiondentalcenter,human,85,0,0,0,85,A
ruthy_floresp,Ruth Flores,https://www.instagram.com/ruthy_floresp,8251739288,,protectiondentalcenter,human,85,0,0,0,85,A
rodas_sid,Sidney Rodas,https://www.instagram.com/rodas_sid,8258924404,,protectiondentalcenter,human,85,0,0,0,85,A
terezinha_strapasson,Terezinha Strapasson,https://www.instagram.com/terezinha_strapasson,8276624742,,protectiondentalcenter,human,85,0,0,0,85,A
anamir_ozorio,Anamir Ozorio,https://www.instagram.com/anamir_ozorio,8298915665,,odontospy,human,85,0,0,0,85,A
clara_celano,Clara Celano,https://www.instagram.com/clara_celano,830476532,,protectiondentalcenter,human,85,0,0,0,85,A
eliana_simkin,Eliana Catalina,https://www.instagram.com/eliana_simkin,8313416910,,protectiondentalcenter,human,85,0,0,0,85,A
vane_cicorio,Vane Cicorio,https://www.instagram.com/vane_cicorio,831345162,,protectiondentalcenter,human,85,0,0,0,85,A
marce_arellanoo,Marcela Arellano,https://www.instagram.com/marce_arellanoo,8341708704,,odontospy,human,85,0,0,0,85,A
caro_bejarano,Carolina Bejarano,https://www.instagram.com/caro_bejarano,8342718995,,odontologia3py,human,85,0,0,0,85,A
karisha_tohanes,Karina Toñanez,https://www.instagram.com/karisha_tohanes,8371364366,,protectiondentalcenter,human,85,0,0,0,85,A
chechita_bonita,Cecibel Aguilar,https://www.instagram.com/chechita_bonita,8378912534,,protectiondentalcenter,human,85,0,0,0,85,A
iraci_eichstaedt,Iraci Eichstaedt,https://www.instagram.com/iraci_eichstaedt,8385884815,,protectiondentalcenter,human,85,0,0,0,85,A
rut_villaba,Rut Villalba,https://www.instagram.com/rut_villaba,839300074,,protectiondentalcenter,human,85,0,0,0,85,A
martinezb_lili,Lilian Benitez,https://www.instagram.com/martinezb_lili,839359409,,protectiondentalcenter,human,85,0,0,0,85,A
rogava_tamuna,Tamuna Rogava,https://www.instagram.com/rogava_tamuna,8394750669,,protectiondentalcenter,human,85,0,0,0,85,A
ge_bobeda,Geraldine Bobeda,https://www.instagram.com/ge_bobeda,839727023,,protectiondentalcenter,human,85,0,0,0,85,A
sonia_dipietro,Sonia Dipietro,https://www.instagram.com/sonia_dipietro,839920971,,protectiondentalcenter,human,85,0,0,0,85,A
pao_orteg,Paola Ortega,https://www.instagram.com/pao_orteg,840128538,,protectiondentalcenter,human,85,0,0,0,85,A
pazit_kario,Pazit Kario,https://www.instagram.com/pazit_kario,8407016028,,protectiondentalcenter,human,85,0,0,0,85,A
micheli_villalba,Micheli Villalba,https://www.instagram.com/micheli_villalba,8409803532,,protectiondentalcenter,human,85,0,0,0,85,A
karen_rotel,Karen Cristaldo,https://www.instagram.com/karen_rotel,841563238,,odontologia3py,human,85,0,0,0,85,A
vz_martinez,Vidalia Martinez,https://www.instagram.com/vz_martinez,841914498,,odontospy,human,85,0,0,0,85,A
isabel_orch,Isabel Ortiz,https://www.instagram.com/isabel_orch,8419937981,,protectiondentalcenter,human,85,0,0,0,85,A
laurita_benz,Laurita Benitez,https://www.instagram.com/laurita_benz,8430980946,,protectiondentalcenter,human,85,0,0,0,85,A
sonia_pantano,Sonia Pantano,https://www.instagram.com/sonia_pantano,8432078423,,protectiondentalcenter,human,85,0,0,0,85,A
bebita_oficiall,Beba Gonzalez,https://www.instagram.com/bebita_oficiall,8433746616,,protectiondentalcenter,human,85,0,0,0,85,A
marcella_bracci,Marcella Bracci,https://www.instagram.com/marcella_bracci,8443061080,,protectiondentalcenter,human,85,0,0,0,85,A
eve_orrtiz,Eve Ortiz,https://www.instagram.com/eve_orrtiz,8447736996,,protectiondentalcenter,human,85,0,0,0,85,A
shirley_lh,Shirley Rodas,https://www.instagram.com/shirley_lh,846218406,,protectiondentalcenter,human,85,0,0,0,85,A
antonella_bodda,Antonella Bodda,https://www.instagram.com/antonella_bodda,8469088846,,protectiondentalcenter,human,85,0,0,0,85,A
toledo_mireya,Mireya Toledo,https://www.instagram.com/toledo_mireya,8471404324,,protectiondentalcenter,human,85,0,0,0,85,A
meche_quintanapy,Mercedes Quintana,https://www.instagram.com/meche_quintanapy,847425327,,protectiondentalcenter,human,85,0,0,0,85,A
mancuello_adalberto,Adalberto Mancuello,https://www.instagram.com/mancuello_adalberto,8474732905,,protectiondentalcenter,human,85,0,0,0,85,A
enfermeira_alverina,Alverina Nascimento,https://www.instagram.com/enfermeira_alverina,8483896209,,protectiondentalcenter,human,85,0,0,0,85,A
olca_torakova,Olca Torakova,https://www.instagram.com/olca_torakova,8494208328,,protectiondentalcenter,human,85,0,0,0,85,A
ruchii_villalba,Ruchii Villalba,https://www.instagram.com/ruchii_villalba,852979083,,odontologia3py,human,85,0,0,0,85,A
richart_benitez,Richar Benitez,https://www.instagram.com/richart_benitez,853424692,,odontospy,human,85,0,0,0,85,A
paulo_ledguerr,Paulo Ledguer,https://www.instagram.com/paulo_ledguerr,8547811439,,protectiondentalcenter,human,85,0,0,0,85,A
ara_valdezb,Ara Valdez,https://www.instagram.com/ara_valdezb,855417622,,odontologia3py,human,85,0,0,0,85,A
maracaldas_oficial,Marilene Caldas,https://www.instagram.com/maracaldas_oficial,8558139161,,protectiondentalcenter,human,85,0,0,0,85,A
floren_tinav,Ina Ina,https://www.instagram.com/floren_tinav,8574295113,,protectiondentalcenter,human,85,0,0,0,85,A
delro_aquino,Alicia Aquino,https://www.instagram.com/delro_aquino,857497311,,protectiondentalcenter,human,85,0,0,0,85,A
aliaga_maribel,Maribel Aliaga,https://www.instagram.com/aliaga_maribel,8577185546,,protectiondentalcenter,human,85,0,0,0,85,A
pau_pafuentealba,Paola Fuentealba,https://www.instagram.com/pau_pafuentealba,8592947742,,protectiondentalcenter,human,85,0,0,0,85,A
colores_arteentelas,Mariela Ortega,https://www.instagram.com/colores_arteentelas,8598470791,,protectiondentalcenter,human,85,0,0,0,85,A
julia_chamorro,Julia Chamorro,https://www.instagram.com/julia_chamorro,8598562021,,protectiondentalcenter,human,85,0,0,0,85,A
otazo_mati,Marta Otazo,https://www.instagram.com/otazo_mati,8605684821,,protectiondentalcenter,human,85,0,0,0,85,A
pf_sergiolopez,Sergio Lopez,https://www.instagram.com/pf_sergiolopez,8609453835,,protectiondentalcenter,human,85,0,0,0,85,A
almeida_jeany,Jeany Almeida,https://www.instagram.com/almeida_jeany,8609736509,,protectiondentalcenter,human,85,0,0,0,85,A
ricardo_samudiog,Ricardo Samudio,https://www.instagram.com/ricardo_samudiog,8613852012,,odontologia3py,human,85,0,0,0,85,A
muriel_dup,Muriel Dupont,https://www.instagram.com/muriel_dup,8623202596,,protectiondentalcenter,human,85,0,0,0,85,A
juli_aguii,Juli Aguilera,https://www.instagram.com/juli_aguii,862339002,,odontologia3py,human,85,0,0,0,85,A
marciaa_ortiz,Marcia Ortiz,https://www.instagram.com/marciaa_ortiz,863301963,,odontospy,human,85,0,0,0,85,A
sara_mancuello,Mancuello Sara,https://www.instagram.com/sara_mancuello,8633856484,,protectiondentalcenter,human,85,0,0,0,85,A
betania_caballero,Liz Caballero,https://www.instagram.com/betania_caballero,8642915315,,protectiondentalcenter,human,85,0,0,0,85,A
gadidi_gianquinno,Gabrielle Gabrielle,https://www.instagram.com/gadidi_gianquinno,8648139431,,protectiondentalcenter,human,85,0,0,0,85,A
analia_limenza,Analia Rivas,https://www.instagram.com/analia_limenza,8686831470,,odontospy,human,85,0,0,0,85,A
ranya_jilany,Ranya Jilany,https://www.instagram.com/ranya_jilany,8696668100,,protectiondentalcenter,human,85,0,0,0,85,A
lilianc_franco,Lilian Franco,https://www.instagram.com/lilianc_franco,8707148152,,odontologia3py,human,85,0,0,0,85,A
noemii_benz,Noemi Benitez,https://www.instagram.com/noemii_benz,8708391384,,odontospy,human,85,0,0,0,85,A
hilda_emru,Hilda Pedrozo,https://www.instagram.com/hilda_emru,8716582606,,protectiondentalcenter,human,85,0,0,0,85,A
obsesion_perfums,Sandra Pereira,https://www.instagram.com/obsesion_perfums,8724864765,,protectiondentalcenter,human,85,0,0,0,85,A
becky_rss,Rebecca Sosa,https://www.instagram.com/becky_rss,873933167,,protectiondentalcenter,human,85,0,0,0,85,A
gorostiaga_cinthia,Cinthia Gorostiaga,https://www.instagram.com/gorostiaga_cinthia,8745131675,,protectiondentalcenter,human,85,0,0,0,85,A
suzanna_adamsdotter,Suzanna Adamsdotter,https://www.instagram.com/suzanna_adamsdotter,8756273028,,protectiondentalcenter,human,85,0,0,0,85,A
sunflowers_elizabeth,Lupe Elizabeth,https://www.instagram.com/sunflowers_elizabeth,8781648926,,protectiondentalcenter,human,85,0,0,0,85,A
angeles_mendozac,Angeles Mendoza,https://www.instagram.com/angeles_mendozac,878784511,,protectiondentalcenter,human,85,0,0,0,85,A
erica_celena,Erica Rojgo,https://www.instagram.com/erica_celena,879510220,,protectiondentalcenter,human,85,0,0,0,85,A
glo_mab,Gloria Ortiz,https://www.instagram.com/glo_mab,881328341,,protectiondentalcenter,human,85,0,0,0,85,A
samb_py,Sandra Benitez,https://www.instagram.com/samb_py,885258886,,protectiondentalcenter,human,85,0,0,0,85,A
romy_ortigoza,Romi Ortigoza,https://www.instagram.com/romy_ortigoza,886132160,,odontologia3py,human,85,0,0,0,85,A
alim_acevedo,Alim Acevedo,https://www.instagram.com/alim_acevedo,887298791,,protectiondentalcenter,human,85,0,0,0,85,A
bita_campelo,Bita Campelo,https://www.instagram.com/bita_campelo,8883719656,,protectiondentalcenter,human,85,0,0,0,85,A
pina_peggy,Peggy Piña,https://www.instagram.com/pina_peggy,8895404343,,protectiondentalcenter,human,85,0,0,0,85,A
karen_arzamendok,Karen Arzamendia,https://www.instagram.com/karen_arzamendok,890316345,,odontologia3py,human,85,0,0,0,85,A
moni_zenanovich,Monica Zenanovich,https://www.instagram.com/moni_zenanovich,8911333932,,protectiondentalcenter,human,85,0,0,0,85,A
vincent_orti,Vincent Ortiz,https://www.instagram.com/vincent_orti,8915887060,,protectiondentalcenter,human,85,0,0,0,85,A
brasserie_nostradamus,Brasserie Nostradamus,https://www.instagram.com/brasserie_nostradamus,8921366513,,protectiondentalcenter,human,85,0,0,0,85,A
lucianagonz_psico,Luciana Gonzalez,https://www.instagram.com/lucianagonz_psico,8927821113,,protectiondentalcenter,human,85,0,0,0,85,A
silvia_osses,Silvia Osses,https://www.instagram.com/silvia_osses,8952925016,,protectiondentalcenter,human,85,0,0,0,85,A
lisboa_ivani,Ivani Lisboa,https://www.instagram.com/lisboa_ivani,8956278938,,protectiondentalcenter,human,85,0,0,0,85,A
beatrizlepe_fisioterapeuta,Beatriz Lepe,https://www.instagram.com/beatrizlepe_fisioterapeuta,8983901426,,protectiondentalcenter,human,85,0,0,0,85,A
clau_leguizamon,Claudia Leguizamon,https://www.instagram.com/clau_leguizamon,898946224,,odontospy,human,85,0,0,0,85,A
rochi_sandoval,Rochi Sandoval,https://www.instagram.com/rochi_sandoval,899176805,,protectiondentalcenter,human,85,0,0,0,85,A
batista_isabellaa,Batista Isabella,https://www.instagram.com/batista_isabellaa,9004460082,,protectiondentalcenter,human,85,0,0,0,85,A
tabata_willers,Tabata Willers,https://www.instagram.com/tabata_willers,9018854155,,protectiondentalcenter,human,85,0,0,0,85,A
monchi_vera,Monserrat Vera,https://www.instagram.com/monchi_vera,904242091,,odontologia3py,human,85,0,0,0,85,A
martita_jara,Marta Jara,https://www.instagram.com/martita_jara,907361223,,protectiondentalcenter,human,85,0,0,0,85,A
laury_ag,Laura Gill,https://www.instagram.com/laury_ag,910920623,,odontologia3py,human,85,0,0,0,85,A
raql_gon,Raquel Gonzalez,https://www.instagram.com/raql_gon,911284803,,odontologia3py,human,85,0,0,0,85,A
boysmom_eyc,Brunos Moms,https://www.instagram.com/boysmom_eyc,9139186765,,protectiondentalcenter,human,85,0,0,0,85,A
geles_morante,Geles Morante,https://www.instagram.com/geles_morante,9145418246,,protectiondentalcenter,human,85,0,0,0,85,A
dahia_fre,Dahiana Fretes,https://www.instagram.com/dahia_fre,914734301,,protectiondentalcenter,human,85,0,0,0,85,A
jessi_macb,Jessica Correa,https://www.instagram.com/jessi_macb,916056366,,odontospy,human,85,0,0,0,85,A
aldenise_kinha,Aldenise Souza,https://www.instagram.com/aldenise_kinha,917532391,,protectiondentalcenter,human,85,0,0,0,85,A
giannina_caballero,Giannina Caballero,https://www.instagram.com/giannina_caballero,917930046,,odontologia3py,human,85,0,0,0,85,A
lucero_irvine,Yissel Arroyo,https://www.instagram.com/lucero_irvine,918130312,,protectiondentalcenter,human,85,0,0,0,85,A
osc_wick,Oscar Wick,https://www.instagram.com/osc_wick,9193691620,,odontospy,human,85,0,0,0,85,A
mara_arrua,Mara Arrua,https://www.instagram.com/mara_arrua,923489852,,odontologia3py,human,85,0,0,0,85,A
leonor_vilches,Leonor Vilches,https://www.instagram.com/leonor_vilches,9259062626,,protectiondentalcenter,human,85,0,0,0,85,A
yessica_oviedob,Yessica Oviedo,https://www.instagram.com/yessica_oviedob,9277769799,,odontospy,human,85,0,0,0,85,A
rivas_anita,Anita Rivas,https://www.instagram.com/rivas_anita,927910638,,odontologia3py,human,85,0,0,0,85,A
glo_meza,Gloria Meza,https://www.instagram.com/glo_meza,928014738,,protectiondentalcenter,human,85,0,0,0,85,A
ofe_sotelo,Ofelia Sotelo,https://www.instagram.com/ofe_sotelo,9286039621,,protectiondentalcenter,human,85,0,0,0,85,A
anibal_lisboa,Anibal Lisboa,https://www.instagram.com/anibal_lisboa,930138249,,odontospy,human,85,0,0,0,85,A
ediith_leticia,Ediith Leticia,https://www.instagram.com/ediith_leticia,934260153,,protectiondentalcenter,human,85,0,0,0,85,A
clau_bengoechea,Clau Bengoechea,https://www.instagram.com/clau_bengoechea,934461015,,odontologia3py,human,85,0,0,0,85,A
kogut_iwona,Ivanka Czarny,https://www.instagram.com/kogut_iwona,9367057325,,protectiondentalcenter,human,85,0,0,0,85,A
cristhiane_molinas,Cristhiane Molinas,https://www.instagram.com/cristhiane_molinas,9389873694,,protectiondentalcenter,human,85,0,0,0,85,A
desiree_castellanos,Desiree Castellanos,https://www.instagram.com/desiree_castellanos,9389889044,,protectiondentalcenter,human,85,0,0,0,85,A
paula_sgwa,Paula Sgw,https://www.instagram.com/paula_sgwa,9399298673,,protectiondentalcenter,human,85,0,0,0,85,A
mica_bobadilla,Mica Bobadilla,https://www.instagram.com/mica_bobadilla,9407508770,,protectiondentalcenter,human,85,0,0,0,85,A
marisol_alvarezsc,Marisol Alvarez,https://www.instagram.com/marisol_alvarezsc,9419217935,,protectiondentalcenter,human,85,0,0,0,85,A
marylack_alves,Marylack Alves,https://www.instagram.com/marylack_alves,9419510363,,protectiondentalcenter,human,85,0,0,0,85,A
vivi_colpo,Viviane Colpo,https://www.instagram.com/vivi_colpo,943962504,,protectiondentalcenter,human,85,0,0,0,85,A
paredes_anto,Antonella Paredes,https://www.instagram.com/paredes_anto,945147436,,odontologia3py,human,85,0,0,0,85,A
leonor_py,Maria Mendoza,https://www.instagram.com/leonor_py,947763604,,odontospy,human,85,0,0,0,85,A
myle_alegre,Myriam Alegre,https://www.instagram.com/myle_alegre,9522255189,,odontologia3py,human,85,0,0,0,85,A
myrian_aponte,Myrian Aponte,https://www.instagram.com/myrian_aponte,955052772,,odontospy,human,85,0,0,0,85,A
pepe_sancheezz,Pepe Sanchez,https://www.instagram.com/pepe_sancheezz,956627053,,protectiondentalcenter,human,85,0,0,0,85,A
herma_amabelia,Herma Sanabria,https://www.instagram.com/herma_amabelia,959342677,,protectiondentalcenter,human,85,0,0,0,85,A
cacho_arias,Sebastian Arias,https://www.instagram.com/cacho_arias,960741316,,protectiondentalcenter,human,85,0,0,0,85,A
caro_subeldia,Caro Subeldia,https://www.instagram.com/caro_subeldia,961586822,,protectiondentalcenter,human,85,0,0,0,85,A
amanda_caballero,Amanda Caballero,https://www.instagram.com/amanda_caballero,961665059,,protectiondentalcenter,human,85,0,0,0,85,A
adiita_mor,Ada Morales,https://www.instagram.com/adiita_mor,963984450,,protectiondentalcenter,human,85,0,0,0,85,A
viviane_meira,Viviane Meira,https://www.instagram.com/viviane_meira,968669553,,protectiondentalcenter,human,85,0,0,0,85,A
otazu_vicky,Vicky Otazu,https://www.instagram.com/otazu_vicky,970126708,,protectiondentalcenter,human,85,0,0,0,85,A
gabrielle_flor,Gabrielle Flor,https://www.instagram.com/gabrielle_flor,970608801,,protectiondentalcenter,human,85,0,0,0,85,A
pastory_cristaldo,Pastory Cristaldo,https://www.instagram.com/pastory_cristaldo,973286758,,protectiondentalcenter,human,85,0,0,0,85,A
fati_torr,Fati Torres,https://www.instagram.com/fati_torr,9733427142,,odontologia3py,human,85,0,0,0,85,A
fialho_mari,Mari Fialho,https://www.instagram.com/fialho_mari,9737391832,,protectiondentalcenter,human,85,0,0,0,85,A
moises_etcheverry,Moises Etcheverry,https://www.instagram.com/moises_etcheverry,973975874,,protectiondentalcenter,human,85,0,0,0,85,A
vigo_alvarenga,Belen Vigo,https://www.instagram.com/vigo_alvarenga,974118296,,odontologia3py,human,85,0,0,0,85,A
marlle_gutierrez,Malle Gutierrez,https://www.instagram.com/marlle_gutierrez,9752565553,,protectiondentalcenter,human,85,0,0,0,85,A
villalba_majo,Majo Villalba,https://www.instagram.com/villalba_majo,975605005,,odontospy,human,85,0,0,0,85,A
cinty_cardozo,Cinthia Cardozo,https://www.instagram.com/cinty_cardozo,975863551,,protectiondentalcenter,human,85,0,0,0,85,A
cleeu_pereira,Cleu Pereira,https://www.instagram.com/cleeu_pereira,9768403785,,protectiondentalcenter,human,85,0,0,0,85,A
lizviana_recepciones,Liz Viana,https://www.instagram.com/lizviana_recepciones,979057131,,odontospy,human,85,0,0,0,85,A
enri_belg,Enrique Larroza,https://www.instagram.com/enri_belg,982543866,,odontospy,human,85,0,0,0,85,A
la_elimendoza,Elii Menndoza,https://www.instagram.com/la_elimendoza,983016333,,protectiondentalcenter,human,85,0,0,0,85,A
andi_soria,Andrea Soria,https://www.instagram.com/andi_soria,983385470,,odontologia3py,human,85,0,0,0,85,A
raque_hellmann,Raquel Hellmann,https://www.instagram.com/raque_hellmann,9841286506,,protectiondentalcenter,human,85,0,0,0,85,A
lisette_villagra,Lisette Villagra,https://www.instagram.com/lisette_villagra,9866131189,,protectiondentalcenter,human,85,0,0,0,85,A
galeano_san,Sandra Galeano,https://www.instagram.com/galeano_san,987013342,,odontologia3py,human,85,0,0,0,85,A
janeth_guichay,Janneth Guichay,https://www.instagram.com/janeth_guichay,9880158570,,protectiondentalcenter,human,85,0,0,0,85,A
kike_balbuena,Kike Balbuena,https://www.instagram.com/kike_balbuena,990458587,,odontospy,human,85,0,0,0,85,A
gissela_araujo,Gi Araujo,https://www.instagram.com/gissela_araujo,991018877,,protectiondentalcenter,human,85,0,0,0,85,A
myrian_cubilla,Myrian Cubilla,https://www.instagram.com/myrian_cubilla,991474409,,protectiondentalcenter,human,85,0,0,0,85,A
everlin_pires,Everlin Pires,https://www.instagram.com/everlin_pires,993675391,,odontologia3py,human,85,0,0,0,85,A
rosicler_jung,Keli Jung,https://www.instagram.com/rosicler_jung,9938095201,,protectiondentalcenter,human,85,0,0,0,85,A
susi_quinonez,Susana Quinonez,https://www.instagram.com/susi_quinonez,994387366,,protectiondentalcenter,human,85,0,0,0,85,A
ivanna_lemon,Ivanna Lemon,https://www.instagram.com/ivanna_lemon,997401889,,protectiondentalcenter,human,85,0,0,0,85,A
judithg_romero,Judith Romero,https://www.instagram.com/judithg_romero,9977207551,,protectiondentalcenter,human,85,0,0,0,85,A
mariana_laterza,Mariana Laterza,https://www.instagram.com/mariana_laterza,997885857,,protectiondentalcenter,human,85,0,0,0,85,A
claudia_colina,Claudia Colina,https://www.instagram.com/claudia_colina,998446755,,protectiondentalcenter,human,85,0,0,0,85,A
ale_mrtnzc,Ale Mrntz,https://www.instagram.com/ale_mrtnzc,9984560035,,protectiondentalcenter,human,85,0,0,0,85,A
magda_cena,Magda Cena,https://www.instagram.com/magda_cena,999086391,,protectiondentalcenter,human,85,0,0,0,85,A
