name,category,subcategory,city,neighborhood,address,lat,lng,phone,website,rating,total_reviews,has_website,deep_score,priority,types,corporate_score,_tier
Global Fitness Paraguay,Gimnasio/Fitness,General,Asunción,,"Av. República Argentina 1415 Esq, Asunción 001420, Paraguay",-25.3069771,-57.58373779999999,0981 205329,https://instagram.com/global_fit_py,4.8,200,True,100,A,establishment|gym|health|point_of_interest,100,A
Golden Gym,Gimnasio/Fitness,Gimnasio,Asunción,,"Teniente Héctor Vera, Asunción 001411, Paraguay",-25.2873162,-57.5751825,0981 660116,http://www.goldengym.com.py/,4.9,211,True,80,A,establishment|gym|health|point_of_interest,100,A
Spa Masculino A Cáceres - Masajes y Sauna,Spa/Wellness,Spa,Asunción,,"Sucre 1783 -25, 2913755 57, Asunción 001408, Paraguay",-25.2914042,-57.5723197,0983 481000,http://acaceres.com.py/,4.9,216,True,80,A,beauty_salon|establishment|hair_care|health|point_of_interest|spa,100,A
Urban Spa Acquadolce,Spa/Wellness,Spa,Asunción,,"Tacuary 1334 e/ 1ra. y 2da. Proyectada, Tacuary 1334, Asunción 001103, Paraguay",-25.295013,-57.6349107,0961 281515,,4.7,309,False,100,A,beauty_salon|establishment|hair_care|health|point_of_interest|spa,95,A
Gimnasio Top Gym,Gimnasio/Fitness,Gimnasio,Asunción,,"Iturbe 691, Asunción 001101, Paraguay",-25.2862073,-57.63379390000001,(021) 490 074,,4.5,203,False,100,A,establishment|gym|health|point_of_interest,95,A
Complejo Cocodrilo (Mburucuya Fitness),Gimnasio/Fitness,General,Asunción,,"PCJP+J48, Av. Santísima Trinidad, Asunción 001521, Paraguay",-25.2684588,-57.564666,0986 106062,,4.5,269,False,100,A,establishment|gym|health|point_of_interest,95,A
Urban Spa Calle 11,Spa/Wellness,Spa,Asunción,,"Intendentes Militares 857, Asunción 1409, Paraguay",-25.28112,-57.613248,0976 968585,http://www.calle11.net/,4.5,303,True,80,A,beauty_salon|establishment|health|point_of_interest|spa,95,A
GTC - Luque,Gimnasio/Fitness,General,Luque,,"America, Luque 110917, Paraguay",-25.2631849,-57.4995014,0991 470298,https://bento.me/gtc,4.8,114,True,75,A,establishment|gym|health|point_of_interest,90,A
CZ ALTO RENDIMIENTO DEPORTIVO,Gimnasio/Fitness,General,Asunción,,"QF44+9JC mi José María, Ocara poty, Asunción 0010, Paraguay",-25.24407,-57.5434748,0982 427692,https://www.instagram.com/cz_alto_rendimiento?igsh=MWY5bnM2MWphZDc3cA%3D%3D&utm_source=qr,4.8,175,True,95,A,establishment|gym|health|point_of_interest,90,A
Gimnasio Nueva Onda El Templo,Gimnasio/Fitness,Gimnasio,Asunción,,"Brasil &, P93C+V6Q, República de Colombia, Asunción 001221, Paraguay",-25.2952906,-57.629382,(021) 450 306,https://instagram.com/nueva_onda?igshid=1fcnvhc8zz079,4.8,136,True,95,A,establishment|gym|health|point_of_interest,90,A
Lyon Gym,Gimnasio/Fitness,Gimnasio,Asunción,,"Av. Primer Presidente, Asunción 001518, Paraguay",-25.2518711,-57.57947919999999,0986 657777,,4.8,148,False,100,A,establishment|gym|health|point_of_interest,90,A
HidroBaby | Babyspa | Spa de bebés | Hidroestimulación,Spa/Wellness,Spa,Asunción,,"Del Maestro, Asunción 001408, Paraguay",-25.2935832,-57.57403309999999,0993 444000,,5.0,736,False,100,A,establishment|point_of_interest|spa,85,A
Gimnasio Forma Fisica,Gimnasio/Fitness,Gimnasio,Asunción,,"y, Senador Huey Pierce Long &, Olegario Víctor Andrade, Asunción 001411, Paraguay",-25.2928036,-57.5785172,(021) 600 874,https://m.facebook.com/gimnasioformafisica/,4.6,169,True,95,A,establishment|gym|health|point_of_interest,85,A
Carolina Zarate Spa,Spa/Wellness,Spa,Asunción,,"Mariscal Antonio Jose Sucre, Asunción 001411, Paraguay",-25.2905983,-57.5749821,0981 800788,https://www.instagram.com/carolinazaratespa/,4.8,205,True,100,A,establishment|point_of_interest|spa,85,A
Mburucuya Fitness Center,Gimnasio/Fitness,Gimnasio,Asunción,,"Dr. Hipólito Carrón esquina, Asunción 001520, Paraguay",-25.2726365,-57.56723609999999,0992 446377,https://www.instagram.com/mburucuyafitnesscenter/,4.7,112,True,95,A,establishment|gym|health|point_of_interest,85,A
Zona Fit del Paseo,Gimnasio/Fitness,General,Asunción,,"Avda. Santa Teresa entre, Av. Aviadores del Chaco y, Asunción 001410, Paraguay",-25.2848618,-57.56349830000001,0986 108875,https://zonafit.com.py/,4.6,144,True,75,A,establishment|gym|health|point_of_interest,85,A
BIGG Herrera,Gimnasio/Fitness,General,Asunción,,"Del Maestro 3143, Asunción 001406, Paraguay",-25.301549,-57.5578818,0981 643222,https://bigg.fit/herrera/,4.7,160,True,75,A,establishment|gym|health|point_of_interest,85,A
Premier Fitness Club Asunción,Gimnasio/Fitness,General,Asunción,,"General Bernardo O'Higgins 25, 2923941 57, Asunción 1411, Paraguay",-25.2916469,-57.57462939999999,0972 141444,http://www.fb.com/premierfitnessclubasuncion,4.7,119,True,75,A,establishment|gym|health|point_of_interest,85,A
Natura Spa,Spa/Wellness,Spa,Asunción,,"Bélgica 853 entre, Eusebio Lillo Robles y, Asunción 1829, Paraguay",-25.290441,-57.5678982,0981 169164,http://www.naturaspa.com.py/,4.7,152,True,75,A,establishment|gym|hair_care|health|point_of_interest|spa,85,A
Body Wellness Gym,Spa/Wellness,Gimnasio,Luque,,"PGP4+585, Comandante Peralta, Luque 110918, Paraguay",-25.2646226,-57.4941403,(021) 653 355,,4.5,114,False,100,A,establishment|gym|health|point_of_interest,85,A
Tabarelli Training Center,Gimnasio/Fitness,General,Luque,,"PGM3+6XJ, Av. Gral. Aquino, Luque 110932, Paraguay",-25.2669044,-57.4951059,(021) 655 172,,4.5,153,False,100,A,establishment|gym|health|point_of_interest,85,A
Full Fitness Gym,Gimnasio/Fitness,Gimnasio,Luque,,"PGP3+277, Mariscal Lopez, Luque 110918, Paraguay",-25.2649717,-57.49681779999999,(021) 640 740,,4.7,197,False,100,A,establishment|gym|health|point_of_interest,85,A
The Yoga Garden Paraguay,Gimnasio/Fitness,Yoga/Pilates,Asunción,,"Dr. Justo Prieto 3774, Asunción 001229, Paraguay",-25.2970334,-57.59750700000001,0981 498080,http://www.facebook.com/theyogagardenparaguay,5.0,69,True,90,A,establishment|gym|health|point_of_interest,80,A
AF Studio Barber,Barberia,General,Asunción,,"Av. Santísima Trinidad 1370, Asunción 001519, Paraguay",-25.2684782,-57.5646826,0994 879222,https://www.barberia.com.py/,4.9,245,True,75,A,establishment|hair_care|health|point_of_interest,80,A
Karai Barbero,Barberia,General,Asunción,,"23 De Octubre 292, Asunción 001411, Paraguay",-25.288638,-57.5878874,0981 541932,https://agendit.com.py/business/97781,5.0,220,True,75,A,establishment|hair_care|health|point_of_interest,80,A
Mbarete CrossFit,Gimnasio/Fitness,CrossFit,Luque,,"QF4W+V26, America, Luque 2060, Paraguay",-25.2428291,-57.5049714,0986 224939,https://instagram.com/mbarete_rakiura,4.8,51,True,90,A,establishment|gym|health|point_of_interest,80,A
PIBA estetica y depilación,Estetica/Facial,General,Asunción,,"PC3C+XQP, Av. Mariscal López, Asunción 1814, Paraguay",-25.2951899,-57.5785654,0994 242249,https://www.instagram.com/piba.estetica/,4.9,327,True,90,A,beauty_salon|establishment|hair_care|health|point_of_interest,80,A
DepiDermo - Especialistas en Depilación,Salon de Belleza,General,Asunción,,"Av. Juscelino Kubitschek 780, Asunción 001228, Paraguay",-25.3010194,-57.6062412,0981 137204,https://www.depidermo.com/,4.9,277,True,77,A,beauty_salon|establishment|hair_care|health|point_of_interest,80,A
Centro de Depilación Láser Diodo - DepilArte,Salon de Belleza,General,Asunción,,"Senador Huey Pierce Long 566, Asunción 001411, Paraguay",-25.2901933,-57.57727339999999,0981 560959,https://depilarte.com.py/,4.9,287,True,77,A,beauty_salon|establishment|hair_care|health|point_of_interest,80,A
RENUVA - Clínica estética y laser,Depilacion,Depilacion Laser,Asunción,,"Eusebio Lillo Robles 1498 esq, Asunción 001411, Paraguay",-25.2893184,-57.57473409999999,0981 521527,,4.8,248,False,100,A,establishment|health|point_of_interest,80,A
Centro Médico Corppolive,Otros,General,Asunción,,"Santisimo Sacramento 3069, Asunción 001519, Paraguay",-25.2553413,-57.5772593,0971 568547,,5.0,259,False,100,A,establishment|health|hospital|point_of_interest,80,A
BIGG La Peregrina,Gimnasio/Fitness,General,Asunción,,"Augusto Roa Bastos 425 casi, Asunción 1530, Paraguay",-25.2843248,-57.5808311,0982 220364,http://www.bigg.fit/,4.8,67,True,70,A,establishment|gym|health|point_of_interest,80,A
TAJOS Barberos (Central),Barberia,General,Asunción,,"Denis Roa 673, Asunción 1829, Paraguay",-25.2959437,-57.56232910000001,0982 473078,,4.9,237,False,100,A,establishment|hair_care|health|point_of_interest,80,A
Zona Fit - Plaza Madero,Gimnasio/Fitness,General,Luque,,"Autopista Silvio Pettirossi, &, Luque 110917, Paraguay",-25.2560188,-57.5123275,0986 108875,,4.8,80,False,100,A,establishment|gym|health|point_of_interest,80,A
Gtc Mcal CrossFit,Gimnasio/Fitness,CrossFit,Asunción,,"Tte. Jara Troche, Asunción 001208, Paraguay",-25.2908769,-57.6075855,0971 666944,,4.8,66,False,100,A,establishment|gym|health|point_of_interest,80,A
Apple Wellness Gym,Spa/Wellness,Gimnasio,Asunción,,"Av. Mariscal López, Asunción 001412, Paraguay",-25.295397,-57.57870130000001,0982 828165,,4.8,62,False,100,A,establishment|gym|health|point_of_interest,80,A
Luque Training,Gimnasio/Fitness,General,Luque,,"Del Maestro Chei, Cnel. Oviedo, Luque 110933, Paraguay",-25.2690763,-57.5002178,0984 910808,,4.9,66,False,100,A,establishment|gym|health|point_of_interest,80,A
Depyless Depilación Médica Láser Centro Oficial de Soprano Titanium,Salon de Belleza,General,Asunción,,"Eusebio Lillo Robles 1109 Esquina, Asunción 1813, Paraguay",-25.2874744,-57.5786402,0981 252511,http://www.depyless.com/,5.0,987,True,77,A,beauty_salon|establishment|hair_care|health|point_of_interest,80,A
Urban Spa Calle 11 - Mburucuya,Spa/Wellness,Spa,Asunción,,"Padre José Félix González, Asunción 001531, Paraguay",-25.267154,-57.5760357,0974 968585,http://www.calle11.net/,4.5,439,True,80,A,establishment|point_of_interest|spa,80,A
Essencial SPA,Spa/Wellness,Spa,Luque,,"Luque 110933, Paraguay",-25.2711943,-57.5002259,0982 338886,,4.6,285,False,100,A,establishment|point_of_interest|spa,80,A
Clinica Dr.T,Spa/Wellness,General,Asunción,,"Soldado Desconocido 125, Asunción 0000, Paraguay",-25.285341,-57.5828088,(021) 602 490,,4.8,53,False,100,A,establishment|health|point_of_interest|spa,80,A
DepiLife,Salon de Belleza,General,Asunción,,"Eusebio Lillo Robles 1281, Asunción 1849, Paraguay",-25.287933,-57.57711880000001,0984 639623,https://www.depilife.com.py/,4.9,221,True,77,A,beauty_salon|establishment|hair_care|health|point_of_interest,80,A
💈Top Paraguay 🏳️‍🌈 Barberia & Peluquería (Exclusivo),Peluqueria,General,Asunción,,"Edificio Lider 1, Juan E. O'Leary 625 Esq, Asunción 625, Paraguay",-25.282155,-57.63988029999999,0984 333414,https://wa.link/veppcy,5.0,337,True,77,A,establishment|hair_care|health|point_of_interest|store,80,A
Espacio Samu´u,Spa/Wellness,Spa,Asunción,,"Caballero 773, Asunción 001101, Paraguay",-25.2874189,-57.6336457,0981 730492,https://www.instagram.com/espaciosamuu/,4.8,75,True,90,A,establishment|food|grocery_or_supermarket|gym|health|point_of_interest|store,80,A
Guapa Spa de Uñas y Estética,Spa/Wellness,Spa,Asunción,,"Doctor Juan Eulogio Estigarribia &, Charles De Gaulle, Asunción 001412, Paraguay",-25.2958029,-57.5804673,0981 192526,https://guapaturnos.simplybook.me/v2/,4.7,332,True,80,A,beauty_salon|establishment|hair_care|point_of_interest|spa,80,A
Club Varsovia,Peluqueria,General,Asunción,,"Sgto. José León Gauto, Asunción 001207, Paraguay",-25.2816806,-57.59973710000001,0981 333303,https://www.clubvarsovia.com/,4.8,246,True,77,A,establishment|hair_care|health|point_of_interest,80,A
Gorilla's Gym,Gimnasio/Fitness,Gimnasio,Asunción,,"Itapua 822, Asunción 001531, Paraguay",-25.2643872,-57.58057849999999,0994 462100,,4.8,67,False,100,A,establishment|gym|health|point_of_interest,80,A
💈| Los Barberos de López ✅ - Barbería y Peluquería Premium - Barber Top Shop Abierta 24 h -cerca de Asunción @barberosdelopez,Peluqueria,General,Asunción,,"25 de Mayo 369 esquina, Asunción 001101, Paraguay",-25.284535,-57.63190789999999,0971 838282,https://www.barberos.com.py/,4.9,2169,True,77,A,beauty_salon|cafe|establishment|food|hair_care|health|point_of_interest|spa|store,80,A
Velours Clínica Medicina Estética,Salon de Belleza,General,Asunción,,"Papa Juan XXIII y, Asunción 001529, Paraguay",-25.2812609,-57.569156,0991 855939,https://velours.com.py/,5.0,1278,True,77,A,beauty_salon|establishment|hair_care|health|point_of_interest|store,80,A
SERGIO FITNESS CENTER,Gimnasio/Fitness,Gimnasio,Luque,,"José Concepción Ortíz, Luque 110929, Paraguay",-25.2709738,-57.47703249999999,0986 135278,,4.8,58,False,100,A,establishment|gym|health|point_of_interest,80,A
Spa Tiger,Spa/Wellness,Spa,Asunción,,"Europa 2186, Asunción 001236, Paraguay",-25.3052876,-57.6190718,0994 201066,,4.2,286,False,100,A,establishment|point_of_interest|spa,75,A
Fit for Life,Gimnasio/Fitness,General,Asunción,,"PCJM+FX2, Asunción 001520, Paraguay",-25.2688647,-57.5651145,0985 402825,https://instagram.com/fitforlifepy?igshid=YmMyMTA2M2Y=,4.6,62,True,90,A,establishment|gym|health|point_of_interest,75,A
SAGA GYM,Gimnasio/Fitness,Gimnasio,Asunción,,"Augusto Roa Bastos 441, Asunción 001530, Paraguay",-25.2827379,-57.58027809999999,0981 704604,http://www.facebook.com/sagagympy,4.7,92,True,90,A,establishment|gym|health|point_of_interest,75,A
Oh! Baby Spa,Spa/Wellness,Spa,Luque,,"PGMH+987, Hernandarias, Luque 110922, Paraguay",-25.2665827,-57.4717046,0982 357778,,5.0,161,False,100,A,establishment|point_of_interest|spa,75,A
Beauty & Spa Body Line,Spa/Wellness,Spa,Asunción,,"Cedro 1168 casi Pilar Asunción, Cedro 1168, Asunción 1911, Paraguay",-25.3221761,-57.5926049,(021) 551 797,https://www.facebook.com/bodylinebeutyspa/,4.4,287,True,97,A,establishment|point_of_interest|spa,75,A
"INA STYLE Pelucas, BARBERIA, extensiones, alargues, coletas, apliques hair topper. Cabello 100% natural. ALQUILER",Peluqueria,General,Asunción,,"Enrique Solano López N° 914, Asunción 001205, Paraguay",-25.2816988,-57.6021989,0971 147251,https://www.instagram.com/inastylepy/?hl=es,4.7,330,True,97,A,establishment|hair_care|health|point_of_interest|store,75,A
Hidrobaby Luque,Spa/Wellness,General,Luque,,"Dora Gomez Bueno de Acuña, Luque 0000, Paraguay",-25.2669481,-57.48366360000001,0993 444300,,4.9,196,False,100,A,establishment|point_of_interest|spa,75,A
Fibra Academia,Gimnasio/Fitness,General,Asunción,,"Caracas 294, Asunción 1209, Paraguay",-25.2586913,-57.5780947,(021) 280 084,,4.6,73,False,100,A,establishment|gym|health|point_of_interest,75,A
LUQUE FIT Made in La República,Gimnasio/Fitness,General,Luque,,"Julio Correa, &, Luque 110929, Paraguay",-25.2709093,-57.4830675,0992 263249,,4.7,88,False,100,A,establishment|gym|health|point_of_interest,75,A
Mudraa Spa Py,Spa/Wellness,Spa,Asunción,,"Carmen Soler 3640 c, Asunción 0000, Paraguay",-25.2987219,-57.6004613,0971 186989,https://www.instagram.com/mudraa.py/,4.9,116,True,95,A,establishment|point_of_interest|spa,75,A
La Guarida Barberos,Barberia,General,Asunción,,"Moisés Bertoni esquina, Asunción 001411, Paraguay",-25.2889606,-57.5824073,0971 656656,http://www.instagram.com/laguarida.barberos,4.7,250,True,95,A,establishment|hair_care|health|point_of_interest,75,A
Barbas Barbershop,Barberia,General,Asunción,,"Chóferes Del Chaco 9001 A Asunción, Asunción 9001, Paraguay",-25.3009262,-57.59370089999999,0972 400517,https://www.facebook.com/barbasparaguay/,4.7,347,True,95,A,bar|establishment|hair_care|health|point_of_interest,75,A
ONE GYM,Gimnasio/Fitness,Gimnasio,Luque,,"Sportivo Luqueño, Luque 110930, Paraguay",-25.2723829,-57.4914101,0984 902237,,4.5,82,False,100,A,establishment|gym|health|point_of_interest,75,A
Sempre Bela Fisio Estética,Spa/Wellness,General,Asunción,,"Asunción 001522, Paraguay",-25.2611875,-57.55643749999999,0986 663434,,4.9,116,False,100,A,establishment|point_of_interest|spa,75,A
SG training,Gimnasio/Fitness,General,Asunción,,"PCJ6+MHW, Sgto. Toribio Valinotti, Asunción 001533, Paraguay",-25.2682684,-57.588542,0992 315496,,4.7,84,False,100,A,establishment|gym|health|point_of_interest,75,A
Aerofisic,Gimnasio/Fitness,General,Asunción,,"PC5C+FC2, Del Maestro, Asunción 001411, Paraguay",-25.2913559,-57.57899399999999,0984 392700,,4.6,74,False,100,A,establishment|gym|health|point_of_interest,75,A
Po Renda Spa de Manos y Pies,Spa/Wellness,Spa,Asunción,,"Mayor José Lamas Carísimo 716, Asunción 001417, Paraguay",-25.3088972,-57.5632996,0983 041081,,4.7,88,False,100,A,beauty_salon|establishment|hair_care|health|point_of_interest|store,75,A
Gimnasio Get Fit,Gimnasio/Fitness,Gimnasio,Asunción,,"PCG7+Q33, Profesor Mario Mariotti, Asunción 001534, Paraguay",-25.2727381,-57.58748989999999,0981 764258,,4.7,54,False,100,A,establishment|gym|health|point_of_interest,75,A
Teranu,Spa/Wellness,General,Asunción,,"Guillermo Saraví, Asunción 001414, Paraguay",-25.3019804,-57.5906093,0971 252626,,4.8,184,False,100,A,establishment|point_of_interest|spa,75,A
Premier Fitness Club - Paseo Los Arboles,Gimnasio/Fitness,General,Asunción,,"PC5G+F2X, Av. Gral. José de San Martín, Asunción 001408, Paraguay",-25.2921004,-57.57386389999999,0972 141444,https://api.whatsapp.com/send/?phone=595972141444&text&type=phone_number&app_absent=0,4.3,86,True,67,B,establishment|gym|health|point_of_interest,70,A
La Logia Barberos - Vintage Club,Barberia,General,Luque,,"Barrio Primavera, Luque 110929, Paraguay",-25.270496,-57.4796902,0985 955741,https://linktr.ee/lalogiabarberos,4.9,121,True,70,A,beauty_salon|establishment|hair_care|health|point_of_interest|store,70,A
TAJOS Barberos (Superseis),Barberia,General,Asunción,,"Denis Roa 1121, Asunción 001409, Paraguay",-25.2924375,-57.5601425,0982 473078,,4.8,132,False,100,A,establishment|hair_care|health|point_of_interest,70,A
Lourdes Elli Belleza y Spa,Spa/Wellness,Spa,Asunción,,"MCJF+JPQ, Av. La Victoria, Asunción 001427, Paraguay",-25.3184121,-57.5756344,(021) 503 329,,4.6,133,False,100,A,beauty_salon|establishment|point_of_interest|spa,70,A
Club Varsovia - Los Laureles,Peluqueria,General,Asunción,,"Pancha Garmendia 5859, Asunción 001415, Paraguay",-25.3052537,-57.576002,0982 333777,https://www.clubvarsovia.com/,4.9,146,True,72,A,establishment|hair_care|health|point_of_interest,70,A
Renacer Spa,Spa/Wellness,Spa,Luque,,"PGH2+5RR, Luis Alberto de Herrera, Luque 110932, Paraguay",-25.2720048,-57.4979782,0982 450269,,4.5,163,False,100,A,establishment|point_of_interest|spa,70,A
Flow Wellness Center / DOTERRA DISTRIBUIDOR,Spa/Wellness,General,Asunción,,"Luis Morales 856, Asunción 1701, Asunción 1701, Paraguay",-25.2822119,-57.5995798,0981 879864,,4.8,33,False,90,A,establishment|gym|health|point_of_interest,70,A
ARMOR Cross & Functional,Gimnasio/Fitness,General,Asunción,,"Av. Primer Presidente 1.478, Asunción 001519, Paraguay",-25.2542615,-57.5746766,0981 616391,,5.0,41,False,90,A,establishment|gym|health|point_of_interest,70,A
Box_evolution_luque,Gimnasio/Fitness,CrossFit,Luque,,"QG5F+5C4, Luque 110905, Paraguay",-25.2421004,-57.4764053,0992 207880,https://www.instagram.com/box_evolution_luque?igsh=eng3d29sdDJ6OXRl,5.0,30,True,80,A,establishment|gym|health|point_of_interest,70,A
Yoga en el Centro,Gimnasio/Fitness,Yoga/Pilates,Asunción,,"Manuel Gondra 1738 E, Tte. Garay y, Asunción 1014, Paraguay",-25.3111359,-57.62074049999999,0981 400800,https://www.facebook.com/yogaenelcentro/about_contact_and_basic_info?locale=br_FR,5.0,45,True,80,A,establishment|gym|health|point_of_interest,70,A
Tomos Barbería,Barberia,General,Luque,,"José Bonifacio y, Luque 110934, Paraguay",-25.2657495,-57.5047598,0972 477929,,4.9,112,False,100,A,establishment|hair_care|health|point_of_interest,70,A
Venebarbershop,Barberia,General,Asunción,Fernando Zona Sur,"Fernando de la Mora sur, Asunción 2300, Paraguay",-25.346156,-57.54953599999999,0983 413941,https://www.instagram.com/jesusbarbershop89?igsh=anVvZmp1eXFhNTkz&utm_source=qr,5.0,184,True,90,A,establishment|hair_care|health|point_of_interest,70,A
MACUTO barberia,Barberia,General,Asunción,,"Teniente Héctor Vera 1415, Asunción 001411, Paraguay",-25.28741,-57.5752415,0986 444489,https://www.instagram.com/macutobarberos/,4.9,117,True,90,A,establishment|hair_care|health|point_of_interest,70,A
Estudio Bindu,Gimnasio/Fitness,General,Asunción,,"PC68+P5Q, Moisés Bertoni, Asunción 001411, Paraguay",-25.2881571,-57.58453050000001,0982 185075,,4.9,33,False,90,A,establishment|gym|health|point_of_interest,70,A
Fígaro Barbería Sucursal 3,Barberia,General,Luque,,"Gral. Bernardino Caballero 92, Luque 2060, Paraguay",-25.2684367,-57.4944863,0991 900820,https://instagram.com/figaro.py?igshid=YmMyMTA2M2Y=,4.4,225,True,92,A,establishment|hair_care|health|point_of_interest,70,A
Exen Gym - Luque,Gimnasio/Fitness,Gimnasio,Luque,,"Comandante Peralta, Luque 110918, Paraguay",-25.2646333,-57.49412519999999,0971 224640,https://exen.com.py/,4.8,46,True,60,B,establishment|gym|health|point_of_interest,70,A
Amano Spa de manos y pies,Spa/Wellness,Spa,Asunción,,"Federación Rusa 1215, Asunción 001527, Paraguay",-25.2795764,-57.5722101,0981 714783,https://www.instagram.com/amanospa.py/,4.7,116,True,95,A,beauty_salon|establishment|point_of_interest|spa,70,A
Ashtanga Yoga Paraguay (Hari Gopal Yoga),Gimnasio/Fitness,Yoga/Pilates,Asunción,,"Caracas 506, Asunción 001519, Paraguay",-25.257197,-57.5807636,0971 347938,,5.0,46,False,90,A,establishment|gym|health|point_of_interest,70,A
Giselle Lahaye Pilates,Gimnasio/Fitness,Yoga/Pilates,Asunción,,"Sgto. José León Gauto 394, Asunción 001207, Paraguay",-25.2819594,-57.5982922,0981 698517,,4.9,38,False,90,A,establishment|gym|health|point_of_interest,70,A
3F training,Gimnasio/Fitness,General,Luque,,"PGR3+8PP, Luque 110918, Paraguay",-25.2591602,-57.4956753,0984 350723,,5.0,37,False,90,A,establishment|gym|health|point_of_interest,70,A
Calma tu alma estética integral central,Spa/Wellness,General,Asunción,,"Av. España 2031 casi, Asunción 2060, Paraguay",-25.2879066,-57.601607,0983 444427,http://www.facebook.com/calmatualmaspa,4.6,159,True,95,A,establishment|point_of_interest|spa,70,A
Barbas,Peluqueria,General,Asunción,,"Julio Correa 450, Asunción 001526, Paraguay",-25.2717785,-57.56485249999999,0972 500517,https://www.facebook.com/barbasparaguay/,4.8,144,True,92,A,bar|establishment|hair_care|health|point_of_interest,70,A
Rebellion Sauna,Spa/Wellness,General,Asunción,,"Av. Perú 689 esquina, Asunción 001224, Paraguay",-25.293122,-57.6217276,0973 136666,,4.3,93,False,97,A,establishment|health|point_of_interest|spa,70,A
Silana,Spa/Wellness,General,Asunción,,"Av. Bruno Guggiari 438, Asunción 110707, Paraguay",-25.3377295,-57.622255,(021) 333 990,,4.8,80,False,100,A,establishment|point_of_interest|spa,65,A
Andessa Beauty Spa,Spa/Wellness,Spa,Asunción,,"Moisés Bertoni 2829, Asunción 1234, Paraguay",-25.2982342,-57.56152580000001,0972 117210,,5.0,86,False,100,A,establishment|point_of_interest|spa,65,A
SB Pilates & Wellness,Spa/Wellness,Yoga/Pilates,Asunción,,"Juan Max Boettner 1216, Asunción 001527, Paraguay",-25.2798562,-57.5643652,0985 444544,,4.7,37,False,90,A,establishment|gym|health|point_of_interest,65,A
Grafic Sport,Gimnasio/Fitness,General,Asunción,,"Av. Eusebio Ayala 677, Asunción 001226, Paraguay",-25.3019268,-57.61607040000001,0985 587371,https://www.graficsport.com.py/,4.3,127,True,72,A,establishment|point_of_interest|store,65,A
Blondas Beauty House - Cosméticos,Otros,General,Asunción,,"Av. Aviadores del Chaco N° 2574, Asunción 001401, Paraguay",-25.2823882,-57.5616624,0984 444900,https://www.blondas.com.py/,5.0,822,True,70,A,establishment|point_of_interest|store,65,A
Bonita Depilaciones,Depilacion,General,Asunción,,"Isaac Kostianovsky 5874, Asunción 1001, Paraguay",-25.3095138,-57.577589,0985 881864,,4.9,231,False,100,A,beauty_salon|clothing_store|establishment|hair_care|point_of_interest|store,65,A
Masaje RUSO,Spa/Wellness,General,Asunción,,"Eusebio Lillo Robles 2808, Asunción 001407, Paraguay",-25.2930583,-57.5584476,0991 369971,,5.0,87,False,100,A,establishment|point_of_interest,65,A
Cuerpo Armónico by Clara Gaona,Spa/Wellness,General,Asunción,,"Av. Dr. José Gaspar Rodriguez de Francia, Asunción 001103, Paraguay",-25.2924566,-57.63628379999999,0981 823279,https://www.facebook.com/cuerpoarmonico/,4.4,146,True,92,A,establishment|point_of_interest|spa,65,A
Guarani Hispanic University,Spa/Wellness,Spa,Asunción,,"Av. República Argentina casi, Asunción 3379, Paraguay",-25.3135169,-57.5881018,(021) 615 951,http://uhg.edu.py/,4.8,73,True,70,A,establishment|point_of_interest|university,65,A
Galilea Estetica,Estetica/Facial,General,Asunción,,"Sta. Rosa 944 c, Asunción 1411, Paraguay",-25.2826214,-57.59021970000001,0994 681789,,5.0,395,False,100,A,establishment|point_of_interest|store,65,A
KS Nails & Eyebrowns,Uñas/Nails,Salon Uñas,Asunción,,"Nazareth 306 casi, Asunción 001422, Paraguay",-25.3121465,-57.591868,0993 351676,https://instagram.com/ksmicrobladingpy?igshid=MmIzYWVlNDQ5Yg==,5.0,211,True,90,A,beauty_salon|establishment|point_of_interest|spa|store,65,A
Figaro Barberia Casa Central,Barberia,General,Luque,,"PFCJ+MGC, C. Leonismo Luqueño, Luque 110946, Paraguay",-25.2783008,-57.5187323,0992 259000,https://www.facebook.com/Figaro-Barber%C3%ADa-2272523329635458/,4.5,134,True,90,A,establishment|hair_care|health|point_of_interest,65,A
MBARETE CrossFit,Gimnasio/Fitness,CrossFit,Asunción,,"Eusebio Lillo Robles, Asunción 001406, Paraguay",-25.2932183,-57.55508299999999,0981 276708,,4.7,38,False,90,A,establishment|gym|health|point_of_interest,65,A
Fabiana Oneto PILATES & CIA.,Gimnasio/Fitness,Yoga/Pilates,Asunción,,"Orihuela y, Asunción 001001, Paraguay",-25.2947501,-57.6673372,0981 418817,,4.7,45,False,90,A,establishment|gym|health|point_of_interest,65,A
Body Gym Center,Gimnasio/Fitness,Gimnasio,Luque,,"Mauricio Jose Troche casi Tt.e Herrero Bueno, PGP4+2PC, M. Troche, Luque 110918, Paraguay",-25.2649401,-57.49323380000001,0981 911016,,4.6,47,False,90,A,establishment|gym|health|point_of_interest,65,A
Garage cross centro,Gimnasio/Fitness,General,Asunción,,"Av Ygatimi &, P972+GRW, Hernandarias, Asunción 001009, Paraguay",-25.2861325,-57.64793319999999,0991 487883,,4.5,34,False,90,A,establishment|gym|health|point_of_interest,65,A
Bandido tatuajes Py,Spa/Wellness,General,Asunción,,"Av. Dr. José Gaspar Rodriguez de Francia, Asunción 001221, Paraguay",-25.2978904,-57.62713110000001,0972 815410,https://www.instagram.com/bandi_tatuador?igsh=M2x5MWpsamNweTli&utm_source=qr,4.9,60,True,90,A,establishment|point_of_interest|store,65,A
Barber Shop Py,Barberia,Barberia Moderna,Asunción,,"Cardenal Roig 1037, Asunción 1820, Paraguay",-25.2920428,-57.56269349999999,0991 721473,,5.0,65,False,95,A,establishment|hair_care|health|point_of_interest,60,A
Movida Pilates,Gimnasio/Fitness,Yoga/Pilates,Asunción,,"entre Ingavi y el carmen, Madrinas de la Guerra del Chaco, Asunción 0000, Paraguay",-25.3171228,-57.6279573,0982 919836,https://www.instagram.com/movida.pilatespy/,5.0,7,True,70,A,establishment|gym|health|point_of_interest,60,A
Que Chevere Barbería,Barberia,General,Asunción,,"Coronel Juan Antonio Escurra, &, Asunción 001409, Paraguay",-25.2932167,-57.5518893,0982 246052,,4.8,77,False,95,A,establishment|hair_care|health|point_of_interest,60,A
Pachamama - Yoga Las Mercedes,Gimnasio/Fitness,Yoga/Pilates,Asunción,,"Luis Morales 856 entre, Sgto. José León Gauto y, Asunción 001207, Paraguay",-25.2829134,-57.59979079999999,0986 180057,,5.0,2,False,75,A,establishment|gym|health|point_of_interest,60,A
Ananda Yoga,Gimnasio/Fitness,Yoga/Pilates,Asunción,,"MFW5+VXX, Teresa Lamas Caríssimo, Asunción 110302, Paraguay",-25.3027625,-57.54001559999999,0971 376540,https://www.instagram.com/ananda_yogapy?igsh=cmpkeGl5cXZ1czI=,4.9,10,True,75,A,establishment|gym|health|point_of_interest,60,A
Qí Pilates,Gimnasio/Fitness,Yoga/Pilates,Asunción,,"Capitan Vicente Suarez 2115, Asunción 001520, Paraguay",-25.268146,-57.57198030000001,0981 509342,,5.0,2,False,75,A,establishment|gym|health|point_of_interest,60,A
Esteban Tatto & Body Piercing,Tatuajes/Piercing,Piercing Studio,Asunción,,"Belgica 866 e/ Lillo y Teniente Ver, Asunción 001409, Paraguay",-25.2904401,-57.567501,0981 556506,http://www.estebantattoo.com/,4.7,620,True,70,A,establishment|point_of_interest,60,A
Pilates Health,Gimnasio/Fitness,Yoga/Pilates,Asunción,,"San Miguel, &, Asunción 001206, Paraguay",-25.268958,-57.5942212,(021) 213 115,https://www.facebook.com/Pilates-Health-169210656453841/?ref=bookmarks,4.8,8,True,70,A,establishment|gym|health|point_of_interest,60,A
Nutrimart.,Otros,General,Asunción,,"Avda. Perú &, Herrera, Asunción 001220, Paraguay",-25.2929281,-57.62197070000001,0986 823080,http://nutrimart.com.py/,4.6,220,True,70,A,establishment|food|grocery_or_supermarket|point_of_interest|store,60,A
Nutrifit Spa y Belleza Los Laureles,Spa/Wellness,Spa,Asunción,,"Teresa Lamas Carísimo 5842 casi, Asunción 001420, Paraguay",-25.3123674,-57.5792976,0981 100018,,4.5,77,False,100,A,establishment|point_of_interest|spa,60,A
Áva Mariscal,Peluqueria,General,Asunción,,"Av. Mariscal López 4561, Asunción 1863, Paraguay",-25.2977313,-57.5708997,0994 558853,,4.6,235,False,100,A,establishment|hair_care|point_of_interest,60,A
JE Studio Pilates Yoga,Gimnasio/Fitness,Yoga/Pilates,Asunción,,"Sucre N° 1984, casi, Asunción 001408, Paraguay",-25.2921293,-57.57019939999999,0973 203323,https://www.instagram.com/jestudiopilatesyoga,5.0,7,True,70,A,establishment|gym|health|point_of_interest,60,A
Apolo Gym,Gimnasio/Fitness,Gimnasio,Luque,,"QG57+W4F, Luque 2060, Paraguay",-25.2405477,-57.4869915,0982 038719,https://instagram.com/apologym_py?igshid=ZDdkNTZiNTM=,4.9,8,True,70,A,establishment|gym|health|point_of_interest,60,A
Calm Pilates,Gimnasio/Fitness,Yoga/Pilates,Luque,,"2060, Luque 2060, Paraguay",-25.2641557,-57.51206139999999,0986 912583,https://www.instagram.com/calmpilatespy?igsh=MW1vbjY1N216cWV6MA==,4.8,6,True,70,A,establishment|gym|health|point_of_interest,60,A
Teatro Guaraní,Otros,General,Asunción,,"Independencia Nacional &, Oliva esq, Asunción 001101, Paraguay",-25.2840714,-57.6348447,0972 452099,http://www.hotelguarani.com.py/es/teatro,4.5,726,True,70,A,establishment|point_of_interest,60,A
"Cristia Ayala CEJAS,SPA DE MANOS Y PIES. MAKEUP",Spa/Wellness,Spa,Luque,,"Javier Bogarin 515, Luque 110930, Paraguay",-25.2742627,-57.49046329999999,0994 606070,,4.7,54,False,100,A,beauty_salon|establishment|point_of_interest,60,A
Invictus hair studio Barber shop,Peluqueria,Barberia Moderna,Asunción,,"Juan S Bogarin, Asunción 001413, Paraguay",-25.2979002,-57.5855454,0994 348269,,4.9,52,False,97,A,establishment|hair_care|health|point_of_interest,60,A
Magnolia Peluquería,Peluqueria,General,Asunción,,"Bartolome De Las Casas 206 esq, Asunción 001231, Paraguay",-25.3076998,-57.6029685,(021) 558 289,,4.7,216,False,100,A,establishment|hair_care|point_of_interest,60,A
Inspira Pilates,Gimnasio/Fitness,Yoga/Pilates,Asunción,,"Doctor Luís Enrique Migone 767, Asunción 001529, Paraguay",-25.2822438,-57.57824540000001,0991 970900,https://www.facebook.com/INSPIRApilatespy,5.0,7,True,70,A,establishment|gym|health|point_of_interest,60,A
Guarani Hotel,Otros,General,Asunción,,"Oliva esq, Asunción 001101, Paraguay",-25.2839699,-57.6352003,(021) 452 099,http://www.hotelguarani.com.py/,4.6,4559,True,70,A,establishment|lodging|point_of_interest,60,A
Ahimsa Escuela de Yoga,Gimnasio/Fitness,Yoga/Pilates,Asunción,,"San Francisco 822, Asunción 001208, Paraguay",-25.2833768,-57.60241469999999,0991 602073,https://instagram.com/ahimsayoga_py?igshid=lm5oowp7oj3w,5.0,5,True,70,A,establishment|gym|health|point_of_interest,60,A
Andrea Piccardo Yoga,Gimnasio/Fitness,Yoga/Pilates,Luque,,"Ybyraju 30 casi Florencio Meza, Barrio, Pje. Yaguarete Corá, Luque 2060, Paraguay",-25.2703314,-57.4718819,0986 486166,https://www.instagram.com/andrea.piccardo_yoga/,5.0,8,True,70,A,establishment|gym|health|point_of_interest,60,A
Bacan Barbería & Peluquería,Peluqueria,General,Asunción,,"Quesada 5126 Local 31, Asunción 1411, Paraguay",-25.2952282,-57.57999219999999,0982 220991,https://www.bacanbarberia.com.ar/,4.9,69,True,67,B,establishment|hair_care|health|point_of_interest,60,A
AMÁN Spa & Body Care,Spa/Wellness,Spa,Asunción,,"Bruselas, Asunción 001410, Paraguay",-25.2888742,-57.5629643,0982 157000,http://www.amanpy.com/,4.5,52,True,70,A,establishment|point_of_interest|spa,60,A
Casa Liara - Mosaico - Pilates -,Gimnasio/Fitness,Yoga/Pilates,Asunción,,"Capitán Emeterio Miranda 2024, Asunción 001401, Paraguay",-25.2817187,-57.55877219999999,0992 209121,https://www.instagram.com/casa_liara/,5.0,8,True,70,A,establishment|general_contractor|gym|health|home_goods_store|point_of_interest|store,60,A
Yoga Shala,Gimnasio/Fitness,Yoga/Pilates,Asunción,,"Presbítero Marcelino Noutz 872 c, Asunción 001207, Paraguay",-25.2829723,-57.59634200000001,0981 492424,http://instagram.com/yogashalapy,5.0,2,True,65,B,establishment|gym|health|point_of_interest,60,A
Consultorio Médico y Estético,Spa/Wellness,General,Asunción,,"Dr. Carlos Centurion 353 casi, Asunción 001232, Paraguay",-25.3118125,-57.59768589999999,0984 434449,http://facebook.com/medicoyestetico,5.0,1,True,65,B,establishment|health|point_of_interest|spa,60,A
Brow Bar,Salon de Belleza,General,Asunción,,"Cruz Del Chaco esq, Asunción 1849, Paraguay",-25.2985433,-57.58157469999999,(021) 728 8000,http://www.bardecejas.com/,4.7,404,True,77,A,beauty_salon|establishment|point_of_interest,60,A
Studio Pilates,Gimnasio/Fitness,Yoga/Pilates,Asunción,,"Malutin 479, Asunción 001411, Paraguay",-25.2908236,-57.5791435,0982 858083,,4.8,22,False,90,A,establishment|gym|health|point_of_interest,60,A
Manos Lindas Spa,Spa/Wellness,Spa,Asunción,,"Pascual Ramon Casco, Asunción 001508, Paraguay",-25.2464554,-57.536319,0991 648111,https://instagram.com/manoslindasspa?igshid=YmMyMTA2M2Y=,4.7,55,True,90,A,beauty_salon|establishment|point_of_interest,60,A
Mostacho Barber 💈,Barberia,General,Asunción,,"González Belotto, Asunción 2050, Paraguay",-25.2481652,-57.55480180000001,0992 335998,https://sites.google.com/view/mostachobarber/inicio,4.9,85,True,75,A,beauty_salon|establishment|hair_care|health|point_of_interest|spa,60,A
República Fit,Gimnasio/Fitness,General,Luque,,"Nro 158, Cap. Andres Insfran, Luque 110932, Paraguay",-25.2687972,-57.49551830000001,0986 578378,,5.0,2,False,75,A,establishment|gym|health|point_of_interest,60,A
ViP Training,Gimnasio/Fitness,General,Luque,,"PGJ6+R3C, Cerro Cora, Luque 110921, Paraguay",-25.267944,-57.4898663,0982 108040,,5.0,3,False,75,A,establishment|gym|health|point_of_interest,60,A
FitXpress 20',Gimnasio/Fitness,General,Asunción,,"PCMJ+G27, Asunción 001520, Paraguay",-25.2662142,-57.5699412,0981 687752,,4.9,22,False,90,A,establishment|gym|health|point_of_interest,60,A
Almadhāra Wellness Center. Pilates y Yoga. Terapias de sanación,Spa/Wellness,Yoga/Pilates,Luque,,"Pitiantuta esq, Luque 110917, Paraguay",-25.2579939,-57.50597769999999,0972 571035,http://www.instagram.com/almadharawellness,5.0,1,True,65,B,establishment|health|point_of_interest,60,A
Go Pilates Luque,Gimnasio/Fitness,Yoga/Pilates,Luque,,"Av. Gral. Aquino &, Gral. Díaz, Luque 110932, Paraguay",-25.2662655,-57.49757169999999,0972 180808,,5.0,4,False,75,A,establishment|gym|health|point_of_interest,60,A
FF Pilates,Gimnasio/Fitness,Yoga/Pilates,Luque,,"PFVR+WMQ, Mangoty, Luque 110917, Paraguay",-25.2551621,-57.5082573,0981 123349,,5.0,3,False,75,A,establishment|gym|health|point_of_interest,60,A
BALANCE- CENTRO DE MOVIMIENTO,Gimnasio/Fitness,General,Asunción,,"Prof. Manuel Riquelme 1907 casi, Asunción 1234, Paraguay",-25.2793177,-57.56295780000001,0981 205898,,5.0,26,False,90,A,establishment|gym|health|point_of_interest,60,A
Soul Studio Pilates,Gimnasio/Fitness,Yoga/Pilates,Asunción,,"Legion Civil Extranjera casi, Asunción 001412, Paraguay",-25.294324,-57.5857901,0974 872150,,5.0,1,False,75,A,establishment|gym|health|point_of_interest,60,A
YA! Pilates,Gimnasio/Fitness,Yoga/Pilates,Asunción,,"Av Gral Máximo Santos y, Asunción 001310, Paraguay",-25.322053,-57.62271119999999,0983 840619,,5.0,3,False,75,A,establishment|gym|health|point_of_interest,60,A
MONARCA,Peluqueria,General,Asunción,,"C/ Cervantes, Sgto. Toribio Valinotti, Asunción 001534, Paraguay",-25.2703419,-57.5871441,0984 365305,https://monarcabarberiaypeluqueria.my.canva.site/,5.0,59,True,67,B,establishment|hair_care|health|point_of_interest,60,A
Samauma,Gimnasio/Fitness,General,Luque,,"Boquerón, Luque 110934, Paraguay",-25.2683866,-57.5137837,0983 446364,,5.0,1,False,75,A,establishment|gym|health|point_of_interest,60,A
ARMOR Cross - Lynch,Gimnasio/Fitness,General,Asunción,,"Fortín Galpón 530 casi, Asunción 001404, Paraguay",-25.3001323,-57.5510702,0994 491793,,5.0,3,False,75,A,establishment|gym|health|point_of_interest,60,A
Haus pilates,Gimnasio/Fitness,Yoga/Pilates,Asunción,,"Moisés Bertoni 3253, Asunción 001405, Paraguay",-25.3010074,-57.55643159999999,0982 505053,,5.0,3,False,75,A,establishment|gym|health|point_of_interest,60,A
Pachi Yoga,Gimnasio/Fitness,Yoga/Pilates,Asunción,,"Manuel Perez 572, Asunción 1409, Paraguay",-25.2834636,-57.61787460000001,0992 298664,https://www.facebook.com/100092407960030/about/,5.0,18,True,75,A,establishment|gym|health|point_of_interest,60,A
Asuncion Pilates Club,Gimnasio/Fitness,Yoga/Pilates,Asunción,,"Capitán Pedro Villamayor y, Mayor José Rosa Aranda 887, Asunción 001418, Paraguay",-25.311212,-57.56249959999999,0982 666279,https://instagram.com/asuncionpilatesclub?igshid=YmMyMTA2M2Y=,4.9,19,True,75,A,establishment|gym|health|point_of_interest,60,A
INDIVIDUAL Pilates & Fisioterapia,Gimnasio/Fitness,Yoga/Pilates,Asunción,,"Prof. Manuel Riquelme y, Asunción 001527, Paraguay",-25.2773151,-57.567244,0992 295889,https://www.instagram.com/individual.pilates,5.0,15,True,75,A,establishment|gym|health|physiotherapist|point_of_interest,60,A
Kali Estudio | Vinyasa y Ashtanga Yoga,Gimnasio/Fitness,Yoga/Pilates,Luque,,"PF7G+HQW, Luque 110939, Paraguay",-25.2860002,-57.52304549999999,0985 691544,https://www.instagram.com/kali.estudio.yoga?igsh=cWpxbWFib296b2dv&utm_source=qr,5.0,18,True,75,A,establishment|gym|health|point_of_interest,60,A
Felicita Haedo - Luque,Spa/Wellness,General,Luque,,"PFGX+P86, Del Maestro, Luque 110933, Paraguay",-25.2732055,-57.50172569999999,0984 201833,,5.0,1,False,75,A,establishment|health|point_of_interest|spa,60,A
Santo Pilates,Gimnasio/Fitness,Yoga/Pilates,Asunción,,"PC3V+W85, Jose L Duarte, Asunción 001406, Paraguay",-25.2952133,-57.5566364,0991 936886,https://instagram.com/santopilatesestudio?igshid=YmMyMTA2M2Y=,5.0,10,True,75,A,establishment|gym|health|point_of_interest,60,A
Elevate Pilates Studio,Gimnasio/Fitness,Yoga/Pilates,Asunción,,"Trifon Benitez Vera ° 697, Asunción 001408, Paraguay",-25.2923413,-57.5701104,0994 944944,,5.0,2,False,75,A,establishment|gym|health|point_of_interest,60,A
Asunción Underground,Otros,General,Asunción,,"389,, Gral. Díaz, Asunción 001101, Paraguay",-25.2835694,-57.6369615,0981 718748,https://instagram.com/asuncion.underground?igshid=19dkiaq7r1xzt,4.6,268,True,90,A,clothing_store|establishment|point_of_interest|store,60,A
Centro Gym,Gimnasio/Fitness,Gimnasio,Luque,,"C. Jóvenes Unidos s/n, Luque 110903, Paraguay",-25.2436007,-57.4801088,0973 985346,,5.0,1,False,75,A,establishment|gym|health|point_of_interest,60,A
iFLY Paraguay,Gimnasio/Fitness,General,Asunción,,"San Antonio 1086, Asunción 001205, Paraguay",-25.2760344,-57.6014315,0982 921285,,5.0,27,False,90,A,establishment|gym|health|point_of_interest,60,A
Joseph Coiffure,Salon de Belleza,General,Asunción,,"Av. Dr. Fernando de la Mora 2504, Asunción 001314, Paraguay",-25.3287698,-57.594477,0986 243602,http://www.joseph.com.py/,4.6,1274,True,77,A,beauty_salon|establishment|point_of_interest,60,A
Raio Bemba peluquería,Peluqueria,General,Asunción,,"Gral. Eugenio Alejandrino Garay y, Asunción 1849, Paraguay",-25.2900465,-57.58307310000001,0972 656656,http://raiobemba.com/,4.7,744,True,77,A,establishment|hair_care|point_of_interest,60,A
Barbería Paraguay Asunción(Alphas Barber Shop py),Barberia,Barberia Moderna,Asunción,,"Prof. Ramón Cardozo, Asunción 001404, Paraguay",-25.299627,-57.5465611,0991 625203,https://bit.ly/2kKUiXr,4.8,78,True,65,B,establishment|hair_care|health|point_of_interest,60,A
Dr. Alexis Gallagher,Otros,General,Asunción,,"Sta. Rosa 944, Asunción 001535, Paraguay",-25.2825504,-57.59024,0994 400230,http://www.cirujanoplastico.com.py/,4.9,54,True,60,B,doctor|establishment|health|point_of_interest,60,A
The Baby Nails By Claudia,Uñas/Nails,Salon Uñas,Asunción,,"Eligio Ayala 2184 esquina, Asunción 001225, Paraguay",-25.2934848,-57.6135623,0981 826938,http://wa.me/+595981826938,4.9,78,True,80,A,beauty_salon|establishment|hair_care|health|point_of_interest,60,A
Yoga Renda,Gimnasio/Fitness,Yoga/Pilates,Asunción,,"25 de Mayo 989 c, Asunción 001218, Paraguay",-25.2874836,-57.62665990000001,0981 206304,https://www.instagram.com/yogarendapy/,4.9,24,True,80,A,establishment|gym|health|point_of_interest,60,A
BODY and MIND PILATES,Gimnasio/Fitness,Yoga/Pilates,Asunción,,"Mcal. Estigarribia 2067 entre, Mayor Sebastián Bullo y, Asunción 001225, Paraguay",-25.2933946,-57.6149251,0983 760238,https://www.facebook.com/bodyandmindpilatespy/,5.0,26,True,80,A,establishment|gym|health|point_of_interest,60,A
Go Fitness Gym,Gimnasio/Fitness,Gimnasio,Asunción,,"Av. Venezuela, Asunción 001533, Paraguay",-25.2671269,-57.5937853,0982 157720,,5.0,10,False,85,A,establishment|gym|health|point_of_interest,60,A
KR Training - Lomas,Gimnasio/Fitness,General,Asunción,,"Avenida Doctor Felipe Molas López &, Río Ypane, Asunción 001531, Paraguay",-25.2659362,-57.5765009,0981 758822,,4.9,12,False,85,A,establishment|gym|health|point_of_interest,60,A
Colibrí studio pilates,Gimnasio/Fitness,Yoga/Pilates,Luque,,"7 de Octubre 774, Luque 110947, Paraguay",-25.2867175,-57.4936176,0994 314580,,5.0,12,False,85,A,establishment|gym|health|point_of_interest,60,A
mosana Pilates Yoga Estudio,Gimnasio/Fitness,Yoga/Pilates,Asunción,,"Dr. Toribio Pacheco 6157, Asunción 001416, Paraguay",-25.304017,-57.57069620000001,0994 458368,http://linktr.ee/Mosanapilatesyoga,5.0,7,True,50,B,establishment|gym|health|point_of_interest,60,A
Ritual Pilates Studio,Gimnasio/Fitness,Yoga/Pilates,Luque,,"Teniente Cnel. Ramos Alfaro 450, Ballivian y, Luque 110901, Paraguay",-25.2585419,-57.50809100000001,0992 268858,,5.0,6,False,80,A,establishment|gym|health|point_of_interest,60,A
BUCCI - Osvaldo Bucci,Peluqueria,General,Asunción,,"Del Sol Shopping and Lifestyle, Asunción 001529, Paraguay",-25.2832371,-57.5672014,0981 120578,http://www.bucci.com.py/,4.5,338,True,77,A,establishment|hair_care|point_of_interest|spa,60,A
Dermo Beauty · Villa Morra,Salon de Belleza,General,Asunción,,"Doctor Francisco Morra Nº 717 casi Eusebio Lillo Robles, Dr. Francisco Morra 717, Asunción 001411, Paraguay",-25.288256,-57.5759961,0981 673700,http://www.dermobeauty.com.py/,4.6,206,True,77,A,beauty_salon|establishment|point_of_interest|spa,60,A
Biolaser Medicina Estética,Depilacion,Depilacion Laser,Asunción,,"San Rafael 698 esquina, Ntra. Sra. del Carmen 698, Asunción 001529, Paraguay",-25.2816625,-57.5743704,0983 118888,http://www.biolaser.com.py/,4.9,88,True,60,B,establishment|health|point_of_interest|store,60,A
Hay Pilates,Gimnasio/Fitness,Yoga/Pilates,Asunción,,"Pje. Recalde 856, Asunción 001219, Paraguay",-25.2938508,-57.6328649,0984 264006,,4.8,6,False,80,A,establishment|gym|health|point_of_interest,60,A
DC Pilates & Fisio - Sucursal Luque,Gimnasio/Fitness,Yoga/Pilates,Luque,,"14 De Mayo casi, Luque 2060, Paraguay",-25.2678022,-57.49686570000001,0983 101013,https://www.instagram.com/dcpilatespy/,4.9,29,True,80,A,establishment|gym|health|point_of_interest,60,A
Vcl Training,Gimnasio/Fitness,General,Luque,,"PFXW+8X2, America, Luque 2060, Paraguay",-25.251743,-57.50262170000001,0961 911714,,5.0,5,False,80,A,establishment|gym|health|point_of_interest,60,A
reLove Club,Gimnasio/Fitness,General,Luque,,"La Paz esquina, Luque 110935, Paraguay",-25.2736957,-57.5130174,0971 944729,,5.0,5,False,80,A,establishment|gym|health|point_of_interest,60,A
Corppilates,Gimnasio/Fitness,Yoga/Pilates,Asunción,,"PCVF+V4F, Asunción 001519, Paraguay",-25.2553273,-57.5772415,0994 650322,https://www.instagram.com/corppilatespy/,5.0,1,True,65,B,establishment|gym|health|point_of_interest,60,A
Mega Cosméticos Asunción,Otros,General,Asunción,,"Av. Gral. Bernardino Caballero y, Asunción 001227, Paraguay",-25.3024354,-57.60977260000001,0986 477733,,4.6,561,False,100,A,establishment|point_of_interest|store,60,A
Mental Fitness (Cross and Functional Training),Gimnasio/Fitness,General,Asunción,,"Victor Idoyaga 5050, Asunción 001421, Paraguay",-25.3093099,-57.5898469,0981 000050,,4.9,17,False,85,A,establishment|gym|health|point_of_interest,60,A
Flow Pilates,Gimnasio/Fitness,Yoga/Pilates,Asunción,,"Cnel. Felix Cabrera 1468, Asunción 001410, Paraguay",-25.2888285,-57.55719089999999,0981 879864,,4.8,12,False,85,A,establishment|gym|health|point_of_interest,60,A
RUHE,Gimnasio/Fitness,General,Luque,,"America, Luque 110918, Paraguay",-25.2643944,-57.49919999999999,0985 200447,,4.9,13,False,85,A,establishment|gym|health|point_of_interest,60,A
ZOI WELLNESS CENTER,Spa/Wellness,General,Luque,,"12 de Octubre, Luque 110917, Paraguay",-25.2548528,-57.5020612,0994 956222,,4.8,19,False,85,A,establishment|gym|health|point_of_interest,60,A
The Yoga Room PY,Gimnasio/Fitness,Yoga/Pilates,Asunción,,"Senador Long 724 Entre, Eusebio Lillo Robles y, Asunción 001411, Paraguay",-25.2876804,-57.57670499999999,0981 981570,https://www.theyogaroompy.com/?utm_source=google&utm_medium=wix_google_business_profile&utm_campaign=8687961182084005847,5.0,2,True,55,B,establishment|gym|health|point_of_interest,60,A
Kadima Gym,Gimnasio/Fitness,Gimnasio,Luque,,"Padre Landaire 199, Luque 110936, Paraguay",-25.2784657,-57.5094027,0993 593230,,4.8,14,False,85,A,establishment|gym|health|point_of_interest,60,A
Gemelos Fitness Club,Gimnasio/Fitness,General,Luque,,"Av. Gral. Aquino y, Luque 110933, Paraguay",-25.2656927,-57.5005978,0971 697156,,4.9,10,False,85,A,establishment|gym|health|point_of_interest,60,A
AVVIVA Pilates•Barre•Aerial,Gimnasio/Fitness,Yoga/Pilates,Asunción,,"Padre Juan N. Casanello 1553 casi, Asunción 001238, Paraguay",-25.3089021,-57.63043099999999,0981 859892,,4.9,16,False,85,A,establishment|gym|health|point_of_interest,60,A
Yoga Urbano,Gimnasio/Fitness,Yoga/Pilates,Asunción,,"Francisco Zurbaran 1138, Asunción 001206, Paraguay",-25.2778958,-57.5963643,0981 585277,,5.0,11,False,85,A,establishment|gym|health|point_of_interest,60,A
CELBENZ,Peluqueria,General,Asunción,,"Cañadon chaqueño, Teniente Bernal 365 casi, Asunción 001517, Paraguay",-25.2549589,-57.5869805,0992 594485,https://www.instagram.com/celbenzpy?igsh=dHNtMWFjbGYzZzgw,4.9,84,True,87,A,establishment|hair_care|health|point_of_interest,60,A
CUMANA Wellness Club,Spa/Wellness,General,Asunción,,"Av. España 2287, Asunción 1207, Paraguay",-25.2870044,-57.59551620000001,0984 309937,https://cumana.co/,5.0,27,True,60,B,establishment|gym|health|point_of_interest,60,A
Regina Coeli Spa - Medicina Estética,Spa/Wellness,Spa,Luque,,"Tte. Rivas 536, Luque 110934, Paraguay",-25.2708851,-57.5074826,0971 595755,,5.0,13,False,85,A,establishment|health|point_of_interest|spa,60,A
Charme ASU,Peluqueria,General,Asunción,,"Shopping Villa Morra, Av. Mariscal López Local 49, Asunción 001412, Paraguay",-25.294498,-57.58106910000001,(021) 612 899,,4.5,299,False,100,A,establishment|hair_care|point_of_interest,60,A
ZOE CLINICA,Spa/Wellness,General,Asunción,,"4 de Julio 2729, Asunción 001407, Paraguay",-25.2967868,-57.56211589999999,0974 271270,https://zoe.com.py/,5.0,8,True,50,B,doctor|establishment|health|point_of_interest|spa,60,A
Maison Mint,Peluqueria,General,Asunción,,"Eusebio Lillo Robles esquina, Asunción 001411, Paraguay",-25.2875312,-57.58162009999999,0981 301077,,4.8,112,False,100,A,establishment|hair_care|point_of_interest|spa,55,B
"Peluquería - La Santa - Care Salon, Asunción.",Salon de Belleza,General,Asunción,,"Molas Lopez 1832, Asunción 1411, Paraguay",-25.2631275,-57.57877809999999,0981 300503,,4.9,115,False,100,A,beauty_salon|establishment|hair_care|point_of_interest,55,B
Samasthiti Ashtanga Yoga Gurukula,Gimnasio/Fitness,Yoga/Pilates,Asunción,,"Enrique Solano López 963, Asunción 1429, Paraguay",-25.281397,-57.602567,0981 202699,http://www.samasthiti.com.py/,4.5,12,True,55,B,establishment|gym|health|point_of_interest,55,B
MK GYM,Gimnasio/Fitness,Gimnasio,Asunción,,"Camino Quimbaya, Av. Dr. Guido Boggiani, Asunción 001416, Paraguay",-25.2982921,-57.57566070000001,(021) 614 872,http://www.mk.com.py/,4.7,26,True,60,B,establishment|gym|health|point_of_interest,55,B
The Art of Living Foundation,Gimnasio/Fitness,General,Asunción,,"Av. Madame Lynch 902 c, Asunción 0000, Paraguay",-25.2769458,-57.5460946,0972 858670,https://www.elartedevivirpy.org/,4.6,21,True,60,B,establishment|gym|health|point_of_interest,55,B
Ever Penayo Tattoo Studio,Tatuajes/Piercing,Tattoo Studio,Asunción,,"Senador Huey Pierce Long 464, Asunción 001411, Paraguay",-25.2913015,-57.5778619,0982 285552,https://instagram.com/everpenayotattoos?igshid=YmMyMTA2M2Y=,4.9,127,True,85,A,establishment|point_of_interest|store,55,B
Borcelle Spa,Spa/Wellness,Spa,Asunción,,"JCPX+8XH, Asunción 0012, Paraguay",-25.2921792,-57.6254541,0981 044443,https://instagram.com/borcellespa.py?igshid=MTk0NTkyODZkYg==,4.8,44,True,80,A,establishment|point_of_interest|spa,55,B
Vida Estética,Spa/Wellness,General,Asunción,,"Av. Venezuela 573, Asunción 001207, Paraguay",-25.2865581,-57.5954284,0972 704040,http://www.vidaestetica.com.py/,3.8,36,True,53,B,establishment|health|point_of_interest|spa,55,B
ELECTRIC CIRCUS FAMILY TATTOO,Tatuajes/Piercing,General,Asunción,,"Gral. Diaz 464, entre 14 de mayo y, Asunción 1209, Paraguay",-25.2829731,-57.6376787,0981 909485,https://www.facebook.com/ElectricCircusPy/,4.8,149,True,85,A,establishment|point_of_interest|store,55,B
Premier Fitness Club Luque,Gimnasio/Fitness,General,Luque,,"PGJ7+9G2, Cerro Cora, Luque 110930, Paraguay",-25.2691181,-57.4862201,0971 658668,http://www.premier.com.py/,4.7,28,True,60,B,establishment|gym|health|point_of_interest,55,B
Bella Pelle,Spa/Wellness,General,Asunción,,"Av. Médicos del Chaco 2312, Asunción 110711, Paraguay",-25.3307108,-57.606618,0991 728094,https://www.facebook.com/bellapellepy,4.8,38,True,80,A,establishment|point_of_interest|spa,55,B
Vita Cosméticos,Otros,General,Asunción,,"Av. Eusebio Ayala 454, Asunción 001227, Paraguay",-25.3028044,-57.6135272,0974 800611,https://www.instagram.com/vitacasacentral/,4.2,798,True,87,A,establishment|point_of_interest|store,55,B
Inhala Pilates Studio,Gimnasio/Fitness,Yoga/Pilates,Asunción,,"Carmen Soler, Asunción 1229, Paraguay",-25.2985923,-57.6002464,0971 506199,,4.5,8,False,80,A,establishment|gym|health|point_of_interest,55,B
Pilates Lab,Gimnasio/Fitness,Yoga/Pilates,Asunción,,"Gumersindo Sosa 1453, Asunción 001409, Paraguay",-25.2873423,-57.56329940000001,0987 318720,,4.5,2,False,75,A,establishment|gym|health|point_of_interest,55,B
Ciria Depilaciones Campo Grande,Depilacion,General,Asunción,,"PFH3+636, Asunción 001524, Paraguay",-25.2719595,-57.5473559,0981 933247,,4.8,152,False,95,A,beauty_salon|establishment|hair_care|point_of_interest,55,B
MALE Barber Shop & Drink,Barberia,Barberia Moderna,Luque,,"Dr. José Gaspar Rodríguez de Francia, Luque 110932, Paraguay",-25.2690216,-57.4930513,0983 819419,,4.6,53,False,95,A,establishment|hair_care|health|point_of_interest,55,B
Thaya Clínic Spa,Spa/Wellness,Spa,Asunción,,"Aca Caraya 519, Asunción 001229, Paraguay",-25.2966366,-57.60207129999999,0984 487584,,4.8,31,False,90,A,establishment|point_of_interest|spa,55,B
Doña Bonita. Especialistas en cejas - Depilación con hilos - Maquillaje semipermanente P.M.U,Maquillaje,General,Asunción,,"Pancha Garmendia 6435 casi, Asunción 001415, Paraguay",-25.3079373,-57.56886710000001,0984 214208,http://bit.ly/2NzG9F1,4.8,194,True,65,B,beauty_salon|establishment|point_of_interest,55,B
Club Guaraní,Otros,General,Asunción,,"Año 1811, Asunción 001236, Paraguay",-25.3034169,-57.61654689999999,(021) 227 080,,4.2,685,False,97,A,establishment|point_of_interest,55,B
Bingo Guarani,Otros,General,Asunción,,"M9XM+2JX, Av. Eusebio Ayala, Asunción 001236, Paraguay",-25.3023999,-57.61588380000001,(021) 204 419,,4.1,415,False,97,A,establishment|point_of_interest,55,B
MELA Hair Salon - Barbería,Salon de Belleza,General,Luque,,"14 De Mayo, Luque 110932, Paraguay",-25.2678612,-57.49575340000001,0982 264479,,4.5,61,False,97,A,establishment|hair_care|health|point_of_interest,55,B
BleuDepilación,Salon de Belleza,General,Asunción,,"Cnel. Ramón Diaz 564, Asunción 001416, Paraguay",-25.3010256,-57.5779929,0971 161733,,4.9,141,False,100,A,beauty_salon|establishment|point_of_interest,55,B
Q nails club spa de manos y pies,Spa/Wellness,Spa,Asunción,,"Antonio José de Sucre 1859, entre motta y, Asunción 001408, Paraguay",-25.2917732,-57.5715359,0972 999688,,4.4,87,False,97,A,beauty_salon|establishment|hair_care|point_of_interest,55,B
Le Dragon Bleu,Otros,General,Asunción,,"Prof. Delfin Chamorro 467, Asunción 001015, Paraguay",-25.2955812,-57.64597970000001,0981 410318,,4.8,117,False,95,A,establishment|point_of_interest|store,55,B
Venus Coiffure I,Uñas/Nails,General,Asunción,,"Gaudioso Núñez entre José Asunción Flores, Entrada por estacionamiento a una cuadra de, Teodoro S. Mongelós y, Asunción 001230, Paraguay",-25.3056322,-57.60176329999999,0994 270222,,4.2,253,False,97,A,establishment|hair_care|point_of_interest|spa,55,B
Luis De Leon Concept,Peluqueria,General,Asunción,,"Gral. Torreani Viera 341 Esq, Asunción 001412, Paraguay",-25.294285,-57.584416,(021) 604 817,,4.9,144,False,100,A,establishment|hair_care|point_of_interest|store,55,B
Hygge,Spa/Wellness,General,Asunción,,"Moisés Bertoni 2839 casi, Asunción 001407, Paraguay",-25.2983091,-57.56135390000001,0992 425597,,4.8,32,False,90,A,establishment|point_of_interest|spa,55,B
Aline Pilates,Gimnasio/Fitness,Yoga/Pilates,Asunción,,"001506, Prof. Dr. Ricardo Moreno Azorero, Asunción 001506, Paraguay",-25.242736,-57.5351815,0972 520811,https://wa.me/message/E76UDYX5W4D6D1,4.7,17,True,75,A,establishment|gym|health|point_of_interest,55,B
Ram Hari Yoga,Gimnasio/Fitness,Yoga/Pilates,Asunción,,"Moisés Bertoni 3220, Asunción 001405, Paraguay",-25.3009892,-57.5569019,0981 253024,https://www.instagram.com/ramhariyoga/,4.7,19,True,75,A,establishment|gym|health|point_of_interest,55,B
Spa Nilza Rinaldi,Spa/Wellness,Spa,Asunción,,"Federación Rusa, Asunción 001528, Paraguay",-25.2796912,-57.57274880000001,(021) 661 488,,4.4,56,False,97,A,establishment|point_of_interest|spa,55,B
Peluquería y Barberia JOSÉ,Peluqueria,General,Asunción,,"MCP4+3CF, Asunción 001422, Paraguay",-25.3148181,-57.59394330000001,0976 545347,,5.0,169,False,100,A,establishment|hair_care|point_of_interest,55,B
Esebastian Y Sophie Monfillo Unisex,Peluqueria,General,Luque,,"America entre Paysandu y, Cochabamba Casi, Luque 110915, Paraguay",-25.2468441,-57.50422539999999,0981 128012,https://linktr.ee/esebastianysophiemonfillo,4.9,161,True,72,A,establishment|hair_care|point_of_interest,55,B
DepiPink - Barrio Herrera,Salon de Belleza,General,Asunción,,"Pte. Juan Manuel Frutos 2626 entre, Capitán Emeterio Miranda y, Asunción 001407, Paraguay",-25.294667,-57.56230780000001,0971 226221,,4.8,184,False,100,A,beauty_salon|establishment|hair_care|point_of_interest,55,B
Shirley Nails,Uñas/Nails,Salon Uñas,Asunción,,"Av. Dr. Fernando de la Mora 3260, Asunción 001315, Paraguay",-25.3351934,-57.58907889999999,0991 758633,,4.6,137,False,95,A,establishment|point_of_interest|spa,50,B
Moksha Yoga & Pilates,Gimnasio/Fitness,Yoga/Pilates,Asunción,,"Jose Ocampos Lanzoni 560, Asunción 001001, Paraguay",-25.2933511,-57.5718077,0991 637040,http://www.moksha.com.py/,4.0,13,True,52,B,beauty_salon|establishment|gym|health|physiotherapist|point_of_interest|spa,50,B
Barber di Lopez,Barberia,General,Luque,,"PGCC+63C, Lapacho, Luque 110928, Paraguay",-25.2794281,-57.4798451,0981 164518,,4.9,46,False,85,A,establishment|hair_care|health|point_of_interest,50,B
ROMMY PELUQUERIA FEMININO Y MASCULINO,Peluqueria,General,Asunción,,"Asunción 001412, Paraguay",-25.2951108,-57.58064830000001,0981 822928,http://www.rommy.com.py/,4.0,53,True,64,B,establishment|hair_care|health|point_of_interest,50,B
Rossie Beauty Center – Nails Express Sucursal España,Spa/Wellness,Spa,Asunción,,"Av. España 2062, Asunción 1204, Paraguay",-25.2879245,-57.5999547,0981 673034,https://www.facebook.com/nailsexpresspy,4.4,26,True,77,A,beauty_salon|doctor|establishment|hair_care|health|point_of_interest,50,B
Tranquility Spa,Spa/Wellness,Spa,Asunción,,"Av. Eusebio Ayala 2279, Asunción 001230, Paraguay",-25.306883,-57.6007853,0981 494027,https://linktr.ee/tranquipy,4.5,45,True,60,B,beauty_salon|establishment|hair_care|point_of_interest|spa,50,B
Casa De Cosmeticos,Estetica/Facial,Perfumeria,Asunción,,"Asunción 001102, Paraguay",-25.2938362,-57.6429977,0984 453331,https://instagram.com/casa_cosmeticos?igshid=1usktw1hl3asg,4.7,181,True,85,A,establishment|point_of_interest|store,50,B
Micropigmentacion Capilar Paraguay | GIGI Reyes,Otros,General,Asunción,,"MCQ5+354, Asunción 1422, Paraguay",-25.3124037,-57.59208899999999,0972 499040,https://gigireyesmicropigmentacion.com/inicio,5.0,39,True,50,B,establishment|health|point_of_interest,50,B
Younique,Spa/Wellness,General,Asunción,,"PC89+VRP, Augusto Roa Bastos, Asunción 001530, Paraguay",-25.2827975,-57.5804135,0984 900376,http://www.younique.com.py/,4.0,13,True,52,B,establishment|health|point_of_interest|spa,50,B
Skin care clinic,Spa/Wellness,General,Asunción,,"Cruz Del Chaco 648, Asunción 001412, Paraguay",-25.29892,-57.58178769999999,0981 556200,,4.3,11,False,82,A,establishment|health|point_of_interest|spa|store,50,B
Peluquería y Barbería SANFEL,Peluqueria,General,Luque,,"Balderrama 9010, Luque 110917, Paraguay",-25.2691412,-57.4907203,0976 111478,,5.0,46,False,87,A,establishment|hair_care|health|point_of_interest,50,B
Barber Studio J.A,Barberia,General,Luque,,"PGJ5+RV7, Luque 110930, Paraguay",-25.2679565,-57.4903245,0994 648232,,4.9,38,False,85,A,establishment|hair_care|health|point_of_interest,50,B
All Barber,Barberia,General,Luque,,"Claudio Arrúa &, Gral. Díaz, Luque 110936, Paraguay",-25.2790978,-57.5019571,0972 985760,,4.9,31,False,85,A,establishment|hair_care|health|point_of_interest,50,B
La casa Depelle,Salon de Belleza,General,Asunción,,"Gonzalo Bulnes 677, Asunción 001411, Paraguay",-25.28839,-57.5792502,0984 731000,https://depelle.com.py/,5.0,46,True,57,B,beauty_salon|establishment|health|point_of_interest|spa,50,B
Sinaí Dermo Radiance,Salon de Belleza,General,Asunción,,"Av. Brasilia 1015, Asunción 1015, Paraguay",-25.2793693,-57.60042569999999,0974 455435,https://linktr.ee/sinaidermoradiance,5.0,42,True,57,B,beauty_salon|doctor|establishment|hair_care|health|point_of_interest|spa|store,50,B
Dental Guarani S.A.,Otros,General,Asunción,,"Yegros esq., República de Colombia 1094, Asunción 001102, Paraguay",-25.29,-57.6377778,(021) 494 411,http://dentalguarani.com.py/,4.2,85,True,57,B,establishment|health|point_of_interest|store,50,B
L´EVEL Femenino / Masculino,Salon de Belleza,General,Asunción,,"Paseo de la Infanta - Pacheco entre Monseñor Bogarín y Tte. Zotti -, PC27+RW3, Dr. Toribio Pacheco, Asunción 001413, Paraguay",-25.2979814,-57.58520249999999,(021) 329 2436,,4.7,144,False,100,A,beauty_salon|establishment|point_of_interest,50,B
Jazmin Valdivieso Brow and Lash Studio,Otros,General,Asunción,,"R.I. 2 Ytororo 1144, Asunción 001415, Paraguay",-25.3108844,-57.5709488,0971 527527,,4.5,157,False,95,A,establishment|point_of_interest,50,B
Vita Chic,Otros,General,Asunción,,"MCW8+FH2, Cruz del Defensor, Asunción 001414, Paraguay",-25.3038706,-57.58362320000001,0986 506223,,4.6,179,False,95,A,establishment|point_of_interest|store,50,B
Peluquería Bellisima,Peluqueria,General,Asunción,,"Juan de Salazar y Espinoza 998, Asunción 001209, Paraguay",-25.2857635,-57.6107763,0981 630011,https://www.facebook.com/BELLISIMAPY/?ti=as,4.7,185,True,92,A,beauty_salon|establishment|point_of_interest,50,B
BL DermoEstética,Salon de Belleza,General,Asunción,,"Dra. Serafina Dávalos, Asunción 1876, Paraguay",-25.31316,-57.57999639999999,0975 900550,https://www.instagram.com/bldermoestetica?igsh=MTI2bGszajhhdGU4dg==,4.7,147,True,92,A,beauty_salon|establishment|point_of_interest,50,B
NOVA SALÓN & SPA,Spa/Wellness,Spa,Asunción,,"Senador Huey Pierce Long 790, Asunción 001411, Paraguay",-25.2871835,-57.57668710000001,0985 352515,,3.7,70,False,88,A,establishment|hair_care|point_of_interest,50,B
Bar de Cejas,Pestañas/Cejas,General,Asunción,,"Alberdi casi, Asunción 1209, Paraguay",-25.2815277,-57.6354965,(021) 728 8000,http://www.bardecejas.com/,4.7,181,True,65,B,beauty_salon|establishment|point_of_interest,50,B
Teju Jagua Tatuajes,Tatuajes/Piercing,General,Asunción,,"O'Leary casi, Asunción 001012, Paraguay",-25.2797926,-57.63828349999999,0985 857700,,4.7,192,False,95,A,establishment|point_of_interest|store,50,B
Depiclub py,Salon de Belleza,General,Asunción,,"Peru esquina, Asunción 001220, Paraguay",-25.2918313,-57.6210142,0982 108953,https://instagram.com/depiclubpy?igshid=YWJhMjlhZTc=,4.7,129,True,92,A,beauty_salon|establishment|hair_care|point_of_interest,50,B
Brow Bar,Salon de Belleza,General,Luque,,"Av. Gral. Aquino casi, Luque 110932, Paraguay",-25.2667258,-57.49596820000001,(021) 728 8000,http://www.bardecejas.com/,4.7,193,True,72,A,beauty_salon|establishment|hair_care|point_of_interest,50,B
FERNANDO BUFFA ESTILISTA,Salon de Belleza,General,Asunción,,"Victor Heyn 7364, Asunción 7364, Paraguay",-25.3087412,-57.55650670000001,0971 609575,,4.6,108,False,100,A,beauty_salon|establishment|point_of_interest,50,B
Peluquería MMical,Peluqueria,General,Asunción,,"Prócer Juan Manuel Iturbe 106, Asunción 001526, Paraguay",-25.2783636,-57.5561992,(021) 606 360,,4.7,177,False,100,A,establishment|hair_care|point_of_interest,50,B
BL DermoEstética,Salon de Belleza,General,Asunción,,"Avenue Dr. Luis Maria Argaña 246 c, Asunción 001303, Paraguay",-25.3310263,-57.6262753,0961 845409,https://facebook.com/bldermoestetica,4.5,157,True,92,A,beauty_salon|establishment|point_of_interest|spa,50,B
Dino Julio Correa,Peluqueria,General,Asunción,,"Julio Correa 331, Asunción 001526, Paraguay",-25.272908,-57.565673,(021) 609 635,http://www.dino.com.py/,4.5,117,True,72,A,establishment|hair_care|point_of_interest,50,B
Guada estudio de cejas,Pestañas/Cejas,General,Luque,,"Cnel. Oviedo, Luque 110933, Paraguay",-25.2698198,-57.4993024,0971 528250,https://linktr.ee/guadaestudiodecejas,5.0,54,True,60,B,establishment|point_of_interest,45,B
Derlis Zeballos,Otros,General,Asunción,,"Teniente Primero Dr. Vicente Oddone, Asunción 001527, Paraguay",-25.2810605,-57.56234199999999,0983 846906,https://derliszeballos.com/,4.4,170,True,62,B,establishment|point_of_interest|store,45,B
Belleza Total by Maria Vargas,Salon de Belleza,General,Asunción,,"Lillo 2527 entre Cardenal Roig y, Gumersindo Sosa, Asunción 001409, Paraguay",-25.2926162,-57.5630263,0981 372885,https://www.facebook.com/bellezatotal.mp/,4.8,64,True,87,A,beauty_salon|establishment|point_of_interest,45,B
Harmonia,Gimnasio/Fitness,General,Asunción,,"Domingo Ortiz, Asunción 001520, Paraguay",-25.2676477,-57.5736731,0981 174460,,3.5,2,False,68,B,establishment|gym|health|point_of_interest,45,B
DiDonna - Artistas del cabello,Peluqueria,General,Asunción,,"Edificio Fiore di Maggio, Prof. César Vasconcellos 1111, Asunción 001410, Paraguay",-25.2865483,-57.56796070000001,0981 448445,,4.8,58,False,97,A,establishment|hair_care|point_of_interest,45,B
Leblon Color Studio & Barber Shop,Peluqueria,Barberia Moderna,Asunción,,"Eusebio Lillo Robles, Asunción 001407, Paraguay",-25.2926882,-57.56329940000001,0971 380220,,4.8,68,False,97,A,establishment|hair_care|point_of_interest,45,B
JK BEAUTY SALON,Salon de Belleza,General,Asunción,,"Incienso, &, Asunción 001429, Paraguay",-25.3279011,-57.5836146,0994 481644,,4.9,72,False,97,A,beauty_salon|establishment|point_of_interest,45,B
Guzmán estilista,Peluqueria,General,Asunción,,"Roma, Asunción 001102, Paraguay",-25.2935315,-57.6416132,0982 543965,,5.0,51,False,97,A,establishment|hair_care|point_of_interest,45,B
BONICA - Women's Club,Salon de Belleza,General,Asunción,,"Teniente Héctor Vera esq, Asunción 1816, Paraguay",-25.2863258,-57.5765019,0982 669939,,4.8,66,False,97,A,beauty_salon|establishment|point_of_interest|spa,45,B
Sofia Gontor Beauty,Salon de Belleza,General,Asunción,,"Pirizal &, 12 de Octubre, Asunción 001310, Paraguay",-25.3161964,-57.61814099999999,0986 552573,https://linktr.ee/sofiagontorbeauty,4.9,68,True,67,B,beauty_salon|establishment|point_of_interest,45,B
101 Beauty Studio,Spa/Wellness,General,Asunción,,"Senador Huey Pierce Long 250 Entre Guido Spano Y Andrade Asuncion, Asunción 1849, Paraguay",-25.2930551,-57.5788932,0976 564224,http://www.instagram.com/101beautystudio/,4.8,15,True,75,A,beauty_salon|establishment|point_of_interest,45,B
Athenas Spa,Spa/Wellness,Spa,Luque,,"PF26+M4P, Centenario De La Epopeya Nacional, Luque 110302, Paraguay",-25.2982981,-57.5396787,0991 688721,,5.0,1,False,75,A,establishment|point_of_interest,45,B
Lorelay Spa,Spa/Wellness,Spa,Luque,,"PGG5+FV5, Luque 110930, Paraguay",-25.2738298,-57.49035250000001,0986 501058,,5.0,1,False,75,A,establishment|point_of_interest|spa,45,B
AMAPOLA SPA,Spa/Wellness,Spa,Luque,,"QG6F+25G, Luque 110904, Paraguay",-25.2399346,-57.47704089999999,0982 118344,,5.0,1,False,75,A,establishment|point_of_interest|spa,45,B
Bella's Spa de Manos y Pies,Spa/Wellness,Spa,Luque,,"Teniente Cnel. Ramos Alfaro, Luque 110917, Paraguay",-25.2584508,-57.5115493,0981 396278,,5.0,2,False,75,A,establishment|point_of_interest|spa,45,B
Bellavita- Microblading- Nanoblading- Diseño de cejas - Lifting de pestañas - Henna- uñas esculpidas- peluquería- manicura,Peluqueria,Salon Uñas,Asunción,,"Av. Perú 397, Asunción 1409, Paraguay",-25.2870631,-57.6173469,0971 795000,http://bellezaparaguay.com/,4.8,52,True,67,B,establishment|point_of_interest,45,B
Ale Nails Beauty Spa,Spa/Wellness,Spa,Asunción,,"Asunción 001512, Paraguay",-25.2524947,-57.57941940000001,0983 499418,https://www.instagram.com/_ale.nails__/,5.0,1,True,65,B,establishment|hair_care|point_of_interest|spa,45,B
Alisados Paraguay,Peluqueria,General,Asunción,,"c C Gomez 1063, Asunción 001007, Paraguay",-25.296838,-57.6552234,0981 119455,https://instagram.com/alisadosparaguay?igshid=MzRlODBiNWFlZA==,4.9,51,True,87,A,establishment|hair_care|point_of_interest,45,B
Sky Head Spa,Spa/Wellness,Spa,Asunción,,"Sgto. José León Gauto 660 casi, Asunción 001207, Paraguay",-25.2823441,-57.59574180000001,0972 446106,,5.0,9,False,80,A,establishment|point_of_interest|spa,45,B
Narovi Spa,Spa/Wellness,Spa,Asunción,,"Teniente Primero Angel Velazco, Asunción 001402, Paraguay",-25.2902838,-57.5503573,0986 254164,,4.4,35,False,87,A,establishment|point_of_interest|spa,45,B
Bellas Beauty Salon,Salon de Belleza,General,Asunción,,"Nazareth sobre, Dr. Osvaldo Chavez, Asunción 1905, Paraguay",-25.3128304,-57.59291199999999,0984 177008,https://www.facebook.com/bellasbeautysalon12/,4.8,59,True,87,A,beauty_salon|establishment|point_of_interest,45,B
Lujan Cosméticos,Estetica/Facial,General,Luque,,"Lujan cosmeticos, Javier Bogarin, Luque 110930, Paraguay",-25.2706961,-57.48941960000001,0986 101523,https://linktr.ee/lujancosmeticos.com.py,4.2,165,True,62,B,establishment|point_of_interest|store,45,B
Movimiento Pleno pilates y Fisioterapia,Gimnasio/Fitness,Yoga/Pilates,Luque,,"Avda San Martín y Fernando de la Mora, Luque 110933, Paraguay",-25.2680894,-57.5016853,0991 951046,,5.0,7,False,80,A,establishment|point_of_interest|spa,45,B
The owl gallery tattoos,Tatuajes/Piercing,General,Asunción,,"25 de Mayo, Asunción 001224, Paraguay",-25.29275,-57.6176525,0981 535727,https://instagram.com/angel.owl?igshid=nt8kuxsy8l7f,5.0,75,True,80,A,establishment|point_of_interest|store,45,B
TROYANOS BARBERÍA,Barberia,General,Luque,,"Del Maestro, Luque 110933, Paraguay",-25.2722154,-57.5014041,0971 323136,https://instagram.com/troyanospy?igshid=1mtrt9fa0258,4.9,69,True,85,A,establishment|hair_care|point_of_interest,45,B
Ciria Depilaciones Suc.Luque,Depilacion,General,Luque,,"Cnel. Oviedo, Luque 110933, Paraguay",-25.2692392,-57.50226000000001,0981 122359,,4.8,53,False,90,A,beauty_salon|establishment|hair_care|point_of_interest,45,B
Majestik,Salon de Belleza,General,Asunción,,"001416, Av. Dr. Guido Boggiani 6115, Asunción 001416, Paraguay",-25.29977,-57.56883389999999,0983 999662,https://www.instagram.com/majestikpy,4.9,79,True,87,A,beauty_salon|establishment|point_of_interest,45,B
Distribuidora La Policlinica S.A.,Otros,General,Asunción,,"Ttte. Rojas Silva 1044 e, Tte. Fariña y, Asunción 001221, Paraguay",-25.2950354,-57.62795499999999,(021) 248 0000,http://www.lapoliclinica.com/,4.3,171,True,62,B,establishment|point_of_interest,45,B
Lidia Imlach Micropigmentacion Studio,Salon de Belleza,General,Asunción,,"Atyra 981, Asunción 001231, Paraguay",-25.3133267,-57.6015826,0983 346534,https://www.facebook.com/lidiaimlach,5.0,64,True,87,A,beauty_salon|establishment|point_of_interest,45,B
DC Pilates & Fisio - Sucursal Asunción,Gimnasio/Fitness,Yoga/Pilates,Asunción,,"Veterano de la Guerra del 70, Teniente Primero Nemesio Quiñonez y, Asunción 001520, Paraguay",-25.2660537,-57.57180719999999,0983 101013,https://www.instagram.com/dcpilates.fisio/,3.7,6,True,63,B,establishment|gym|health|point_of_interest,45,B
Addict Ink,Otros,General,Asunción,,"Parapiti 1158 casi Rodriguez de Francia, Asunción 001219, Paraguay",-25.2941964,-57.6326729,0972 666600,https://www.instagram.com/mefisto_vargas/?hl=es-la,4.8,53,True,80,A,establishment|night_club|point_of_interest,45,B
Evolution RS Pilates,Gimnasio/Fitness,Yoga/Pilates,Luque,,"PG98+43J, Miguel Escobar, Luque 110927, Paraguay",-25.2821653,-57.4848471,0983 094313,,0.0,0,False,60,B,establishment|gym|health|point_of_interest,45,B
Ocean Spa Luque,Spa/Wellness,Spa,Luque,,"Tte, Rojas Silva 270 c, Luque 110921, Paraguay",-25.2647045,-57.4882242,0994 358194,,4.9,13,False,85,A,establishment|point_of_interest|spa,45,B
Reluce,Spa/Wellness,General,Asunción,,"Av. España 1525, Asunción 001208, Paraguay",-25.2875001,-57.6080126,0976 207607,,5.0,6,False,80,A,establishment|point_of_interest,45,B
Spa Sal y Luz,Spa/Wellness,Spa,Luque,,"FCRJ+W7G, Luque 110919, Paraguay",-25.2581246,-57.4923851,0981 178610,,5.0,6,False,80,A,establishment|point_of_interest,45,B
Estudio 939. Pilates,Gimnasio/Fitness,Yoga/Pilates,Asunción,,"Alfredo Seiferheld 4896, Asunción 1421, Paraguay",-25.3053483,-57.58931450000001,0986 347933,,0.0,0,False,60,B,establishment|gym|health|point_of_interest,45,B
Mauro Aquino Barbershop,Barberia,General,Luque,,"Capitan insfran 315 esquina, Luque 110932, Paraguay",-25.2680768,-57.4953178,0984 826014,,4.7,39,False,85,A,establishment|hair_care|health|point_of_interest,45,B
Inhala Pilates Studio - Las Lomas,Gimnasio/Fitness,Yoga/Pilates,Asunción,,"Río Tebicuary 2061 casi, Asunción 001528, Paraguay",-25.2709665,-57.5751778,0971 974141,,0.0,0,False,60,B,establishment|gym|health|point_of_interest,45,B
Gabriela Pilates Gym,Gimnasio/Fitness,Gimnasio,Asunción,,"Av. Médicos del Chaco esq, Asunción 001422, Paraguay",-25.3118634,-57.59696549999999,0984 319545,,0.0,0,False,60,B,establishment|gym|health|point_of_interest,45,B
Dynamos Pilates Terapéutico,Gimnasio/Fitness,Yoga/Pilates,Luque,,"Sauce, Emiliano R. Fernández 1956 esquina, Luque 2060, Paraguay",-25.2669394,-57.51213089999999,0994 388844,,0.0,0,False,60,B,establishment|gym|health|point_of_interest,45,B
Miri Yoga - Estudio de yoga,Gimnasio/Fitness,Yoga/Pilates,Luque,,"Cruz del Defensor, Luque 110917, Paraguay",-25.260958,-57.5115298,0983 190100,,0.0,0,False,60,B,establishment|gym|health|point_of_interest,45,B
gym progress,Gimnasio/Fitness,Gimnasio,Luque,,"PGV7+25W, Luque 110920, Paraguay",-25.257376,-57.4870352,0985 815832,,0.0,0,False,60,B,establishment|gym|health|point_of_interest,45,B
LAS CARIÑOSAS ASUNCIÓN ORIGINAL,Spa/Wellness,General,Asunción,,"Piribebuy 239, Asunción 001101, Paraguay",-25.2870933,-57.63793380000001,0984 400228,https://69.com.py/servicios/carinosas-asuncion,4.2,37,True,57,B,establishment|point_of_interest|spa,45,B
Fitwoman.py,Gimnasio/Fitness,General,Asunción,,"Av. Médicos del Chaco, Asunción 001232, Paraguay",-25.3230359,-57.6006806,0971 633117,,0.0,0,False,60,B,establishment|gym|health|point_of_interest,45,B
MG Group & Ritual Spa and Beauty,Spa/Wellness,Spa,Asunción,,"001001, Asunción 001228, Paraguay",-25.2993927,-57.60838159999999,0994 392775,,5.0,15,False,85,A,establishment|point_of_interest|spa,45,B
Namaste Spa Male,Spa/Wellness,Spa,Asunción,,"Dr. Carlos Abdala 1006, Asunción 001528, Paraguay",-25.2763051,-57.5710664,0985 660289,,3.9,29,False,83,A,establishment|health|point_of_interest|spa,45,B
Perla Hair Salon,Salon de Belleza,General,Asunción,,"Sgto. José León Gauto 555, Asunción 001206, Paraguay",-25.2819399,-57.5967585,0985 951672,https://www.facebook.com/perlahairsalon/,4.8,85,True,87,A,establishment|hair_care|point_of_interest,45,B
Centro estético Sonia Lanoza,Spa/Wellness,General,Asunción,,"Atyra, Asunción 001423, Paraguay",-25.3187068,-57.59456019999999,0986 371827,,4.8,11,False,85,A,establishment|point_of_interest|spa,45,B
AS Estética de Resultados,Otros,General,Asunción,,"Gral. José María Bruguéz 353, Asunción 001225, Paraguay",-25.2935498,-57.6159308,0972 122099,https://asclinicaestetica.com/,4.6,32,True,50,B,establishment|health|point_of_interest,45,B
Clínica de la Familia del CEPEP Luque,Otros,General,Luque,,"Av. Humaita 34, Luque 110930, Paraguay",-25.2696157,-57.486093,0985 600475,https://www.cepep.org.py/clinicas/luque/,4.7,43,True,50,B,establishment|health|point_of_interest,45,B
AnaBella Estética,Spa/Wellness,General,Luque,,"Simón Bolivar 650 casi, Luque 110933, Paraguay",-25.2752352,-57.5036935,0982 721197,,5.0,14,False,85,A,establishment|point_of_interest|spa,45,B
Alma,Gimnasio/Fitness,General,Asunción,,"PCM3+6FH, Av. Gral. José Gervasio Artigas, Asunción 001533, Paraguay",-25.2675947,-57.59555159999999,0972 611300,http://www.saisha.com.py/,0.0,0,True,30,C,establishment|gym|health|point_of_interest,45,B
Claudia Nuñez Beauty Salon,Salon de Belleza,General,Asunción,,"Bartolome De Las Casas, Asunción 001231, Paraguay",-25.3084111,-57.6032732,0992 917141,,4.4,114,False,99,A,establishment|hair_care|point_of_interest,45,B
Amaran Estética,Salon de Belleza,General,Asunción,,"Cuartel de la Rivera 4926, Asunción 001414, Paraguay",-25.3031681,-57.5872896,0992 330183,,4.8,66,False,97,A,beauty_salon|establishment|point_of_interest|spa,45,B
Monica Alonso - Beauty Bar,Spa/Wellness,General,Asunción,,"Avenida España, &, Asunción 001411, Paraguay",-25.2862154,-57.5854324,0981 934007,https://www.facebook.com/monicaalonsobeautybar,5.0,6,True,70,A,beauty_salon|establishment|point_of_interest,45,B
Fisiolution Paraguay,Salon de Belleza,General,Asunción,,"Simón Bolívar N° 851, entre Parapiti y, Asunción 001103, Paraguay",-25.2947777,-57.6339315,0981 095546,,4.4,107,False,99,A,beauty_salon|establishment|point_of_interest|spa|store,45,B
Annuva,Salon de Belleza,General,Asunción,,"PC6C+4PF, Sucre, Asunción 001411, Paraguay",-25.2896874,-57.5782044,0991 208143,,5.0,95,False,97,A,beauty_salon|establishment|point_of_interest,45,B
Nueve Reinas spa de manos y pies,Spa/Wellness,Spa,Asunción,,"Av. Dr. José Gaspar Rodriguez de Francia y, Asunción 001102, Paraguay",-25.2911976,-57.638913,0974 500654,https://www.instagram.com/nuevereinasnailspa?igsh=NWxsM2NqdHpmNGhq,5.0,5,True,70,A,beauty_salon|establishment|point_of_interest,45,B
Jessica Maia Curls,Peluqueria,General,Asunción,,"Virgilio Mola y, Asunción 001535, Paraguay",-25.2837009,-57.5927988,0983 158945,,4.8,83,False,97,A,establishment|hair_care|point_of_interest,45,B
Vanity Beauty Spa,Spa/Wellness,Spa,Luque,,"PGGG+CHV, Luque 110924, Paraguay",-25.2738783,-57.47359239999999,0986 211747,http://www.facebook.com/vanitybeautyspapy,4.8,5,True,70,A,establishment|hair_care|point_of_interest,45,B
ADRI ROLON STUDIO,Salon de Belleza,General,Asunción,,"Doctor Luís Enrique Migone, Asunción 001529, Paraguay",-25.2830348,-57.57053089999999,0983 139599,http://linktr.ee/adrirolonpmu,4.8,99,True,67,B,beauty_salon|establishment|point_of_interest,45,B
Gabby Dose Studio,Salon de Belleza,General,Asunción,,"Raul Carmona, &, Asunción 001408, Paraguay",-25.2970666,-57.5701745,0991 785311,,4.9,71,False,97,A,beauty_salon|establishment|hair_care|point_of_interest,45,B
PANY Beauty Bar,Peluqueria,General,Asunción,,"San Rafael 1166, Asunción 001527, Paraguay",-25.2753861,-57.5712105,0981 834878,,4.9,60,False,97,A,establishment|hair_care|point_of_interest,45,B
Rommy Centro,Salon de Belleza,General,Asunción,,"Alberdi y, Asunción 001013, Paraguay",-25.2841327,-57.6378224,(021) 496 591,http://rommy.com.py/,4.3,130,True,69,B,beauty_salon|establishment|point_of_interest,45,B
Momentum Spa,Spa/Wellness,Spa,Luque,,"PF6H+9PQ, Luque 110944, Paraguay",-25.28899,-57.52059619999999,0976 975536,https://www.instagram.com/momentumspapy?igsh=MXBzdXpzMmpiZjMwNw==,5.0,5,True,70,A,establishment|point_of_interest|spa,45,B
Glow Spa Py,Spa/Wellness,Spa,Asunción,,"Domingo Portillo 1542, Asunción 001520, Paraguay",-25.2717035,-57.56584720000001,0985 900533,,4.8,23,False,90,A,establishment|point_of_interest|spa,45,B
Bendito Spa Boutique Carmelitas,Spa/Wellness,Spa,Asunción,,"PC9G+7P5, Asunción 001529, Paraguay",-25.282158,-57.5731437,0993 555560,,4.9,26,False,90,A,establishment|point_of_interest|spa,45,B
COCO Beauty Center,Salon de Belleza,General,Asunción,,"Herminio Maldonado 859 c Entre, Eusebio Lillo Robles, Asunción 1829, Paraguay",-25.2925501,-57.56506869999999,0991 802076,http://coco.com.py/,4.8,69,True,67,B,beauty_salon|establishment|point_of_interest,45,B
MegaCosméticos Luque,Otros,General,Luque,,"Cerro Cora y, Luque 110930, Paraguay",-25.2679705,-57.49051169999999,0986 504244,,4.4,140,False,92,A,establishment|point_of_interest|store,45,B
Flayp S.R.L.,Otros,General,Asunción,,"Solar Guarani 1256 c/ José Asunción Flores, Solar Guarani 1256, Asunción 001230, Paraguay",-25.3043121,-57.6053737,(021) 200 080,,4.2,101,False,92,A,establishment|point_of_interest|shopping_mall,45,B
MaraikuaaseTattoo,Tatuajes/Piercing,General,Asunción,,"Fulgencio R. Moreno 387, Asunción 001101, Paraguay",-25.2874817,-57.63417519999999,0994 982961,,4.9,57,False,90,A,establishment|point_of_interest,45,B
Pausa - Estetica y Cuidado,Estetica/Facial,General,Asunción,,"Del Carmen casi, Asunción 001239, Paraguay",-25.3148768,-57.626055,0986 545054,,5.0,52,False,90,A,establishment|point_of_interest|spa,45,B
Adriana,Otros,General,Asunción,,"Dr. Eduardo López Moreira 4780, Asunción 001413, Paraguay",-25.2991795,-57.58694449999999,0986 747555,,4.9,91,False,90,A,establishment|point_of_interest,45,B
Serenity Spa,Spa/Wellness,Spa,Luque,,"PG5H+MX4, Leocadio Leguizamón, Luque 110926, Paraguay",-25.2908727,-57.47004599999999,0981 909048,,5.0,24,False,90,A,establishment|point_of_interest|spa,45,B
OMNIA Estética Integral,Spa/Wellness,General,Luque,,"Independencia Nacional 120, entre Yegros y, Luque 110921, Paraguay",-25.2657127,-57.49005879999999,0992 306184,,4.9,28,False,90,A,establishment|point_of_interest|spa,45,B
Spa Eden Molas,Spa/Wellness,Spa,Asunción,,"PCGG+WW4, Comandante Pascual Urdapilleta, Asunción 001528, Paraguay",-25.2727369,-57.5726859,0994 946299,,5.0,2,False,75,A,establishment|point_of_interest|spa,45,B
Azu Spa,Spa/Wellness,Spa,Luque,,"PFCR+JWP, Padre Landaire, Luque 110936, Paraguay",-25.2786246,-57.50766529999999,0991 776003,https://instagram.com/azu_spa?igshid=NGVhN2U2NjQ0Yg==,5.0,1,True,65,B,beauty_salon|establishment|point_of_interest,45,B
Itto Tattoo & Body Piercing,Tatuajes/Piercing,Tattoo Studio,Asunción,,"Av. Juan Domingo Perón 3285, Asunción 001304, Paraguay",-25.3390298,-57.6345231,0961 940826,,4.9,81,False,90,A,establishment|point_of_interest,45,B
SPA Metanoia. Barberia Metanoia,Barberia,Spa,Asunción,,"Juan S Bogarin 528, Asunción 001412, Paraguay",-25.2964596,-57.5848117,0983 308123,https://instagram.com/metanoiaspapy?utm_medium=copy_link,4.7,47,True,75,A,beauty_salon|establishment|hair_care|health|point_of_interest|spa,45,B
Camila Bogado Spa de Uñas,Spa/Wellness,Spa,Asunción,,"Ntra Sra del Carmen, Dr y, Asunción 1518, Paraguay",-25.2793614,-57.58291800000001,0985 453025,https://www.instagram.com/camilabogadospa?igsh=YmV4MXM1MHk1YmRv,4.9,17,True,75,A,establishment|point_of_interest|spa,45,B
Estética Integral Cyntia Jiménez,Spa/Wellness,General,Asunción,,"Ulrico Schmidel 276 casi, Asunción 001416, Paraguay",-25.29859,-57.5738497,0981 909387,,5.0,2,False,75,A,establishment|point_of_interest|spa,45,B
DermoBeauty Luque,Salon de Belleza,General,Luque,,"Gral. Díaz, PFCX+XG2, &, Luque 110935, Paraguay",-25.2776109,-57.5012466,0991 923660,http://www.dermobeauty.com.py/,4.7,62,True,67,B,beauty_salon|establishment|point_of_interest,40,B
Lilios Barber Shop 2,Barberia,Barberia Moderna,Asunción,,"Vice Pdte. Sanchez casi, Asunción 1410, Paraguay",-25.3015973,-57.6177475,0971 231969,,5.0,2,False,70,A,establishment|hair_care|health|point_of_interest,40,B
Beauty Life Stetic,Spa/Wellness,General,Asunción,,"R.I. 5 Gral. Díaz casi, Asunción 001416, Paraguay",-25.300413,-57.5681615,0984 377070,,4.7,6,False,80,A,establishment|point_of_interest|spa,40,B
Clínica Dra Belleza,Otros,General,Luque,,"Independencia Nacional, Luque 110921, Paraguay",-25.2659063,-57.4889965,0973 535013,https://instagram.com/clinicadrabelleza?igshid=YmMyMTA2M2Y=,5.0,3,True,55,B,establishment|health|point_of_interest,40,B
EstetiKAF Medicina Estética,Otros,General,Asunción,,"Edificio ABIBA, Alcorta 360 casi, Asunción 1609, Paraguay",-25.3108109,-57.59860880000001,0983 555242,http://www.estetikaf.com/,4.9,7,True,40,C,doctor|establishment|health|point_of_interest,40,B
Stetica Médica. Cirugía Plástica - Dermatología,Otros,General,Asunción,,"PCGG+JWJ, Asunción 001528, Paraguay",-25.2734218,-57.5727288,(021) 613 328,http://macielcirugiaplasticaydermatologia.com/,5.0,2,True,35,C,doctor|establishment|health|point_of_interest,40,B
Dr. Ayala Bonzi Medical Center,Otros,General,Asunción,,"Mariscal Antonio Jose Sucre 1960, Asunción 001408, Paraguay",-25.2920696,-57.5704177,0981 836474,https://www.cirugiaestetica.com.py/,4.9,13,True,45,C,establishment|health|point_of_interest,40,B
Naturella | Centro de Bienestar,Otros,General,Luque,,"Capitan Bado, Luque 110930, Paraguay",-25.2703216,-57.49262160000001,0983 885111,https://linktr.ee/Naturella.py,5.0,13,True,45,C,establishment|health|point_of_interest,40,B
Depilaser Paraguay,Depilacion,Depilacion Laser,Asunción,,"Prof. César Vasconcellos 1345, Asunción 001410, Paraguay",-25.2855877,-57.56838390000001,0981 906090,http://www.depilaser.com.py/,5.0,2,True,35,C,beauty_salon|establishment|hair_care|health|point_of_interest,40,B
Lilio’s Barber Shop,Barberia,Barberia Moderna,Asunción,,"Tte. José Cáceres Sanabria 2073, Asunción 2073, Paraguay",-25.2435732,-57.5465125,0971 231969,,5.0,20,False,85,A,beauty_salon|establishment|hair_care|health|point_of_interest,40,B
Braavos Barber Shop,Barberia,Barberia Moderna,Luque,,"Santander casi, Luque 110934, Paraguay",-25.2703638,-57.5089539,0961 673600,https://www.instagram.com/braavos_barbershop?igsh=MXFqNmFsNnc5Ym50YQ==,5.0,1,True,60,B,establishment|hair_care|health|point_of_interest,40,B
Bliss Spa,Spa/Wellness,Spa,Asunción,,"15 De Agosto 1673, Asunción 001015, Paraguay",-25.2922566,-57.6454475,0984 588240,,4.7,19,False,85,A,establishment|point_of_interest|spa,40,B
Clínica Maely Sales,Otros,General,Asunción,,"Camilo Recalde 595 Esquina, Asunción 001416, Paraguay",-25.3019008,-57.57637820000001,0991 719767,https://www.instagram.com/clinicamaelysales?igsh=cng4czltc3hiYjJr,5.0,9,True,60,B,establishment|health|point_of_interest,40,B
Magnolia pink,Otros,General,Asunción,,"Roma 231 Entre Chile Y Nuestra Señora De La Asuncion, Asunción 1261, Paraguay",-25.2934339,-57.64215470000001,0984 151540,https://www.facebook.com/Magnolia-Pink-475743002461959/,4.5,61,True,80,A,establishment|point_of_interest|store,40,B
Global Esthetics,Otros,General,Asunción,,"Ri 3 Corrales, Asunción 001416, Paraguay",-25.3000439,-57.57104469999999,(021) 610 945,https://www.instagram.com/globalesthetics_py/,4.8,8,True,60,B,establishment|health|point_of_interest,40,B
ND by Débora Fernández,Otros,General,Asunción,,"Ntra. Sra. de la Asunción y, Asunción 001102, Paraguay",-25.2893784,-57.6392447,0991 366033,,4.8,23,False,80,A,establishment|health|point_of_interest,40,B
VERO BENITEZ PILATES - LA CASA DEL MOVIMIENTO,Uñas/Nails,Yoga/Pilates,Asunción,,"Prof. Rómulo Feliciángeli 540 casi, Asunción 001529, Paraguay",-25.2829853,-57.5769888,0972 956466,https://linktr.ee/verobenitezpilatestudio,5.0,11,True,45,C,establishment|gym|health|point_of_interest,40,B
Nico Barbershop Py,Barberia,General,Luque,,"Plaza Rosa Morel, Luque 110932, Paraguay",-25.2741931,-57.49861019999999,0985 128986,,4.8,21,False,85,A,establishment|hair_care|health|point_of_interest,40,B
Dermalaser,Depilacion,Depilacion Laser,Asunción,,"Vasconcellos 1345, Asunción 001410, Paraguay",-25.2855909,-57.5683925,0981 906090,,4.0,36,False,77,A,establishment|health|point_of_interest,40,B
Hair Lab,Peluqueria,General,Asunción,,"Narciso R. Colmán 1539, Asunción 001527, Paraguay",-25.279393,-57.56705900000001,0972 825777,https://www.instagram.com/hairlab.py/,4.6,52,True,87,A,establishment|hair_care|point_of_interest,40,B
Marcos Coiffure,Peluqueria,General,Asunción,,"Av. Ita Ybate, Asunción 1537, Paraguay",-25.3109754,-57.6369146,0992 414209,https://www.instagram.com/p/CQ9ucFVjp58/?utm_medium=copy_link,4.6,68,True,87,A,establishment|hair_care|point_of_interest,40,B
SMP MEDICINA S.A,Otros,General,Asunción,,"Mcal Estigarribia, Asunción 001416, Paraguay",-25.3056462,-57.5667916,0971 227062,,5.0,2,False,65,B,establishment|health|point_of_interest,40,B
Sea Soul Yoga Studio,Gimnasio/Fitness,Yoga/Pilates,Asunción,,"Caaguazú 1934, Asunción 110101, Paraguay",-25.322069,-57.5974726,0986 445617,https://www.instagram.com/seasoulyoga_?igsh=MWR2dnRkMjZvMDQ1eg==&utm_source=qr,4.7,3,True,65,B,establishment|point_of_interest,40,B
BotoClubPy,Otros,General,Asunción,,"Avenida Molas Lopez 687 casi Prof, Dr. Cirilo Caceres Zorrilla, Asunción 001527, Paraguay",-25.2769434,-57.5653131,0981 242440,,5.0,1,False,65,B,establishment|health|point_of_interest,40,B
La Pelu Hair Estudio,Peluqueria,General,Asunción,,"Cecilio Da Silva 1160, Asunción 001527, Paraguay",-25.2788199,-57.56701709999999,0981 595979,https://www.instagram.com/lapeluhairstudio/,4.7,83,True,87,A,establishment|hair_care|point_of_interest,40,B
Yenny Almirón (COSMETOLOGA & COSMIATRA),Estetica/Facial,General,Asunción,,"Pascual Ramon Casco, Asunción 001508, Paraguay",-25.2491422,-57.53821749999999,0972 416700,https://www.instagram.com/p/CbJOMnGJVFt/?igshid=YmMyMTA2M2Y=,5.0,1,True,55,B,beauty_salon|establishment|health|point_of_interest,40,B
Alteza Nails,Uñas/Nails,Salon Uñas,Asunción,,"Manuel del Castillo esquina, Asunción 1102, Paraguay",-25.2985311,-57.58142319999999,0994 233552,https://www.instagram.com/alteza_nails/,4.7,51,True,80,A,establishment|point_of_interest|spa,40,B
Barberia y Piercing Calaca,Barberia,Piercing Studio,Luque,,"MGVC+5HJ, Unnamed Road, Luque 110952, Paraguay",-25.3071654,-57.47866699999999,0971 527726,,5.0,10,False,80,A,establishment|hair_care|health|point_of_interest,40,B
Lucy Andrea Spa de Manos y Pies,Spa/Wellness,Spa,Luque,,"Mariscal Lopez, Luque 110918, Paraguay",-25.2650197,-57.49593520000001,0991 705993,https://www.facebook.com/LucyAndreaSpa?mibextid=ZbWKwL,4.7,24,True,80,A,establishment|hair_care|point_of_interest,40,B
Dra. Roxana Maciel,Otros,General,Asunción,,"Julián Alarcon, Asunción 001528, Paraguay",-25.2734317,-57.5727096,0984 197669,,5.0,4,False,65,B,doctor|establishment|health|point_of_interest,40,B
ANGIE Peluquería y Spa,Peluqueria,Spa,Asunción,,"Tacuari 646 entre Azara y Herrera Asunción, Asunción 1506, Paraguay",-25.2881283,-57.63004609999999,0982 811934,https://www.facebook.com/angie1pelu.spa/,4.7,62,True,87,A,beauty_salon|establishment|point_of_interest|spa,40,B
Seda Cosmetica Luque,Estetica/Facial,General,Luque,,"C. Coronel Martínez esq, Luque 110930, Paraguay",-25.2736139,-57.4866683,0976 971214,,4.5,80,False,90,A,establishment|point_of_interest|store,40,B
Joseph Coiffure Carmelitas,Spa/Wellness,General,Asunción,,"Av. España 1480, Asunción 001411, Paraguay",-25.2863659,-57.5735593,0981 452622,https://www.joseph.com.py/,4.5,28,True,60,B,establishment|hair_care|point_of_interest,40,B
Vital Clinica Integral,Otros,General,Asunción,,"Edificio ABIBA, Alcorta 360 casi, Asunción 1609, Paraguay",-25.3108381,-57.59853889999999,0971 622111,,5.0,3,False,65,B,establishment|health|point_of_interest,40,B
Jesús Barber,Barberia,General,Asunción,,"Av. Bruno Guggiari, Asunción 1065, Paraguay",-25.314592,-57.61181509999999,0984 928214,https://www.instagram.com/_jesusbarber1?igsh=MW9nZjZ3N2RrcWszcw==,5.0,12,True,70,A,establishment|hair_care|health|point_of_interest,40,B
Medimax,Otros,General,Luque,,"PFPJ+7FP, Luque 110937, Paraguay",-25.2646449,-57.5191405,0973 931800,,5.0,7,False,70,A,establishment|health|point_of_interest,40,B
Clínica Galema de la Doctora Lorena González,Otros,General,Asunción,,"Dr. Osvaldo Chavez 1717, Asunción 001422, Paraguay",-25.3123253,-57.5932913,0976 567568,,5.0,5,False,70,A,establishment|health|point_of_interest,40,B
Barberia Urban Style py,Barberia,General,Asunción,,"001517, Av. Gral. José Gervasio Artigas y, Asunción 001517, Paraguay",-25.2651484,-57.59606719999999,0981 539166,https://www.instagram.com/_urbanstylepy_?igsh=OXNmampqaWhucWtq,5.0,13,True,70,A,establishment|hair_care|health|point_of_interest,40,B
Making Barberia (IPS-Luque),Barberia,General,Luque,,"PG88+9PJ, C. Coronel Martínez, Luque 110927, Paraguay",-25.2832066,-57.483266,0986 449202,,5.0,1,False,70,A,establishment|hair_care|health|point_of_interest,40,B
Cami Landolfi,Salon de Belleza,General,Asunción,,"Alas Paraguayas 348, Asunción 1863, Paraguay",-25.2997481,-57.57402800000001,0981 991925,,4.7,95,False,97,A,beauty_salon|establishment|point_of_interest,40,B
Zalyra | Armonización facial y corporal,Estetica/Facial,General,Asunción,,"Asunción 001527, Paraguay",-25.2816572,-57.56570379999999,0982 465060,,5.0,8,False,70,A,doctor|establishment|health|point_of_interest,40,B
LIM'S BEAUTY SALON,Salon de Belleza,General,Asunción,,"Paraguay, Asunción, Capitan Elías Ayala, Lim's beauty salon",-25.2736629,-57.5644955,0983 985300,https://instagram.com/lims_beautysalon?igshid=YmMyMTA2M2Y=,4.9,18,True,72,A,beauty_salon|establishment|health|point_of_interest|spa,40,B
Urban barbería,Barberia,General,Luque,,"110901, Luque 110940, Paraguay",-25.2385229,-57.49089309999999,0982 579205,,5.0,1,False,70,A,establishment|hair_care|health|point_of_interest,40,B
Barberia y Peluquería ROCA,Peluqueria,General,Luque,,"Ykua Rotī FRENTE AL POLIDEPORTIVO SAN RAMON, Luque 110915, Paraguay",-25.2454444,-57.49183790000001,0991 244832,,5.0,1,False,72,A,establishment|hair_care|health|point_of_interest,40,B
Rastas,Peluqueria,General,Asunción,,"PCPM+72P, Asunción 001521, Paraguay",-25.264291,-57.56704999999999,0994 144007,,5.0,2,False,72,A,establishment|hair_care|health|point_of_interest,40,B
Rotterdam barberShop,Barberia,General,Asunción,,"Asunción 001521, Paraguay",-25.2669611,-57.5674215,0994 306016,https://instagram.com/rotterdam_barber_shop?igshid=YmMyMTA2M2Y=,4.9,26,True,75,A,establishment|hair_care|health|point_of_interest,40,B
Rodrigol Barber Shop,Barberia,Barberia Moderna,Luque,,"PGQ6+7Q3, Comandante Cabaña, Luque 110920, Paraguay",-25.2618618,-57.48807919999999,0981 763762,https://instagram.com/rodrigolbarber?igshid=OGQ5ZDc2ODk2ZA==,4.9,14,True,70,A,establishment|hair_care|health|point_of_interest,40,B
Clinica Carmelitas,Otros,General,Asunción,,"San Benigno 999 esquina, Asunción 001527, Paraguay",-25.2798964,-57.571696,(021) 664 424,,5.0,5,False,70,A,establishment|health|point_of_interest,40,B
Isa Coiffure Laboratorio De Rubias,Salon de Belleza,General,Asunción,,"Rodolfo Zotti 487 entre, Dr. Emilio Hassler y, Asunción 001413, Paraguay",-25.2962626,-57.58328789999999,0982 127134,https://laboratorioderubias.my.canva.site/,4.6,69,True,67,B,beauty_salon|establishment|point_of_interest,40,B
Peluqueria Ina Arias,Peluqueria,General,Asunción,,"Av. Estados Unidos 646 Casi, Asunción 001218, Paraguay",-25.2891791,-57.6275943,0982 233523,,4.7,81,False,97,A,establishment|hair_care|point_of_interest,40,B
Barber Tobias,Barberia,General,Luque,,"QG28+GVW, Luque 110914, Paraguay",-25.2486255,-57.48281110000001,0981 703922,,5.0,1,False,70,A,establishment|hair_care|health|point_of_interest,40,B
Caveman,Peluqueria,General,Asunción,,"De Las Palmeras 4328, Asunción 001414, Paraguay",-25.3010479,-57.5927793,0991 796301,https://www.instagram.com/cavemanbarberia,4.8,20,True,77,A,establishment|hair_care|health|point_of_interest,40,B
Bella Nails Spa Py,Spa/Wellness,Spa,Luque,,"Benjamín Aceval, Luque 110933, Paraguay",-25.2705842,-57.5000656,0981 993074,https://www.instagram.com/bella_nailspapy?igsh=bWQzdmh5ZHV2Znpx,4.5,4,True,65,B,beauty_salon|establishment|point_of_interest,40,B
SEMPER,Otros,General,Luque,,"José Bonifacio 299, Luque 110933, Paraguay",-25.2683813,-57.50535019999999,0984 833748,http://wa.me/595984833748,4.9,16,True,65,B,establishment|health|point_of_interest|store,40,B
Murray tattoo barber,Barberia,General,Luque,,"Luque 110916, Paraguay",-25.2504021,-57.5057791,0972 627570,,4.9,8,False,75,A,establishment|hair_care|health|point_of_interest,40,B
Odontologia Miranda Estética Dentofacial,Estetica/Facial,General,Asunción,,"Solar Guarani, Asunción 1380, Paraguay",-25.305164,-57.60541009999999,0985 380756,,5.0,3,False,65,B,establishment|health|point_of_interest,40,B
Bellcos Paraguay S.A,Otros,General,Asunción,,"Av. Perú 140, Asunción 001209, Paraguay",-25.2893251,-57.6187838,(021) 200 055,,4.7,63,False,90,A,establishment|point_of_interest|store,40,B
Addara spa,Spa/Wellness,Spa,Asunción,,"Guarambare y tenientes solis 4155 1982, Asunción 1982, Paraguay",-25.3194281,-57.60167879999999,0984 917183,,4.6,29,False,90,A,establishment|point_of_interest|spa,40,B
Benditas Manos,Spa/Wellness,General,Luque,,"Cap. Andres Insfran y, Luque 110932, Paraguay",-25.2689617,-57.49559470000001,0981 308430,https://instagram.com/benditasmanosnailspapy?igshid=1jz0376liuriy,4.5,15,True,75,A,establishment|point_of_interest|spa,40,B
EstetiCare,Estetica/Facial,General,Asunción,,"Pitiantuta, &, Asunción 001204, Paraguay",-25.276918,-57.60720579999999,0971 264525,,5.0,1,False,65,B,establishment|health|point_of_interest,40,B
Clínica de Rehabilitación Fisiomedic Paraguay,Otros,General,Luque,,"Valeriano Zeballos, PGM6+32V, &, Luque 110921, Paraguay",-25.2672579,-57.489948,0984 103260,,5.0,2,False,65,B,establishment|health|point_of_interest,40,B
Salon Market - Casa Central,Salon de Belleza,General,Asunción,,"Dr. Molas López esquina, Asunción 1521, Paraguay",-25.2757808,-57.5673304,0982 446044,https://salonmarket.com.py/,4.5,89,True,67,B,establishment|point_of_interest|store,40,B
Consultorio Médico Medimac,Otros,General,Luque,,"Antequera 148, Luque 110929, Paraguay",-25.2711061,-57.4853713,0991 601260,,5.0,2,False,65,B,establishment|health|point_of_interest,40,B
Sauna 945 spa,Spa/Wellness,Spa,Asunción,,"Teniente Fariña 945, Asunción 001219, Paraguay",-25.2925053,-57.63072379999999,0995 625766,,4.6,23,False,90,A,establishment|point_of_interest|spa,40,B
Royal Beauty STHETIC,Otros,General,Asunción,,"Lazaro Gonzalez 235, Asunción 001403, Paraguay",-25.2949095,-57.54592189999999,0985 154041,,4.7,89,False,90,A,establishment|point_of_interest,40,B
Fisioestetica Felicita,Estetica/Facial,General,Luque,,"Del Maestro 642, Luque 5959, Paraguay",-25.2739752,-57.50174370000001,0986 582688,,5.0,1,False,65,B,establishment|health|physiotherapist|point_of_interest,40,B
Sonia Argüello Studio,Salon de Belleza,General,Asunción,,"PC66+GRX, 23 De Octubre, Asunción 001411, Paraguay",-25.2886417,-57.5878933,0971 890882,,4.8,31,False,87,A,beauty_salon|establishment|point_of_interest,35,C
Gere Rios ESTHETIC,Salon de Belleza,General,Asunción,,"Jose Ocampos Lanzoni 823, Asunción 001408, Paraguay",-25.2904126,-57.5703312,0974 141154,,4.9,43,False,87,A,beauty_salon|establishment|point_of_interest,35,C
Divadivini Hair Salón,Peluqueria,General,Asunción,,"Juan S Bogarin 4860, Asunción 001412, Paraguay",-25.2977116,-57.58515639999999,0985 731137,,4.8,47,False,87,A,establishment|hair_care|point_of_interest,35,C
Chick Cosmeticos,Estetica/Facial,Perfumeria,Luque,,"PGJ6+V2P, Luque 110921, Paraguay",-25.2678285,-57.4899413,0981 862316,,4.4,66,False,87,A,establishment|point_of_interest|store,35,C
Barbería & Peluquería Hermes Maldonado,Peluqueria,General,Luque,,"412 c, Javier Bogarin 412 c, Luque 5959, Paraguay",-25.2741233,-57.49025369999999,0984 781115,,4.8,47,False,87,A,establishment|hair_care|point_of_interest,35,C
Dra. Diana Grossling,Salon de Belleza,General,Asunción,,"Eusebio Lillo Robles 1750, Asunción 1750, Paraguay",-25.2903428,-57.5721832,0982 160036,,4.8,34,False,87,A,beauty_salon|establishment|point_of_interest|spa,35,C
Noe Coiffure,Salon de Belleza,General,Asunción,,"P9FR+74H, Av Gral Máximo Santos, Asunción 001203, Paraguay",-25.2768116,-57.6096261,0981 831234,,4.8,45,False,87,A,beauty_salon|establishment|point_of_interest,35,C
Stilo & Glamour Coiffure,Salon de Belleza,General,Luque,,"Cnel. Oviedo, Luque 110932, Paraguay",-25.2701693,-57.49852740000001,0981 135893,,4.9,31,False,87,A,beauty_salon|establishment|point_of_interest,35,C
MONCHO (HAIR SALON SPA),Salon de Belleza,Spa,Luque,,"PGP4+57C, M. Troche, Luque 110918, Paraguay",-25.2645711,-57.4943611,0992 344654,,4.9,30,False,87,A,beauty_salon|establishment|point_of_interest,35,C
Marie Carol Beauty & Lifestyle,Salon de Belleza,General,Asunción,,"Edificio Atrium, Dr. Francisco Morra y, Asunción 1807, Paraguay",-25.2932895,-57.5782509,0986 610300,https://mariecarol.com.py/,4.3,66,True,64,B,beauty_salon|establishment|hair_care|point_of_interest,35,C
Maisant Nailstudio,Uñas/Nails,Salon Uñas,Asunción,,"Fernando de la mora, general santos 260 c, Asunción 001311, Paraguay",-25.3096722,-57.6147462,0994 490406,,4.9,39,False,80,A,beauty_salon|establishment|point_of_interest,35,C
TAJOS Barberos (CIT),Barberia,General,Asunción,,"Tte. 2do. Benigno Cáceres, Asunción 001403, Paraguay",-25.2876977,-57.543803,0984 909422,http://wa.me/595984909422,4.7,3,True,60,B,establishment|hair_care|health|point_of_interest,35,C
Bar de Cejas,Pestañas/Cejas,General,Asunción,,"Av Gral Máximo Santos, Asunción 001310, Paraguay",-25.3173871,-57.6198675,(021) 728 8000,https://www.bardecejas.com/,4.9,42,True,50,B,beauty_salon|establishment|point_of_interest,35,C
Derma Boutique - Asunción,Otros,General,Asunción,,"Augusto Roa Bastos, Asunción 001530, Paraguay",-25.2840365,-57.58081519999999,(021) 283 333,,4.3,77,False,87,A,establishment|point_of_interest|store,35,C
Pamela Ortiz beauty & cejas,Pestañas/Cejas,General,Luque,,"Urbanizacion Alto Pinar, Luque 110943, Paraguay",-25.2914438,-57.50797919999999,0986 117392,,5.0,32,False,80,A,beauty_salon|establishment|point_of_interest,35,C
Salon Market - Luque,Salon de Belleza,General,Luque,,"Balderrama &, PGJ5+FR4, 14 De Mayo, Luque 110930, Paraguay",-25.2688563,-57.49042709999999,0984 391552,https://salonmarket.com.py/,4.8,32,True,57,B,establishment|point_of_interest|store,35,C
Rudem Store Paraguay,Otros,General,Asunción,,"Prof. Miguel Torres 5313, Asunción 001414, Paraguay",-25.3058823,-57.5842062,0986 333394,https://www.rudemstore.com.py/,4.9,32,True,50,B,establishment|point_of_interest|store,35,C
Divinas Py,Salon de Belleza,General,Asunción,,"Moisés Bertoni 3195 casi, Asunción 001405, Paraguay",-25.3005695,-57.5572174,0994 810406,,4.4,96,False,94,A,beauty_salon|establishment|point_of_interest,35,C
New Eva,Salon de Belleza,General,Asunción,,"Melvin Jones 477, Asunción 001529, Paraguay",-25.2836694,-57.5763541,0981 555761,https://www.instagram.com/newevapy/,4.9,41,True,77,A,beauty_salon|establishment|hair_care|point_of_interest,35,C
Red cats,Salon de Belleza,General,Asunción,,"San Francisco 757, Asunción 001208, Paraguay",-25.2846333,-57.60267589999999,0983 365437,https://instagram.com/redcats_py,5.0,35,True,77,A,beauty_salon|establishment|point_of_interest,35,C
Beauty Studio By Tati Martinez,Salon de Belleza,General,Asunción,,"San Cosme esquina, Asunción 001205, Paraguay",-25.274057,-57.59901379999999,0971 668569,https://www.instagram.com/beautystudio93_?igsh=MWE2MDFwamlkNzhm,4.8,38,True,77,A,beauty_salon|establishment|point_of_interest,35,C
Lu Almada Nails,Uñas/Nails,Salon Uñas,Asunción,,"Gral. Torreani Viera esq, Asunción 1412, Paraguay",-25.2957556,-57.58543689999999,0984 972849,https://www.instagram.com/lualmadanails/?hl=es-la,4.4,79,True,77,A,beauty_salon|establishment|point_of_interest|store,35,C
Obsession Nails & Beauty,Uñas/Nails,Salon Uñas,Asunción,,"Av. Brasilia 1155, Asunción 001205, Paraguay",-25.2773315,-57.5998849,0981 770330,,4.2,84,False,87,A,beauty_salon|establishment|point_of_interest,35,C
MMUSA CLÍNICA DEPILACIÓN LÁSER,Otros,General,Luque,,"Cap. Andres Insfran, Luque 110932, Paraguay",-25.2689312,-57.4955914,0971 633444,,4.6,11,False,75,A,establishment|health|point_of_interest,35,C
Nails Express by Rossie,Uñas/Nails,Salon Uñas,Asunción,,"Julio Correa, &, Asunción 001526, Paraguay",-25.2710918,-57.5642887,0981 288669,https://www.facebook.com/nailsexpresspy/,4.3,71,True,77,A,beauty_salon|establishment|point_of_interest|spa,35,C
Wanda Joyas,Otros,General,Asunción,,"Av. Cacique Lambare casi, Asunción 110715, Paraguay",-25.3388672,-57.5902045,0981 681111,https://www.facebook.com/wandajoyas,4.4,86,True,77,A,establishment|jewelry_store|point_of_interest|store,35,C
Making Barberia (Doble Av-Luque),Barberia,General,Luque,,"PGP8+343, Av. Corrales, Luque 110920, Paraguay",-25.2648074,-57.48471499999999,0972 676601,,4.5,2,False,70,A,establishment|hair_care|health|point_of_interest,35,C
Bela Nails Spa,Spa/Wellness,Spa,Luque,,"PGH3+V68, Cnel. Oviedo, Luque 110932, Paraguay",-25.2703417,-57.4969191,0974 240019,https://instagram.com/belanails_spa?igshid=OGQ2MjdiOTE=,4.2,5,True,67,B,establishment|point_of_interest|spa,35,C
gary_tattoo88,Tatuajes/Piercing,General,Asunción,,"Independencia Nacional casi, Asunción 001104, Paraguay",-25.298935,-57.6447395,0961 816106,https://instagram.com/gary_tattoo88?utm_medium=copy_link,5.0,49,True,70,A,establishment|point_of_interest|store,35,C
Verita Nails Art,Uñas/Nails,Salon Uñas,Asunción,,"Hernandarias, Asunción 001012, Paraguay",-25.2802603,-57.6443969,0981 500316,https://www.instagram.com/veritanails/?utm_source=qr&r=nametag,5.0,35,True,70,A,beauty_salon|establishment|point_of_interest,35,C
Ali Reyes MakeUp,Uñas/Nails,General,Asunción,,"Colon 1778 c, Juan Andres Gelly 1777 c, Asunción 001015, Paraguay",-25.2908015,-57.6498605,0981 775367,https://instagram.com/alireyesmakeup?igshid=iithv6inqu8a,4.8,48,True,70,A,beauty_salon|establishment|point_of_interest,35,C
Rebechu Nails Designer,Uñas/Nails,Salon Uñas,Asunción,,"Juan de Ayolas, Asunción 110710, Paraguay",-25.3299209,-57.60623709999999,0991 594455,https://www.instagram.com/rebechu.nails.py/,5.0,31,True,70,A,beauty_salon|establishment|point_of_interest,35,C
Raquel Díaz Academia (RD Makeup),Gimnasio/Fitness,General,Asunción,,"Mariscal López & Valdez Verón San Lorenzo, Asunción 7600, Paraguay",-25.2979973,-57.57038119999999,0984 120540,,3.5,8,False,73,A,establishment|point_of_interest,30,C
Clínica Meza,Otros,General,Luque,,"0000, Luque 0000, Paraguay",-25.2661527,-57.5081642,0981 667971,,4.2,5,False,67,B,establishment|health|point_of_interest,30,C
Larra BarberShop,Barberia,General,Asunción,,"PCH7+RXJ, Presbitero Felipe Santiago León, Asunción 001534, Paraguay",-25.2704023,-57.58511739999999,0991 982341,https://www.facebook.com/titolarraok,4.2,15,True,67,B,establishment|hair_care|health|point_of_interest,30,C
Marta Rivas-Hair Spa,Peluqueria,Spa,Asunción,,"Capitan Felipe Allen Gomez 778 entre, 25 de Mayo y, Asunción 001229, Paraguay",-25.3000717,-57.6007776,0981 994110,,4.4,7,False,74,A,beauty_salon|establishment|health|point_of_interest,30,C
Enrique Barbershop,Barberia,General,Luque,,"110920, Luque 110919, Paraguay",-25.2569371,-57.4895029,0991 605881,,4.4,7,False,72,A,establishment|hair_care|health|point_of_interest,30,C
Millennials Haus,Otros,General,Luque,,"PFMR+X76, Agripina Burgos, Luque 110934, Paraguay",-25.2650814,-57.5093708,0992 809100,http://millennialshaus.com/,4.0,1,True,32,C,establishment|health|point_of_interest,30,C
"Essenza cirugia, medicina estética y odontologica",Otros,General,Asunción,,"Cerro Cora 3948 & Radio Operadores del Chaco, Cerro Corá 3948, Asunción 1594, Paraguay",-25.3021313,-57.5972728,0986 318186,,4.3,6,False,67,B,establishment|health|point_of_interest,30,C
Skin Clinic,Otros,General,Asunción,,"Austria 2371, Asunción 001409, Paraguay",-25.2900439,-57.5635636,0972 504405,,4.1,7,False,67,B,doctor|establishment|health|point_of_interest,30,C
Orabella,Peluqueria,General,Asunción,,"MacArthur casi, Dr. Toribio Pacheco, Asunción 001413, Paraguay",-25.2964165,-57.58933829999999,0971 927979,,3.6,68,False,85,A,establishment|hair_care|point_of_interest,30,C
Joseph Laurelty,Salon de Belleza,General,Luque,,"PF6X+4RP, Cap. Andres Insfran, Luque 110947, Paraguay",-25.2896604,-57.5004207,0981 751764,,4.7,42,False,87,A,beauty_salon|establishment|point_of_interest,30,C
spa andrea,Spa/Wellness,Spa,Luque,,"Cap. Andres Insfran, Luque 2060, Paraguay",-25.2762877,-57.4967158,0971 755251,https://www.instagram.com/spaandrea_08,0.0,0,True,50,B,establishment|point_of_interest|spa,30,C
Wanda Boutique,Otros,General,Asunción,,"M9FC+9X9, Av. José Felix Bogado, Asunción 001302, Paraguay",-25.3265765,-57.62750939999999,0306 198,,4.5,46,False,80,A,clothing_store|establishment|point_of_interest|store,30,C
Balvi depilaciones,Depilacion,General,Asunción,,"PCGP+GFG, Dr. Gerónimo Zubizarreta, Asunción 001526, Paraguay",-25.2736861,-57.56378350000001,(021) 662 870,,4.6,44,False,80,A,beauty_salon|establishment|hair_care|point_of_interest,30,C
Cool Siluet Universe (Nazareth),Spa/Wellness,General,Asunción,,"Dr. Osvaldo Chavez 1763, Asunción 001422, Paraguay",-25.3125601,-57.5933545,0984 396990,,0.0,0,False,60,B,establishment|point_of_interest|spa,30,C
Masajes Asuncion,Spa/Wellness,General,Asunción,,"Santisimo Sacramento casi, Asunción 001519, Paraguay",-25.2549546,-57.5762453,0986 855888,,0.0,0,False,60,B,establishment|point_of_interest,30,C
Kryolan Paraguay,Otros,General,Asunción,,"PC89+8MR, Cabo Primero Feliciano Marecos, Asunción 001530, Paraguay",-25.2841264,-57.5808521,(021) 604 595,,4.6,32,False,80,A,establishment|point_of_interest|store,30,C
JASI SPA MASAJE PY,Spa/Wellness,Spa,Luque,,"Dora Gomez Bueno de Acuña, Luque 110910, Paraguay",-25.2674277,-57.4826205,0994 468578,,0.0,0,False,60,B,establishment|point_of_interest|spa,30,C
Metxmorfosis,Otros,General,Asunción,,"Cruz Del Chaco, Asunción 001412, Paraguay",-25.2956503,-57.5794876,0971 304790,,4.6,33,False,80,A,establishment|point_of_interest,30,C
LUAN · Centro de Belleza,Salon de Belleza,General,Asunción,,"Cecilio da Silva Lovera, Asunción 001527, Paraguay",-25.2776502,-57.56652090000001,0981 825205,https://www.facebook.com/Centro-de-Belleza-Luan-205869782934310/,4.7,40,True,77,A,beauty_salon|establishment|point_of_interest,30,C
Clinica Joayhu,Otros,General,Asunción,,"Capitán Emeterio Miranda 302, Olegario Víctor Andrade Esquina, Asunción 1849, Paraguay",-25.2984112,-57.5652249,0981 950738,http://www.clinicajoayhu.com/,4.4,25,True,47,C,establishment|health|point_of_interest,30,C
Beauty Express,Salon de Belleza,General,Asunción,,"MCXP+247, Ave. Dr. Guido Boggiani - Ciclovia, Asunción 001416, Paraguay",-25.3024518,-57.5647163,0992 207690,,4.6,35,False,87,A,beauty_salon|establishment|point_of_interest,30,C
DermaStore,Otros,General,Asunción,,"Av. Mariscal Lopez, Villamorra Shopping, San Roque Gonzalez de Santacruz esq, Asunción 001412, Paraguay",-25.294263,-57.58073219999999,0993 575140,http://perfumeslujosos.com/,4.7,45,True,50,B,establishment|point_of_interest|store,30,C
EL RINCON Cejas & mas,Pestañas/Cejas,General,Asunción,,"Narciso R. Colmán, Asunción 001527, Paraguay",-25.2788099,-57.5698866,0986 184890,,4.7,46,False,80,A,beauty_salon|establishment|hair_care|point_of_interest|store,30,C
Espaçolaser Depilación,Spa/Wellness,Spa,Asunción,,"Del Maestro, &, Asunción 001411, Paraguay",-25.2916537,-57.5783624,0991 856305,,3.9,28,False,83,A,beauty_salon|establishment|hair_care|point_of_interest|store,30,C
TATUAJES Y PERFORACIONES EN LUQUE. Oscar Godoy,Tatuajes/Piercing,General,Luque,,"QG7C+29, Luque 110904, Paraguay",-25.2374375,-57.4790625,0981 456517,,4.6,46,False,80,A,establishment|point_of_interest,30,C
Clínica Láser Corpsnatura,Otros,General,Asunción,,"Alfredo Seiferheld 4869 entre, Padre Buenaventura Suárez y, Asunción 001421, Paraguay",-25.304923,-57.58971629999999,0994 286257,,4.1,24,False,77,A,establishment|health|hospital|point_of_interest,30,C
Ani Coiffure,Peluqueria,General,Asunción,,"Asunción 001520, Paraguay",-25.2731334,-57.5660158,0981 223787,https://instagram.com/anicoiffure?igshid=ZWQyN2ExYTkwZQ==,4.5,35,True,77,A,establishment|hair_care|point_of_interest,30,C
Elena Benítez Belleza Integral,Peluqueria,General,Luque,,"c/ Sp Luqueño, Moises Bertoni, Luque 110930, Paraguay",-25.2729522,-57.4883619,0991 743889,http://elenabenitez.com/,5.0,1,True,42,C,establishment|hair_care|point_of_interest,25,C
Dr Wilson Larroza,Otros,General,Asunción,,"Dr. José Gómez Brizuela 1436, Asunción 001521, Paraguay",-25.2710099,-57.5472376,0992 469789,https://drwilsonlarroza.com/,5.0,7,True,40,C,establishment|point_of_interest,25,C
Liz beauty - JBarber,Barberia,General,Luque,,"11, Luque 0105, Paraguay",-25.2616848,-57.47899029999999,0974 341226,https://linktr.ee/Jbrun0,5.0,1,True,40,C,establishment|hair_care|point_of_interest,25,C
Dermo Diseño,Salon de Belleza,General,Asunción,,"M9XR+896, Asunción 001228, Paraguay",-25.3017131,-57.6091077,0971 929800,http://www.facebook.com/dermodisenopy,5.0,13,True,72,A,beauty_salon|establishment|point_of_interest,25,C
Eye Beauty Paraguay,Salon de Belleza,General,Asunción,,"Alferez Silva 1846, Asunción 001009, Paraguay",-25.285032,-57.65369,0981 732196,https://www.instagram.com/eyebeautyparaguay/,4.8,11,True,72,A,beauty_salon|establishment|point_of_interest,25,C
Asociación Paraguaya de Medicina Estética,Otros,General,Asunción,,"Quinta Juana Paula Carrillo, Santisimo Sacramento 3071, Asunción 1713, Paraguay",-25.2553288,-57.5772569,0521 284 656,https://asomedes.com/,5.0,1,True,35,C,establishment|point_of_interest,25,C
Waranifit,Otros,General,Asunción,,"Mayas, Asunción 001233, Paraguay",-25.3132428,-57.6048338,0983 337633,https://www.waranifit.com.py/,5.0,5,True,40,C,establishment|point_of_interest,25,C
Studio10py - Piercing & Body Art,Tatuajes/Piercing,Piercing Studio,Asunción,,"José Luis Appleyard y, Asunción 001507, Paraguay",-25.238842,-57.5449521,0984 246280,https://fiweex.com/links/Studio10py,5.0,1,True,35,C,establishment|point_of_interest,25,C
Freya • Nails and Relax by Lore,Uñas/Nails,Salon Uñas,Asunción,,"PCP7+Q4W, Asunción 001532, Paraguay",-25.2628329,-57.58742789999999,0972 624604,https://wa.link/bw3c6g,4.9,13,True,45,C,beauty_salon|establishment|point_of_interest,25,C
Studio Bronze Paraguay,Salon de Belleza,General,Asunción,,"Concepción Yegros de Prieto 381 esquina, Asunción 001304, Paraguay",-25.3361973,-57.6355722,0985 448457,http://www.studiobronze.com.py/,5.0,4,True,42,C,beauty_salon|establishment|point_of_interest,25,C
Ana Lucia Beauty salón,Salon de Belleza,General,Luque,,"Fulgencio Yegros y, Luque 110921, Paraguay",-25.2642915,-57.4901718,0986 288275,https://analucia.site.agendit.com.py/,5.0,2,True,42,C,beauty_salon|establishment|point_of_interest,25,C
Studio Magno Hairstylist,Peluqueria,General,Asunción,,"Dr. Facundo Machaín, Asunción 0000, Paraguay",-25.3079168,-57.5783669,0974 882615,,5.0,3,False,72,A,beauty_salon|establishment|point_of_interest,25,C
Salón de belleza RUMI PANIAGUA,Salon de Belleza,General,Asunción,,"📍Teniente Héctor Vera 1651, Asunción 001409, Paraguay",-25.2886605,-57.5722741,0971 644723,,5.0,3,False,72,A,beauty_salon|establishment|point_of_interest,25,C
Isa nails Studio py,Uñas/Nails,Salon Uñas,Asunción,,"Luís Alberto de Herrera, Asunción 001226, Paraguay",-25.2976984,-57.6140008,0982 298145,https://instagram.com/isa.nails_py?igshid=OGQ5ZDc2ODk2ZA%3D%3D&utm_source=qr,5.0,23,True,70,A,beauty_salon|establishment|point_of_interest,25,C
Guaraní ink,Otros,General,Asunción,,"Igualdad casi, Asunción 1113, Paraguay",-25.309046,-57.61371940000001,0976 382555,,5.0,7,False,70,A,establishment|point_of_interest|store,25,C
Stefania Nails,Uñas/Nails,Salon Uñas,Luque,,"Emiliano R. Fernández, Luque 110934, Paraguay",-25.2677052,-57.512444,0972 144918,https://www.facebook.com/Stefania-Nails-2080894365517056/,5.0,21,True,70,A,beauty_salon|establishment|point_of_interest,25,C
Al filo del hilo,Otros,General,Luque,,"Iturbe 259, Luque 2060, Paraguay",-25.266602,-57.4889699,0981 545132,,4.9,7,False,70,A,establishment|point_of_interest,25,C
Adela Centro de Belleza Integral,Salon de Belleza,General,Asunción,,"Ygatimi 1117 casi Hernandarias Asunción, Av. Ygatimi 1111, Asunción 1134, Paraguay",-25.2857027,-57.64846540000001,(021) 421 947,https://www.facebook.com/adelaspapy/,4.8,8,True,67,B,establishment|point_of_interest|spa,25,C
KLINIC Medicina Estética y Oculoplastia,Otros,General,Asunción,,"América 187 casi, Asunción 001207, Paraguay",-25.2910004,-57.5978927,0971 892298,,3.9,14,False,68,B,establishment|health|point_of_interest,25,C
Stefanie Medina Studio,Salon de Belleza,General,Asunción,,"Aparipy, Alto Paraná 1515, Asunción 001423, Paraguay",-25.3223994,-57.59902330000001,0991 652999,https://www.instagram.com/invites/contact/?i=1pt2uocy202gg&utm_content=3vlcr4r,5.0,17,True,72,A,beauty_salon|establishment|point_of_interest|spa,25,C
Jose Martinez Beauty,Peluqueria,General,Asunción,,"Paso De La Patria, &, Asunción 001416, Paraguay",-25.3020169,-57.57623270000001,0992 903078,https://instagram.com/josemartinez_beauty?igshid=MzRlODBiNWFlZA==,5.0,11,True,72,A,establishment|hair_care|point_of_interest,25,C
Pora beauty salon,Salon de Belleza,General,Luque,,"PFRW+F57, Pirizal, Luque 110917, Paraguay",-25.2587937,-57.50461199999999,0994 570369,,5.0,4,False,72,A,beauty_salon|establishment|point_of_interest,25,C
MUSA (MODA Y BELLEZA),Peluqueria,General,Luque,,"America, Luque 110917, Paraguay",-25.2560482,-57.4997329,0986 370705,https://www.instagram.com/musa.luque?igsh=dTF1dHh3eTZ2NWdu,5.0,7,True,67,B,establishment|hair_care|point_of_interest,25,C
Salón de Belleza L&M,Peluqueria,General,Luque,,"Teniente, Rojas Silva, Luque 110920, Paraguay",-25.2647395,-57.4871696,0991 757941,,5.0,4,False,72,A,establishment|hair_care|point_of_interest,25,C
mesoestetic Paraguay,Otros,General,Asunción,,"PC7C+3F4, Gonzalo Bulnes, Asunción 001411, Paraguay",-25.2873602,-57.5787892,0983 135300,http://www.mesoestetic.com.py/,5.0,4,True,35,C,establishment|point_of_interest|store,25,C
Mirabelle,Salon de Belleza,General,Asunción,,"Tte. Gregorio Narváez 1472, Asunción 001534, Paraguay",-25.2677114,-57.5868526,0993 575500,,5.0,4,False,72,A,beauty_salon|establishment|point_of_interest,25,C
Eco Cosmeticos Fernando Norte,Estetica/Facial,Perfumeria,Asunción,,"MFV8+GGJ, Av. Mariscal López, Asunción 110303, Paraguay",-25.3061627,-57.5337207,0976 108342,https://linktr.ee/ecocosmetico?utm_source=linktree_profile_share&ltsid=76d0f3c7-8f8c-454b-bdf9-dcb232ffe7af,5.0,2,True,35,C,establishment|point_of_interest|store,25,C
Peluquería 100% belleza,Peluqueria,General,Luque,,"1436194, Luque 110919, Paraguay",-25.2519164,-57.49522229999999,0981 485138,,5.0,3,False,72,A,establishment|hair_care|point_of_interest,25,C
Zonia Chaparro Hair & Beauty Salon,Salon de Belleza,General,Luque,,"General Genes, Luque 2060, Paraguay",-25.2642641,-57.485581,0981 163601,https://www.instagram.com/p/Cf1vKkdrXWg/?igshid=YmMyMTA2M2Y=,5.0,11,True,72,A,establishment|hair_care|point_of_interest,25,C
Panambi,Salon de Belleza,General,Luque,,"Cerro Cora, Luque 2060, Paraguay",-25.2681332,-57.4899084,0971 321011,https://instagram.com/panambi_luque?igshid=dnVxNndoOWRhbzAw&utm_source=qr,5.0,11,True,72,A,beauty_salon|establishment|point_of_interest,25,C
Peluquería lo de Liz,Peluqueria,General,Luque,,"Juan de mena c/ lapacho Cerca de Ips, entre la escuela Amistad, Luque 110928, Paraguay",-25.2809721,-57.4816523,0991 541970,https://www.facebook.com/690153347753320/posts/pfbid02e1uu35fjUrE61YPTQF2cDyWkJz6iH8gTHQhzAGS8tNpKgJJnofWcULB1EMDvYV3Sl/,4.8,19,True,72,A,establishment|hair_care|point_of_interest,25,C
Centro de Belleza Jovita,Salon de Belleza,General,Asunción,,"República de Siria 480-407, Asunción 001208, Paraguay",-25.2853114,-57.6052153,0981 788845,https://wa.me/595981788845,5.0,18,True,72,A,beauty_salon|establishment|hair_care|point_of_interest,25,C
HAIR EXTENSIONES PY,Peluqueria,General,Asunción,,"Padre Albert Miguel Rigual Fernando de la Mora, Asunción 2300, Paraguay",-25.3233941,-57.5689809,0972 597503,,5.0,3,False,72,A,beauty_salon|establishment|point_of_interest,25,C
Rs colorista,Peluqueria,General,Asunción,,"Dr. Noguez y, Asunción 1524, Paraguay",-25.275449,-57.54961240000001,0984 458498,,5.0,3,False,72,A,establishment|hair_care|point_of_interest,25,C
CABALLEROS Peluqueria & Barberia,Peluqueria,General,Luque,,"Eugenio A. Garay 448, Luque 110932, Paraguay",-25.2733965,-57.4959258,0976 667545,https://instagram.com/caballerosbarberia_py?utm_medium=copy_link,5.0,12,True,72,A,establishment|point_of_interest,25,C
Tattoo Flash Studio,Tatuajes/Piercing,General,Asunción,,"Tte. 2do. Alejandro Monges, Asunción 001507, Paraguay",-25.2445596,-57.552426,0986 517485,,5.0,9,False,70,A,establishment|point_of_interest,25,C
Nails by ali,Uñas/Nails,Salon Uñas,Luque,,"2060, Luque 2060, Paraguay",-25.278356,-57.4638706,0985 152339,,5.0,7,False,70,A,beauty_salon|establishment|point_of_interest|spa,25,C
Mundo Cosmeticos,Estetica/Facial,Perfumeria,Luque,,"Cerro Cora 375, Luque 110921, Paraguay",-25.2684598,-57.48750150000001,0983 777946,,4.9,7,False,70,A,establishment|point_of_interest|store,25,C
Jordison Tattoo,Tatuajes/Piercing,General,Luque,,"Sgto. Joaquín Espinola, Luque 110925, Paraguay",-25.2782356,-57.4735567,0991 358166,,5.0,6,False,70,A,establishment|point_of_interest,25,C
A STUDIO FEMENINO MASCULINO,Peluqueria,General,Luque,,"Balneario Camboriú, Luque 110921, Paraguay",-25.2682387,-57.48369779999999,0992 986050,,5.0,4,False,72,A,establishment|hair_care|point_of_interest,25,C
SOFÍA MARTÍNEZ MAKEUP - Maquilladora en Asunción y Cursos de Maquillaje en Asuncion,Maquillaje,General,Asunción,,"Amancio Gonzalez 226 c, Asunción 1312, Paraguay",-25.3157446,-57.6111096,0983 111951,https://www.instagram.com/sofiamartinezmakeup/,5.0,29,True,70,A,beauty_salon|establishment|point_of_interest,25,C
Angélica Lugo Brows,Salon de Belleza,General,Luque,,"Primavera, Luque 110921, Paraguay",-25.2707842,-57.474794,0986 689669,,5.0,1,False,72,A,beauty_salon|establishment|point_of_interest,25,C
"Sabrina 'Estética y Salon de Belleza""",Salon de Belleza,General,Asunción,,"Ramona Martínez y, Asunción 001512, Paraguay",-25.244991,-57.5810176,0971 696154,,5.0,1,False,72,A,beauty_salon|establishment|point_of_interest|spa,25,C
Laser Esthetics,Depilacion,Depilacion Laser,Asunción,,"Gral. Eugenio Alejandrino Garay y, Asunción 001411, Paraguay",-25.2898845,-57.58278889999999,0982 670463,https://laseresthetics.com.py/,4.8,19,True,45,C,establishment|point_of_interest|store,25,C
Piel+Sana,Otros,General,Asunción,,"Av. Dr. Guido Boggiani, Asunción 001416, Paraguay",-25.2983097,-57.57553759999999,0991 228140,https://www.pielmassana.com.py/,4.9,20,True,50,B,establishment|point_of_interest|store,25,C
Sala De Juegos - Hotel Guarani,Otros,General,Asunción,,"Oliva 3107, Asunción 001101, Paraguay",-25.2839785,-57.6349576,0972 189001,http://fb.com/juegos.hotelguarani.py,4.3,46,True,47,C,casino|establishment|point_of_interest,25,C
Piercings para todos (PPT),Tatuajes/Piercing,Piercing Studio,Asunción,,"Veteranos De La Guerra Del Chaco 184 casi, Asunción 001428, Paraguay",-25.3184727,-57.5740596,0972 500393,,5.0,11,False,75,A,establishment|jewelry_store|point_of_interest|store,25,C
Lash Harmony Beauty Concept - Mburucuya,Salon de Belleza,General,Asunción,,"Av. Santísima Trinidad 1696, Asunción 1521, Paraguay",-25.2669762,-57.56737349999999,0982 608068,https://www.instagram.com/harmonypy/,5.0,5,True,67,B,beauty_salon|establishment|point_of_interest,25,C
Mooie Beauty,Salon de Belleza,General,Luque,,"PG88+RGP, Luque 110904, Paraguay",-25.2370394,-57.4780222,0986 420516,https://instagram.com/mooie_py?igshid=MWI4MTIyMDE=,4.8,6,True,67,B,beauty_salon|establishment|point_of_interest|spa,25,C
IR BARBER SUPPLY,Barberia,General,Luque,,"Iturbe, Luque 0000, Paraguay",-25.2671037,-57.48780619999999,0991 786403,,5.0,7,False,75,A,establishment|point_of_interest,25,C
Nails by Rosy✨,Uñas/Nails,Salon Uñas,Luque,,"2060, Luque 2060, Paraguay",-25.2523748,-57.4739503,0986 520980,,5.0,10,False,75,A,beauty_salon|establishment|point_of_interest,25,C
Asunción Makeup,Maquillaje,General,Asunción,,"Enrique Solano López 956, Asunción 001205, Paraguay",-25.2812351,-57.60238870000001,0981 525734,,4.8,12,False,75,A,beauty_salon|establishment|point_of_interest,25,C
La Pelu de Sil..,Peluqueria,General,Asunción,,"Silvio Baez esquina, Asunción 001502, Paraguay",-25.2317486,-57.5621257,0981 190843,,5.0,2,False,72,A,establishment|hair_care|point_of_interest,25,C
Belleza en Uñas - Magali Ocampo,Uñas/Nails,Salon Uñas,Asunción,,"Sta. Rosa casi, Asunción 001535, Paraguay",-25.2786787,-57.5892994,0984 539599,,5.0,13,False,75,A,beauty_salon|establishment|point_of_interest,25,C
MOMENT0 MIO,Salon de Belleza,General,Luque,,"Rosario ESQUINA, Luque 110920, Paraguay",-25.2581503,-57.4897885,0994 319999,,5.0,2,False,72,A,beauty_salon|establishment|point_of_interest,25,C
Po Renda Luque,Salon de Belleza,General,Luque,,"Valeriano Zeballos e, Cerro Cora, Luque 0921, Paraguay",-25.2673797,-57.4898974,0987 226138,,5.0,3,False,72,A,beauty_salon|establishment|hair_care|point_of_interest,25,C
Rumi Paniagua Salon,Salon de Belleza,General,Asunción,,"Teniente Héctor Vera &, PC6H+F5C, Av. Gral. José de San Martín, Asunción 001409, Paraguay",-25.2888138,-57.5721151,0971 644723,,5.0,4,False,72,A,beauty_salon|establishment|point_of_interest,25,C
Salón de belleza Nilda,Peluqueria,General,Luque,,"Cañada del Carmen, casi, Lapacho 499, Luque 2060, Paraguay",-25.2808662,-57.532462,0983 333164,,5.0,1,False,72,A,establishment|hair_care|point_of_interest,25,C
Peluquería Eva Dulce Tentación,Peluqueria,General,Luque,,"Iturbe 164, Luque 2060, Paraguay",-25.2664255,-57.48992019999999,0992 780844,https://www.facebook.com/DulceTentacion.SPAyPeluqueria,4.9,9,True,67,B,establishment|hair_care|point_of_interest,25,C
Fusión,Salon de Belleza,General,Asunción,,"Av Boulevard Esq, Asunción 001503, Paraguay",-25.2376103,-57.56726159999999,0986 827777,,5.0,1,False,72,A,beauty_salon|establishment|point_of_interest,25,C
La Pelu de Tanya,Peluqueria,General,Luque,,"Digno García, Luque 110924, Paraguay",-25.2737325,-57.4701044,0992 428666,https://www.instagram.com/lapeludetanya/profilecard/?igsh=c3U5M29ybzc1ejBx,4.8,11,True,72,A,establishment|hair_care|point_of_interest,25,C
La Pelu De Perli,Peluqueria,General,Luque,,"Sta. Helena, Luque 110941, Paraguay",-25.3001753,-57.5239331,0982 443331,https://instagram.com/lapeludeperli?utm_medium=copy_link,4.9,15,True,72,A,establishment|hair_care|point_of_interest,25,C
ALANA FLEITAS STUDIO SUC LUQUE,Salon de Belleza,General,Luque,,"Gral. Bernardino Caballero 14, Luque 110932, Paraguay",-25.2685932,-57.49353809999999,0986 842238,,5.0,9,False,77,A,beauty_salon|establishment|point_of_interest|spa,25,C
DAB Estética Integral,Salon de Belleza,General,Asunción,,"Teniente Ramón Zabala 343 casi Capitán Elias Ayala, Asunción 001526, Paraguay",-25.277858,-57.5584356,0981 531909,https://www.facebook.com/dabestetica/,4.9,26,True,77,A,beauty_salon|establishment|hair_care|point_of_interest|spa,25,C
Depibelha,Salon de Belleza,General,Asunción,,"Epifanio Mendez Fleitas, Asunción 001427, Paraguay",-25.3213021,-57.5695273,0984 522774,,4.8,5,False,77,A,beauty_salon|establishment|hair_care|point_of_interest,25,C
Blend Studio Nails,Uñas/Nails,Salon Uñas,Luque,,"546, Luque 110921, Paraguay",-25.2663457,-57.48706989999999,0984 491829,,5.0,2,False,65,B,beauty_salon|establishment|point_of_interest,25,C
La perla Salon,Salon de Belleza,General,Luque,,"Rojas Silva &, PGM7+WW3, Av. Corrales, Luque 110920, Paraguay",-25.2652366,-57.4852172,0972 611566,,5.0,5,False,77,A,beauty_salon|establishment|point_of_interest,25,C
Minina Nails & Co,Uñas/Nails,Salon Uñas,Asunción,,"Av. Dr. Fernando de la Mora, Asunción 001312, Paraguay",-25.323398,-57.6020127,0987 208271,,5.0,3,False,65,B,beauty_salon|establishment|point_of_interest,25,C
Zenjoy Piercing Studio,Tatuajes/Piercing,Piercing Studio,Asunción,,"PC5C+CR2, Senador Huey Pierce Long, Asunción 001411, Paraguay",-25.2914932,-57.5779892,0982 285552,,5.0,2,False,65,B,establishment|jewelry_store|point_of_interest|store,25,C
Andrea Nails,Uñas/Nails,Salon Uñas,Asunción,,"Av. Dr. Fernando de la Mora 2480, Asunción 001314, Paraguay",-25.3281003,-57.59529670000001,0961 536767,https://www.instagram.com/andreaa_nailsss?igsh=NHJqbnEyb20ydHZh,4.9,11,True,65,B,beauty_salon|establishment|point_of_interest,25,C
Studio Seven PY,Salon de Belleza,General,Asunción,,"Capitan Ruiz Diaz de Melgarejo, Asunción 001420, Paraguay",-25.3054972,-57.57955939999999,0974 198620,,5.0,9,False,77,A,beauty_salon|establishment|hair_care|point_of_interest,25,C
Mónica Torres Nails Artist,Uñas/Nails,Salon Uñas,Luque,,"110914, Luque 2060, Paraguay",-25.2525174,-57.4836443,0971 779103,,5.0,3,False,65,B,beauty_salon|establishment|point_of_interest,25,C
Barbería Arias,Barberia,General,Luque,,"Espinillo, la amistad casi, Luque 2060, Paraguay",-25.2500673,-57.48715459999999,0984 383948,,5.0,6,False,75,A,establishment|point_of_interest,25,C
Arita Nails,Uñas/Nails,Salon Uñas,Luque,,"Ykuaroty c, Luque 2060, Paraguay",-25.2450966,-57.49397260000001,0984 845441,,5.0,1,False,65,B,establishment|point_of_interest|spa,25,C
Divas Make up Luque,Maquillaje,General,Luque,,"PGH6+V7W, Javier Bogarin, Luque 110930, Paraguay",-25.270271,-57.4893015,0986 101523,,4.8,4,False,65,B,establishment|hair_care|point_of_interest,25,C
CHEPORÃ MULTIMARCAS & PELUQUERIA,Peluqueria,General,Asunción,,"Tte. Jose Felix Lopez 905 y, Asunción 001428, Paraguay",-25.3275316,-57.5749505,0992 819715,,4.9,19,False,82,A,clothing_store|establishment|point_of_interest|store,25,C
AG Sthetic Center,Uñas/Nails,General,Asunción,,"Arquitecto Miguel Angel Alfaro 227, Asunción 001521, Paraguay",-25.266187,-57.565192,0971 111636,https://www.instagram.com/ag.stheticcenter/,5.0,7,True,60,B,establishment|point_of_interest|store,25,C
KTBQ TATTOOS,Tatuajes/Piercing,General,Luque,,"Las Residentas, Luque 110925, Paraguay",-25.2832054,-57.467818,0984 600995,,4.9,27,False,80,A,establishment|point_of_interest,25,C
By Cami Cejas & Pestañas,Pestañas/Cejas,General,Luque,,"Iturbe, Luque 110921, Paraguay",-25.2664623,-57.48979059999999,0992 863964,,4.9,29,False,80,A,beauty_salon|establishment|point_of_interest,25,C
Luna Piercing,Tatuajes/Piercing,Piercing Studio,Asunción,,"Independencia Nacional 317, Asunción 001101, Paraguay",-25.2829097,-57.63386849999999,0994 202024,,5.0,3,False,65,B,establishment|point_of_interest|store,25,C
Depilación Delicada,Salon de Belleza,General,Luque,,"America, &, Luque 110918, Paraguay",-25.2642399,-57.4992935,0987 124397,,5.0,7,False,77,A,beauty_salon|establishment|point_of_interest,25,C
Diadema Salón,Salon de Belleza,General,Luque,,"Barrio Luqueño, Luque 110930, Paraguay",-25.2734826,-57.4900372,0992 430025,,5.0,8,False,77,A,beauty_salon|establishment|point_of_interest,25,C
Christian Amarilla Beauty Salón,Salon de Belleza,General,Luque,,"5864PFJP+FG, Luque 110934, Paraguay",-25.2687841,-57.5137745,0994 213563,http://wa.me/595995213563,5.0,29,True,77,A,beauty_salon|establishment|point_of_interest,25,C
Bethania Micropigmentacion Labial,Salon de Belleza,General,Luque,,"MG4F+WF8, Luque 110209, Paraguay",-25.3427149,-57.4762966,0994 671269,https://www.instagram.com/betaniamicropigmentacion_?igsh=Yzh2eGQ0YXBuaGRh,5.0,1,True,62,B,beauty_salon|establishment|point_of_interest,25,C
Claribel Nails Luque,Uñas/Nails,Salon Uñas,Luque,,"Tuyuti 17, entre Pilar y, Luque 110917, Paraguay",-25.2638537,-57.49977060000001,0986 783936,https://www.instagram.com/claribelnailspy?igsh=b2Q2NzViaWttYm9x,4.8,9,True,60,B,beauty_salon|establishment|point_of_interest,25,C
Coral Do Carmo - Salón de belleza,Peluqueria,General,Luque,,"Optaciano Carballo 00000, Luque 2003, Paraguay",-25.2623355,-57.48461969999999,0991 656671,https://instagram.com/_coralmakeup_?igshid=OGQ5ZDc2ODk2ZA==,5.0,3,True,62,B,establishment|hair_care|point_of_interest,25,C
Camila Salcedo Studio,Salon de Belleza,General,Asunción,,"Sgto Pedro Montes, Asunción 001507, Paraguay",-25.2436565,-57.54784350000001,0991 429473,https://www.instagram.com/camilasalcedostudio?igsh=MWFrOWlvbm85aWYzdQ==&utm_source=qr,5.0,2,True,62,B,beauty_salon|establishment|point_of_interest,25,C
Nanda Schadler Beauty,Salon de Belleza,General,Luque,,"Luque 110945, Paraguay",-25.288585,-57.50810180000001,0987 317911,https://www.instagram.com/nandaschadlerbeauty?igsh=MWhydHg5am5xanFwYg%3D%3D,5.0,2,True,62,B,beauty_salon|establishment|point_of_interest,25,C
Valuna Nails Bar Asunción,Uñas/Nails,Salon Uñas,Asunción,,"Gumersindo Sosa 495, Asunción 001407, Paraguay",-25.2962793,-57.5656907,0974 509999,,4.2,42,False,77,A,beauty_salon|establishment|point_of_interest,25,C
Centro Legrand - Medicina Estética,Otros,General,Asunción,,"Molas Lopez 1232, Asunción 001520, Paraguay",-25.2704166,-57.57215069999999,0985 135222,,3.7,7,False,63,B,establishment|health|point_of_interest,25,C
ROMI FIGUEREDO especialista en cejas y pestañas,Pestañas/Cejas,General,Luque,,"Sauce &, José Martí, Luque 110933, Paraguay",-25.2698691,-57.5051457,0991 609753,,5.0,2,False,65,B,beauty_salon|establishment|point_of_interest,25,C
"Lo quiero, lo compro! Tienda de pelucas, coletas y extensiones",Peluqueria,General,Asunción,,"M9WJ+94M, Guarania, Asunción 001236, Paraguay",-25.3040398,-57.6196942,0984 297022,,4.9,11,False,82,A,establishment|point_of_interest|store,25,C
Italo cosméticos Luque,Otros,General,Luque,,"Cap. Andres Insfran, Luque 110943, Paraguay",-25.2955664,-57.5025108,0983 438870,https://www.instagram.com/italocosmeticos_luque?igsh=MWxreHp4cHk0dWM3bw==,5.0,6,True,60,B,establishment|point_of_interest|store,25,C
Mburukuja Belleza Guaraní,Peluqueria,General,Asunción,,"Santa Lucía &, Cesar Lopez Moreira, Asunción 001527, Paraguay",-25.2782983,-57.56827449999999,0985 416666,,4.8,12,False,82,A,establishment|hair_care|point_of_interest,25,C
LA PELU DE LAURA,Peluqueria,General,Luque,,"PFMX+8HM, Sportivo Luqueño, Luque 110933, Paraguay",-25.2666654,-57.5010715,0981 723710,,3.8,23,False,80,A,establishment|hair_care|health|point_of_interest,25,C
Rivals Barbershop,Barberia,General,Luque,,"PGG7+4CH, Luque 110931, Paraguay",-25.274681,-57.4863866,0971 226015,https://www.instagram.com/rivals_barbershop?igsh=dm8wM3M0MjZ6OGl0&utm_source=qr,5.0,2,True,60,B,establishment|hair_care|point_of_interest,25,C
Ares Studio,Otros,General,Asunción,,"Herrera 692, Asunción 001101, Paraguay",-25.287842,-57.6310344,0987 145000,,5.0,21,False,80,A,establishment|point_of_interest,25,C
A TU GUSTO makeup,Maquillaje,General,Asunción,,"Sargento Silva 817 1840, Asunción 001405, Paraguay",-25.2992706,-57.55363860000001,0984 111107,https://instagram.com/atugusto_py?igshid=kbxez5qnc3xg,5.0,5,True,60,B,establishment|point_of_interest|store,25,C
La Pelu de Ali y Lauri,Peluqueria,General,Luque,,"Rosario, Luque 110903, Paraguay",-25.2438629,-57.47968249999999,0981 188693,,5.0,16,False,82,A,establishment|hair_care|point_of_interest,25,C
Isaacostanailsybeauty,Uñas/Nails,Salon Uñas,Asunción,,"Ruta transchaco, Teniente Villalba casi, Asunción 001510, Paraguay",-25.2502231,-57.55405219999999,0992 338628,https://wa.me/message/KLCNF3GY4LP7J1,4.9,11,True,65,B,beauty_salon|establishment|point_of_interest,25,C
Miss Pestañas Asuncion,Uñas/Nails,General,Asunción,,"Gral. Bruguez esq, Teodoro S. Mongelós 1984, Asunción 001225, Paraguay",-25.2979442,-57.6186099,0994 713123,,4.3,39,False,77,A,beauty_salon|establishment|hair_care|point_of_interest,25,C
Black cobra tattoo estudio,Tatuajes/Piercing,General,Luque,,"Luis Alberto de Herrera 75, Luque 110932, Paraguay",-25.2673292,-57.49642890000001,0984 521414,,5.0,3,False,65,B,establishment|point_of_interest|store,25,C
LUXURY NAILS STUDIO,Uñas/Nails,Salon Uñas,Luque,,"Héroes del Chaco, Luque 110930, Paraguay",-25.273151,-57.48686679999999,0983 445177,,5.0,4,False,65,B,beauty_salon|establishment|point_of_interest,25,C
Nijes salón,Salon de Belleza,General,Luque,,"Mcal. Estigarribia, Luque 110920, Paraguay",-25.2611403,-57.4864177,0981 818093,,5.0,8,False,77,A,beauty_salon|establishment|point_of_interest,25,C
Andre Nails,Uñas/Nails,Salon Uñas,Luque,,"PG2R+8HX, Luque 110954, Paraguay",-25.2991472,-57.45851019999999,0991 893067,,5.0,4,False,65,B,beauty_salon|establishment|point_of_interest,25,C
Ariadne Nails,Uñas/Nails,Salon Uñas,Luque,,"QG39+C6J, Rosario, Luque 110914, Paraguay",-25.2464055,-57.48194969999999,0986 372856,,5.0,1,False,65,B,beauty_salon|establishment|point_of_interest,25,C
Vanette Nails&coffee,Uñas/Nails,Salon Uñas,Luque,,"Ladislao Orrego entre, Av. Gral. Aquino y, Luque 110934, Paraguay",-25.2645224,-57.510318,0972 757297,https://www.instagram.com/vanettenails?igsh=MTJmemU0ZzZ0cThxcw==,5.0,13,True,65,B,beauty_salon|cafe|establishment|food|point_of_interest|store,25,C
ViaLaser San Vicente,Depilacion,Depilacion Laser,Asunción,,"entre Japón y teniente davalos, Av. José Felix Bogado, Asunción 001302, Paraguay",-25.3200697,-57.62925389999999,(021) 728 9303,https://www.vialaserdepilacion.com.py/,3.0,2,True,25,D,beauty_salon|establishment|hair_care|health|point_of_interest,25,C
Thebarber rey,Barberia,General,Asunción,,"Asunción 110201, Paraguay",-25.4208033,-57.4430885,0986 487535,https://www.instagram.com/thebarber_rey_?igsh=MTE1andpYzZjZTZtaA==,0.0,0,True,45,C,establishment|hair_care|health|point_of_interest,25,C
Vialaser,Depilacion,Depilacion Laser,Asunción,,"Av. Eusebio Ayala 4501, Asunción 001419, Paraguay",-25.3166268,-57.57079400000001,(021) 728 9303,https://vialaserdepilacion.com.py/,1.9,9,True,25,D,beauty_salon|establishment|hair_care|health|point_of_interest,25,C
Nails Lujan,Uñas/Nails,Salon Uñas,Luque,,"Entre Iturbe e, Azara 2060, Luque 110921, Paraguay",-25.2668049,-57.48660820000001,0976 909821,https://www.instagram.com/nailslujan2024?igsh=ZTNscHVmbmcybXJk,5.0,4,True,55,B,beauty_salon|establishment|point_of_interest,25,C
TINA,Salon de Belleza,General,Asunción,,"Tte. Gregorio Villalba, Asunción 001509, Paraguay",-25.2562575,-57.55345729999999,0982 560660,https://www.linktr.ee/tinapy,4.9,12,True,52,B,beauty_salon|establishment|hair_care|point_of_interest,25,C
Studio Única Central,Salon de Belleza,General,Asunción,,"25 de Mayo 3870, Asunción 001229, Paraguay",-25.3003515,-57.5980555,0983 380878,http://www.studiounica.com.py/,5.0,11,True,52,B,beauty_salon|establishment|point_of_interest,25,C
Diana Apodaca Studio,Peluqueria,General,Asunción,,"Teniente Primero Dr. Vicente Oddone, Asunción 001527, Paraguay",-25.2809746,-57.5627022,0994 744321,https://bio.site/diapodaca?fbclid=PAAaYxXTc3t5Rt_dKEE6femuSDSmmqbwq7knJdHt5b_ENG1WDOxpHSrOwMcso_aem_Af3ahXth4gmK5IL2HPapkgSzwa9KjZQGBtRfsLJh8n1iD6v_bcfNYhlSZBbXvxg8kvU,4.8,17,True,52,B,establishment|hair_care|point_of_interest,25,C
BARBERÍA 23 💈,Barberia,General,Luque,,"Ykua karanda y, Luque 2306, Paraguay",-25.2485423,-57.49077339999999,0981 916511,,0.0,0,False,55,B,establishment|hair_care|health|point_of_interest,25,C
Beauty Studio,Peluqueria,General,Asunción,,"PF23+WHQ, Av. Santa Teresa, Asunción 001403, Paraguay",-25.2976054,-57.5460484,0994 504504,,5.0,22,False,87,A,establishment|hair_care|point_of_interest,25,C
Cinthia coiffure,Salon de Belleza,General,Luque,,"Balneario Camboriú, Luque 110921, Paraguay",-25.268474,-57.48375709999999,0971 133074,,4.9,17,False,82,A,beauty_salon|establishment|point_of_interest,25,C
AR IL Salone,Salon de Belleza,General,Luque,,"Luque 110949, Paraguay",-25.3015189,-57.49125609999999,0971 564018,,4.9,14,False,82,A,establishment|hair_care|point_of_interest,25,C
Lu Caballero Skin Estudio,Salon de Belleza,General,Luque,,"PGC8+7C3, Lapacho, Luque 110928, Paraguay",-25.2795508,-57.48386139999999,0983 900992,,5.0,18,False,82,A,beauty_salon|establishment|hair_care|point_of_interest|spa,25,C
Clínica De Estética Integral Beauty & Relax,Otros,General,Asunción,,"Av. Dr. Guido Boggiani 5976, Asunción 001416, Paraguay",-25.2996031,-57.5712145,(021) 604 537,,3.7,3,False,58,B,doctor|establishment|health|point_of_interest,25,C
Peluquería barbería Silver,Peluqueria,General,Asunción,,"Julio Correa 297, Asunción 001520, Paraguay",-25.2727716,-57.5657876,0981 704966,,0.0,0,False,57,B,establishment|hair_care|health|point_of_interest,25,C
Good family tattoo py,Tatuajes/Piercing,General,Luque,,"America, Luque 110916, Paraguay",-25.2501167,-57.50281449999999,0983 179687,https://instagram.com/goodfamilytattoo.py?igshid=YmMyMTA2M2Y=,5.0,5,True,60,B,establishment|point_of_interest|store,25,C
Calavera tattoo studio Py,Tatuajes/Piercing,Tattoo Studio,Asunción,,"Carandayty, P92P+M65, &, Asunción 001226, Paraguay",-25.29836,-57.61438939999999,0981 769658,https://www.instagram.com/calaveratattoostudio_py?igsh=MXJnbmZ6MGl2cTRjag==,5.0,9,True,60,B,establishment|point_of_interest,25,C
Need A Piercing,Tatuajes/Piercing,Piercing Studio,Asunción,,"Adriana, Dr. Eduardo López Moreira, Asunción 001413, Paraguay",-25.2992325,-57.58695229999999,0973 593200,http://instagram.com/needapiercing,5.0,3,True,55,B,establishment|point_of_interest,25,C
VAVA Tattoo,Tatuajes/Piercing,General,Asunción,,"Juan S Bogarin 657, Asunción 1417, Paraguay",-25.2973905,-57.5851854,0984 240800,http://instagram.com/vavatattoo__,5.0,3,True,55,B,cafe|establishment|food|point_of_interest|store,25,C
Bonita Express Salón de Belleza,Peluqueria,General,Asunción,,"Teniente, Tte. 1ro. Julián A. Riquelme casi, Asunción 1312, Paraguay",-25.3107819,-57.600674,0982 620611,,5.0,10,False,82,A,establishment|hair_care|point_of_interest,25,C
"Peluqueria ""solis""",Peluqueria,General,Asunción,,"Asunción 001532, Paraguay",-25.2606792,-57.5813442,0985 850376,,5.0,16,False,82,A,establishment|hair_care|point_of_interest,25,C
Lapa Piercing,Tatuajes/Piercing,Piercing Studio,Asunción,Caacupe Mi,"QFG5+MC6, General Eugenio Alejandrino Garay, Asunción 111018, Paraguay",-25.2233354,-57.54149949999999,0983 683372,https://www.instagram.com/lapapiercing_?igsh=emcxZHpiY2Ewbjho,5.0,1,True,55,B,establishment|point_of_interest|store,25,C
Gloom. | Estudio Privado de Tatuaje|,Tatuajes/Piercing,General,Luque,,"Arsenio Erico, Luque 2060, Paraguay",-25.2834368,-57.4947023,0987 194494,https://wa.me/595987194494,5.0,3,True,55,B,establishment|point_of_interest,25,C
Yinde Glam,Salon de Belleza,General,Asunción,,"Carlos Alberto Gómez, Asunción 001519, Paraguay",-25.2572677,-57.5710717,0982 288191,,5.0,12,False,82,A,beauty_salon|establishment|point_of_interest,25,C
Vianconi Nails Py,Uñas/Nails,Salon Uñas,Asunción,,"25 De Mayo, &, Asunción 001228, Paraguay",-25.2977519,-57.6052719,0983 189005,https://instagram.com/vianconi.py?igshid=OGQ5ZDc2ODk2ZA==,5.0,2,True,55,B,beauty_salon|establishment|point_of_interest,25,C
NAILS DC,Uñas/Nails,Salon Uñas,Luque,,"c/ Divino niño jesus, Ranulfo A. Gill, Luque 2060, Paraguay",-25.2774504,-57.4682608,0981 676232,https://instagram.com/nails_dannacarvallo?igshid=YmMyMTA2M2Y=,5.0,2,True,55,B,beauty_salon|establishment|point_of_interest,25,C
Tu Láser Depilación,Salon de Belleza,General,Luque,,"Avenida General Aquino &, PFMV+W3X, Tte. Rivas, Luque 110934, Paraguay",-25.2651397,-57.50725999999999,0985 416797,https://instagram.com/tulaserdepilacion,3.7,3,True,55,B,beauty_salon|establishment|hair_care|health|point_of_interest,25,C
RAFA’S barberia,Barberia,General,Luque,,"Luque 110921, Paraguay",-25.265465,-57.48463510000001,0992 258509,,0.0,0,False,55,B,establishment|hair_care|health|point_of_interest,25,C
Turcott Studio - Tattoo & Body Piercing,Tatuajes/Piercing,Tattoo Studio,Asunción,,"Sebastián Elcano 1855, Asunción 001237, Paraguay",-25.3122183,-57.6192204,0981 502520,https://www.instagram.com/turcott.ink/,5.0,2,True,55,B,establishment|point_of_interest,25,C
Studio bon,Salon de Belleza,General,Luque,,"Mompox, Luque 110921, Paraguay",-25.2669999,-57.4840168,0985 633650,,4.9,15,False,82,A,beauty_salon|establishment|point_of_interest,25,C
Rachel Hair Stylist.. by Nails,Peluqueria,Salon Uñas,Asunción,,"Maximo Arellano &, Calle 14 7050, Asunción 001502, Paraguay",-25.2297743,-57.5622244,0971 220582,,4.9,10,False,82,A,beauty_salon|establishment|point_of_interest,25,C
Skin Solutions,Salon de Belleza,General,Asunción,,"Dr. Teodoro Rojas 635 Casi, Asunción 1147, Paraguay",-25.2546788,-57.58021739999999,0985 460765,,4.8,16,False,82,A,beauty_salon|establishment|point_of_interest|spa,25,C
Salon de Belleza G.M.,Salon de Belleza,General,Luque,,"Las Residentas 173, Luque 110929, Paraguay",-25.2727224,-57.4842372,0991 582220,,4.9,17,False,82,A,establishment|hair_care|point_of_interest,25,C
Tu Imagen Salón de Belleza,Peluqueria,General,Luque,,"PFCR+HC3, Agustín Barrios, Luque 110936, Paraguay",-25.2786153,-57.5089663,0984 776901,,5.0,23,False,87,A,establishment|hair_care|point_of_interest,25,C
Salón JR Peluquería Unisex.. academia formando estilistas,Peluqueria,General,Luque,,"San AntonioII- Manzana 1 Lote 9, Luque 5959, Paraguay",-25.2482415,-57.45165609999999,0982 645722,,5.0,26,False,87,A,establishment|hair_care|point_of_interest,25,C
Julia Ruiz Beauty Center,Salon de Belleza,General,Asunción,,"Eusebio Lillo Robles 3063, Asunción 1026, Paraguay",-25.2931667,-57.5542124,0985 300814,,4.9,28,False,87,A,beauty_salon|establishment|point_of_interest,25,C
KS make up studio,Maquillaje,General,Luque,,"C. Coronel Martínez, Luque 110930, Paraguay",-25.274356,-57.48646789999999,0971 651821,https://linktr.ee/ksmakeuppy,5.0,15,True,45,C,beauty_salon|establishment|point_of_interest,25,C
Cool Siluet Universe (Carmelitas),Otros,General,Asunción,,"Senador Long 508 esquina Moisés Bertoni, Paseo Esperanza - Local 4., Senador Huey Pierce Long 508, Asunción 001411, Paraguay",-25.2908763,-57.57751349999999,0984 396990,,0.0,0,False,50,B,establishment|health|point_of_interest,25,C
Madú Beauty Bar - Central,Salon de Belleza,General,Asunción,,"Santisimo Sacramento casi, Asunción 001534, Paraguay",-25.2810787,-57.58725009999999,0984 702022,,4.9,23,False,87,A,beauty_salon|establishment|point_of_interest,25,C
Moza makeup,Maquillaje,General,Asunción,,"Facundo Machain, Asunción 001415, Paraguay",-25.3060966,-57.5815189,0986 750019,http://www.moza.com.py/,4.9,23,True,50,B,establishment|point_of_interest|store,25,C
PIEL DE SEDA spa y salon,Salon de Belleza,Spa,Luque,,"Carlos Antonio López 157, Luque 110930, Paraguay",-25.2694937,-57.4917179,0994 269630,,4.8,22,False,87,A,establishment|point_of_interest|spa,25,C
Haven Salón de Belleza Carmelitas,Salon de Belleza,General,Asunción,,"San Rafael 428, Asunción 001529, Paraguay",-25.2844215,-57.57471579999999,0993 583959,https://linktr.ee/havensalondebelleza.py,4.9,14,True,52,B,beauty_salon|establishment|hair_care|point_of_interest,25,C
LVA Rubiani,Salon de Belleza,General,Luque,,"Lapachal 1, Luque 110929, Paraguay",-25.2750724,-57.4772469,0991 369805,,5.0,25,False,87,A,beauty_salon|establishment|point_of_interest,25,C
Dra. Agustina Gonzalez,Salon de Belleza,General,Asunción,,"Ing. Prof. Nicolás Krisvoschein, Asunción 001520, Paraguay",-25.2696473,-57.5649745,0971 614156,https://agustinagonzalez.com.py/,5.0,12,True,52,B,beauty_salon|establishment|point_of_interest,25,C
"INA STYLE REVITA - Pelucas, cortinas, extensiones, toppers",Peluqueria,General,Asunción,,"Avenida Artigas 1513 esq, Asunción 001202, Paraguay",-25.2732659,-57.607515,0981 344295,,5.0,20,False,87,A,establishment|hair_care|point_of_interest,25,C
MC Microstetic,Otros,General,Asunción,,"Bomberos Voluntarios 937 c/ Herminio Gimenez, Asunción 001228, Paraguay",-25.3019052,-57.6083142,0985 134063,,4.5,16,False,75,A,establishment|point_of_interest,20,C
Lu Almada Nails Mburukuya,Uñas/Nails,Salon Uñas,Asunción,,"Julio Correa 969, Asunción 1521, Paraguay",-25.266999,-57.5616826,0981 715140,https://www.instagram.com/lualmadanails/?hl=es,4.5,27,True,70,A,establishment|point_of_interest|spa,20,C
Kaori Ortega Professional Makeup,Maquillaje,General,Luque,,"Av. Nanawa, esq/ ytayvate, PF8J+26G, Luque 110939, Paraguay",-25.284925,-57.51941049999999,0972 717785,https://www.instagram.com/kaoriortegamakeup_/,4.7,24,True,70,A,establishment|point_of_interest,20,C
SUMMUM HAIR (LA PELU DE MONTSE),Peluqueria,General,Asunción,,"Milano, Asunción, casi, México 445, Asunción 001103, Paraguay",-25.2939201,-57.63735190000001,0981 502305,https://instagram.com/summumhair?igshid=YmMyMTA2M2Y=,4.5,21,True,77,A,establishment|hair_care|point_of_interest,20,C
Dahiana Carreras Makeup & Beauty,Maquillaje,General,Asunción,,"Domingo Portillo 1360, Asunción 001520, Paraguay",-25.2717064,-57.5656709,0984 982000,,4.6,25,False,80,A,establishment|point_of_interest,20,C
Peluquería-BEATRIZ,Peluqueria,General,Luque,,"2060, Luque 2060, Paraguay",-25.2548065,-57.4989777,0991 357512,,4.7,18,False,82,A,establishment|hair_care|point_of_interest,20,C
COSMETICLAND Paraguay,Estetica/Facial,General,Asunción,,"Duplex 1. SIN CARTEL, Mayor Agileo casi, Asunción 001418, Paraguay",-25.3107642,-57.56036229999999,0983 577336,,4.5,28,False,80,A,establishment|point_of_interest,20,C
Belissima,Peluqueria,General,Luque,,"110919, Villa Oliva, Luque 110919, Paraguay",-25.2562401,-57.49259429999999,0991 909678,,4.7,7,False,77,A,establishment|hair_care|point_of_interest,20,C
ANIMA Lash • Brows • Beauty,Salon de Belleza,General,Luque,,"PFMQ+3CQ, Tomas Herrera, Luque 110934, Paraguay",-25.2672676,-57.51137119999999,0981 273374,,4.7,7,False,77,A,beauty_salon|establishment|point_of_interest,20,C
Estetica y Belleza,Estetica/Facial,General,Luque,,"PGR9+FP7, Luque 110913, Paraguay",-25.2588262,-57.4807063,0961 806389,,4.5,14,False,75,A,beauty_salon|establishment|point_of_interest,20,C
BARBERIA STUDIO 21,Barberia,General,Luque,,"Campo Vía, Luque 110948, Paraguay",-25.2869666,-57.4926443,0992 721734,https://www.instagram.com/studio21.py?igsh=MXZqcHJwcnk4OGpidA==,4.5,8,True,65,B,establishment|point_of_interest|store,20,C
Samir Bughdadi Tattoo Gallery,Tatuajes/Piercing,General,Asunción,,"Malutin, Asunción 001411, Paraguay",-25.287667,-57.5780041,0986 108144,https://instagram.com/sb.tattoogallery?igshid=YmMyMTA2M2Y=,4.7,14,True,65,B,establishment|point_of_interest|store,20,C
Verde Manzana Coiffure By Sil Gonzalez,Peluqueria,General,Luque,,"Javier Bogarin 473, Luque 110930, Paraguay",-25.2743024,-57.4901114,0981 721419,,4.7,19,False,82,A,establishment|hair_care|point_of_interest,20,C
Salón de Belleza Diana Soledad Ojeda,Salon de Belleza,General,Luque,,"14 De Mayo N° 360 c, Luque 110930, Paraguay",-25.2698923,-57.488334,0984 773896,,4.5,15,False,82,A,beauty_salon|establishment|point_of_interest,20,C
Rosa Flores,Salon de Belleza,General,Luque,,"Rosario casi, Luque 110920, Paraguay",-25.2608869,-57.49066579999999,0984 560381,,4.6,15,False,82,A,beauty_salon|establishment|point_of_interest,20,C
Opalo Makeup Store Villa Morra,Maquillaje,General,Asunción,,"Avda. Mcal. Lopez, Charles De Gaulle, Asunción 001412, Paraguay",-25.2941859,-57.58034519999999,0986 777871,https://www.facebook.com/opalomakeupstore/,4.7,3,True,55,B,establishment|point_of_interest|store,20,C
Estética Gloria Benitez,Salon de Belleza,General,Asunción,,"Ri 3 Corrales 4195 c, Asunción 1001, Paraguay",-25.3149406,-57.57788120000001,0972 459040,,4.5,21,False,87,A,beauty_salon|establishment|point_of_interest|spa,20,C
Joseph Coiffure - Plaza Madero,Salon de Belleza,General,Luque,,"Autop. Silvio Pettirossi, Luque 2060, Paraguay",-25.2552996,-57.5126273,0981 083266,http://www.joseph.com.py/,3.9,47,True,50,B,beauty_salon|establishment|point_of_interest,20,C
Oscar Ullon - Experto en coloración,Peluqueria,General,Asunción,,"Prof. Antonio González Rioboo 737, Asunción 001412, Paraguay",-25.2942673,-57.59324470000001,0991 386454,,4.5,21,False,87,A,beauty_salon|establishment|point_of_interest,20,C
Oscar Miers Style,Peluqueria,General,Asunción,,"José Asunción Flores 3376, Asunción 001230, Paraguay",-25.3046028,-57.60639159999999,0972 479414,,4.7,24,False,87,A,establishment|hair_care|point_of_interest,20,C
